"e94e49f7-552f-4d31-8833-57a70e86a3be","143698678"
"dd1e987e-ff15-4ab8-818a-73bda4765a34","2282051693"
"340053a6-309a-4d5f-8d8c-11daa74650ac","33616170"
"4fa528e9-1a84-426b-845f-3890a58513e0","2282214985"
"ab2d9633-d9ef-419f-8446-9314f683454f","2203699000"
"fcafacb0-b649-4365-9620-3d1b1ccd5e40","2145335126"
"d9a5cb96-b2a7-48e4-8991-646954ceb274","2059870077"
"f0177922-b0f1-4cac-9331-1de4bf53f55d","2279924153"
"19feea36-3840-4a66-b95f-d939635c4345","2259354453"
"7a882959-d005-4768-bd87-f5851add9f56","2240522089"
"03a55507-816f-4127-a8b9-7eeeba1b660b","2185415724"
"293c425c-4837-472a-8da7-eb2aae66e916","2264189628"
"7b309fc4-b0a8-4497-a06d-3cfb4caffc71","2238180276"
"7a3c8f2d-2cbb-47b4-810f-93978822cf4e","2222480155"
"fffb9dc1-921c-4642-8f30-4395e8058994","2239911455"
"8ad1a2e4-0f5e-46fa-875f-afb9ba54d7e2","2239880262"
"2f6cc647-8602-475c-aea9-867b58099bf4","2257049747"
"192c287e-46c1-4fb5-b6e2-d9379c4d507f","2105728660"
"ab2d9633-d9ef-419f-8446-9314f683454f","2257983155"
"02fdb1cd-b2e6-45aa-878e-22c1f96b1313","2158815690"
"f49b8cb8-b255-4d62-ac6e-487b8ff85ba6","2223911908"
"f46655f6-88c9-4ab6-b00b-3a533e3a112f","2164793689"
"016a6c21-9366-4119-91fd-136dbca5cc7d","144394831"
"02a58a34-940b-490a-b140-a919787ac458","98885828"
"7a072ec1-f0db-40f2-904e-49810b17ae57","143871306"
"ab6d2d27-b94c-4347-bce0-ddc57e4c2970","102398892"
"61de8880-351d-47df-9acc-aefc77feef2e","153240382"
"8eabf4f7-e060-4104-a357-0ce9ff31b093","47196569"
"3ce1a81e-3118-411f-9505-e10e98a1d107","1398772532"
"fb079ea9-9d94-491a-b2a6-3a4f84fee40b","2172712004"
"bda15a34-2c3e-44db-ade7-46fa07e618ff","2172703410"
"2edf7a13-fd03-4453-a211-225a3bb0d86d","2750363"
"f4542653-2fa2-454c-9ad2-c9ab6eead9d1","1787895"
"b54f41af-dfc4-4abd-b49d-11e211be2847","94017436"
"f319aa1d-5ec9-4b2e-96e2-d85751d25fc0","2192906891"
"fb238266-15df-4be4-9e28-0a6b132399a5","144948437"
"188d7cc2-762b-47ec-9a01-5690cf4dbf33","2212327760"
"fb6d9b95-aecb-47d9-b54b-da0ad012bf77","2184158840"
"6da2b771-9652-48f1-bd75-93b370bdd44c","2146315522"
"97a542c4-2b75-4a6e-9489-f4dfc4e5c503","72186446"
"f18f0275-b0a5-4bf1-8cd1-083db04e6d61","1401688552"
"09a94eff-601f-418a-b740-e3a66bad8428","2056671227"
"fc2e500b-fd30-4d28-a0c8-e9b4a2f84445","2067240"
"be1f564a-7314-4a65-a019-cee6dac84e45","2170915229"
"48bf48e2-58f3-4ced-8176-d3ca57f0dd8d","2079473"
"ec528b62-7f27-4857-9b09-120b01167135","2202448985"
"1a69563f-579d-4371-9ba8-d1699f032f4b","50270715"
"7f2619ca-09ec-4f8f-a41d-400c5bb1a0c3","2108455887"
"4c8b6d21-ffcb-4829-955a-da6d7ec9cfdd","22615757"
"a508bc12-c5f0-45ba-abbd-85cc3f6e850f","2161240727"
"7cc6ece8-2d5e-4369-8a32-d2e93222b569","94875719"
"627f6e06-2df5-4651-99a6-d60304942581","143795783"
"fd98ecfa-cbc0-4d8e-9ecd-2048837453b1","1766413"
"1c91ce4a-1559-45d8-96b4-b55e0e9eb8d2","2077455631"
"52e92096-4013-4a3f-b0c0-6342290b354b","49998719"
"fbc52fa7-25be-4063-b74d-ff4e6503a5cc","2109248580"
"269fd362-891e-462b-8947-ec9de7588569","3836512"
"d651c4ce-1745-481d-958b-0a96c2763c8b","40916698"
"c7476097-26bc-4ffb-9c9f-f50e19dd7f14","2118665808"
"b4640b82-68bf-44a3-b0fe-fdaf6aa4d832","2158490335"
"39c67eda-0902-4094-a1c6-56e7354153e3","145162604"
"af2a802e-287a-4c25-a5b8-4cbf7fbe93cb","1398683618"
"5f9f60a7-e94e-4106-99e0-79e45bc5cdb6","1443616254"
"fb6d9b95-aecb-47d9-b54b-da0ad012bf77","2153603477"
"274ce9e3-b35d-41b9-b149-bfbc926e6b5a","36001358"
"7f4461ad-9916-411d-ba6d-1b0478007a86","152342443"
"13d16767-3b9d-4379-a81c-2027de0d5ea0","30869110"
"c8dfce67-9e52-4c00-837f-8281b75284da","2066371180"
"70729b5e-34b2-431f-ad9f-7cd46a03ba48","50219447"
"3dfab764-7cdf-4dda-98ed-9b5d7fa26f5a","143878947"
"19065db1-3637-46d5-8314-910bc2164f9c","2163586490"
"d3e82476-5533-4994-9216-6280f7ace7fc","51219725"
"9b8b5773-25fb-4d9f-9ca5-c5b85e40b48e","1740591"
"fff10a23-d94c-47a7-a5eb-4e37ded32366","2054039112"
"b1602802-56e3-4c9f-9052-b5f31d85d8c0","96606572"
"befe2e3b-7024-4098-9f60-368955993820","1395912337"
"260ee7e1-38d9-44a5-a357-1e7cf894b9d9","2115475292"
"340053a6-309a-4d5f-8d8c-11daa74650ac","40501005"
"188d7cc2-762b-47ec-9a01-5690cf4dbf33","1993674"
"978b4853-0a26-4abd-8763-d83dec854504","3331887"
"c637d250-6b11-4c89-91e9-2f6c9b326509","2073994643"
"e9693d05-7001-44cb-82d4-9d1e5a2478aa","1403528396"
"634c56eb-400d-4b8f-b4ef-0428509fbb42","67102594"
"1153467c-2c65-4271-91d8-79f7bdd71040","2109758693"
"a2016e88-ac22-41a1-b325-86d5e253dd46","2148696120"
"63317bf2-4ca6-4a52-aea3-03d3308e2f54","2132336558"
"db3f7a98-fa0d-46a4-92c2-02bbbba1cd9b","2149780975"
"780b8ee0-5f99-407f-8fca-da99a6ad85d2","2148699748"
"a14f7873-1b8d-4370-a039-410714db8ad9","2141643243"
"b9e8587d-d041-4838-b016-a1d6be503d92","1830123"
"ae9f9c5c-80f9-41a0-a0b3-76b15c399262","1379868464"
"cea635f2-2837-439e-a9e1-134ae284a754","3196028"
"ca3a6cb2-e2c4-4e44-8312-eecd5a436607","6649345"
"8c7a6089-1a75-4870-83c7-6f2faf175530","2111552091"
"238a6ace-a773-40e8-9fc3-55fd000a0a55","32983409"
"84248959-e328-466b-94fc-e64a88abd08d","3282704"
"b03c5f4d-0c56-46ac-973d-402dffdbed21","152226299"
"42b5331d-5073-4eea-967b-b9f8166892f2","12918545"
"88495b89-b23c-488f-88d4-ec3b1d79b606","2070695860"
"7524f047-427f-4607-b1dd-33ade33ce886","46758732"
"c0dc85f4-a4ed-45bd-8a37-b96e870bd355","1557391337"
"079ee7ce-6d32-4d6c-b192-1ca4f26f9a40","2108612824"
"59952e84-4195-4018-9c1c-adb8535a3a73","3208095"
"89ce5aee-60b3-4568-bd62-6e67029e1d8c","2115345975"
"d50c390d-43f5-4ec3-b4d4-30488f7d6e16","7530354"
"d0e7e883-63e1-410a-880f-f9d4f7394bb1","2985826"
"908574d1-0636-47ec-b987-0ec848c597ce","2145503"
"e31bf88d-c3b7-4dbe-95b0-5fe745a4b67b","9215566"
"d5af0e14-3707-4d84-abae-bd66d102fe33","145281166"
"98a6803c-053a-43d6-a6cb-608bcbe8bb2e","1682905"
"a3e71457-68de-4093-8e1f-c14d08d52183","153549952"
"1a6c3b45-c193-4a51-b9c4-bc292c24c7ce","26925452"
"fd9e07fd-eb8d-42f5-a064-869c98da03bf","39907479"
"67e2f41e-eadb-46ad-82e4-d11b5f1da63e","119885958"
"515557a6-8b62-468a-bb7a-9a4cc67f1ad3","47995557"
"31f03101-d629-4226-9a04-3e41ad22fd9e","40845045"
"50914d9a-48fe-43d9-bf43-a92da5a6cf14","32526897"
"4d54921c-a91d-4bd7-b03d-1efb8a1ebfb2","3027191"
"b3046058-cac3-4ee9-9fba-9e374b2c4680","72817276"
"29a8df78-c984-4617-a01d-6373f063dd16","2009374408"
"6df123c6-7a71-4b48-bbda-4e0063aabb94","144649151"
"685517cd-0024-4e00-8661-057106e5d570","46247977"
"3f77a45d-58b4-4ea9-8011-60e10599d6e4","46569746"
"5ee89a67-abba-4758-b3ca-59cbe322f656","8863492"
"9b531ee3-2127-4395-9b30-39e22622d657","31716489"
"64731720-471e-4087-b548-03299d06dde4","70439752"
"c067c0ef-0637-4d3e-a856-a4cf4c4c44cb","2969064"
"37bf04a2-d989-4ace-9484-1a6be79b2483","4630847"
"cac9ea4f-8959-450a-b867-7780a8d64328","48717115"
"8fd589ea-660e-4e8f-8964-ca505836b215","2118371911"
"133f36a9-bb43-4085-9c7e-cc2db9f4e31d","7707872"
"6ad87537-4c0c-49c8-8ce3-59102a49cc27","5335230"
"9a281ef4-dbb4-48ef-83dd-3e7e717ddeed","2070588214"
"fc27e811-6da0-4207-bcbe-5658d2912298","1921766"
"bea017a6-7699-4388-82a8-460661522e4b","40436789"
"f8f053fd-dab7-4db7-9031-5717b4fd3cd8","1581897583"
"1154dbbf-f2df-4d71-842e-2aba1ff1ef22","72684041"
"155c1c69-dba0-4e9e-8de5-5520afd3a4ed","30784627"
"7ca50f03-3e99-4cbc-87ed-9419bc8e92b3","39424012"
"c7558871-d0ca-455e-8d2a-3a0e3087d5f3","2352943"
"340053a6-309a-4d5f-8d8c-11daa74650ac","35472414"
"3dfab764-7cdf-4dda-98ed-9b5d7fa26f5a","2114787"
"a5a9f71b-42b6-4450-a03f-a339bc61d16a","2626098"
"7cea5fce-637b-4ce4-a9af-d945dff98c83","2754119"
"aff9d289-263d-4c5f-95b3-18ad6f1f41b2","2743899"
"7b3f38ff-68d3-41cd-a36a-280468017ce4","24348466"
"28e82933-4fc1-48a3-9cb5-06fa6bafa187","83549808"
"734f2811-7b3b-42e0-85bd-ac9bc98cd290","145456710"
"a3778e49-83e8-425b-9335-d4c4a128d725","2146057960"
"1c41fd8d-9951-4b78-9728-c357f44a76c0","144086436"
"6fce180b-b891-4714-aa68-47a2e184f416","2146289179"
"0ec9e9e4-98f5-4559-a473-ff8a4ae817ba","2089312"
"4040fba7-a7fa-4ead-a3c2-020b78d91a6a","83915305"
"aada04b7-41bc-4bd0-b567-996efa652732","2108432779"
"4be28dfb-98d6-4233-8d10-1c9f2681bec8","2355862"
"7aeb2656-17f9-40d4-addc-2c62fdab5cbb","14414116"
"4c61b857-9df1-4ee5-86f8-ee4617f07a68","49287529"
"b200aeda-f7c3-4b8a-897f-b29beb3af469","47761203"
"871d15a2-e533-41df-a540-5f1ff3dd5510","143672662"
"e73f93fd-3b57-44c1-abc6-2e5d05da93dd","144332896"
"c2720b21-b7ed-47ad-9494-f916335111a6","101341983"
"86c6d040-d17c-46a3-b330-422099aa64fc","23910131"
"c54c80be-a15a-4db9-9331-a091934634c9","46586871"
"6a49281b-ac48-4753-bfa2-b8d9b759dd0b","2286551055"
"164b4f65-6be3-4603-a755-39be6e288d9e","1736357"
"74057a91-1d7d-45ef-9106-a56edcee7d6f","1748063"
"3eead869-b64a-4b4e-b5d7-3b7bddd80e5e","144324925"
"f38d667f-9d2b-4bdf-b36d-8c95e0333c95","10743579"
"792e11ba-68a6-42c0-8406-6d62cfb8c627","71540778"
"18ffefbd-7a30-4cb0-bbf4-a52a1da3cf23","34780778"
"e61206c8-1ceb-408e-855e-5b2e0d8b3e2d","40466884"
"f8f053fd-dab7-4db7-9031-5717b4fd3cd8","2237607069"
"d40a3cc4-e23e-4872-b1d5-ae8193d5425f","143969140"
"c097aea9-11a7-496c-9145-5cf9edb6abad","153423909"
"6a5e0026-0172-47e7-8839-a062787886b8","2237600094"
"5df4feda-fd7d-4d74-9760-5c2599dce2aa","88968236"
"d20e9ef6-9a24-4dcb-a482-76b37da8c09c","2067393"
"54df8c8a-80f0-468d-8667-998b213e3b05","1845367"
"580a1581-633a-43e4-b61d-6ef4c280da3f","37375135"
"f70ac4a0-df57-430c-b155-073f19b01248","50787211"
"1a935812-7ee7-4cbd-ae7c-e859ddaec97a","97396968"
"7b309fc4-b0a8-4497-a06d-3cfb4caffc71","2157075179"
"54ee0bda-55e1-41dd-b21d-1cd1212b4b87","26888202"
"1b020a4f-0055-4142-92a8-792979a95c90","10735604"
"e42e29af-d2ae-421b-a28c-a12d9fd49099","19223354"
"923c2c30-2846-4b24-a25b-8765096cc466","145403762"
"165bb90d-74c4-4f07-91a4-b91ed2d8853d","3199888"
"3623b648-0c5d-4752-b2d2-d667c322a11a","1733356"
"13d16767-3b9d-4379-a81c-2027de0d5ea0","1713935"
"90513746-91ff-4b7a-8076-ec6d877242e2","2994749"
"7c72fd70-a288-4dad-b2d2-c47a97f21ac5","47628231"
"146e39d0-bee6-4982-bb5a-096deccce98c","47508921"
"d7b631e4-a478-41d0-81c6-c71c790c11c7","33875929"
"559ee212-e18b-4eea-88c2-6c4da999cf47","49601089"
"0b236fb0-35a6-4b7d-a844-aae91e974a6f","50828467"
"2b35cfce-4a3c-4d5e-918e-a97979a5ac5c","46750230"
"27c4d7db-fd02-4043-b208-af21cafc29f1","2076812"
"1be765a9-84dd-4760-b735-6e7536065da6","3220591"
"2c93b264-bc0a-4289-9db3-6d306f0ba106","51190719"
"146e39d0-bee6-4982-bb5a-096deccce98c","2445390"
"7105d965-6ca8-45ab-9b8e-a80aee70fef7","31202804"
"4242d11b-2eb2-4e1e-8757-83db9a7fb3c8","66033941"
"32b4a37d-1582-486e-a9d9-f90aad4799dc","103392358"
"28e82933-4fc1-48a3-9cb5-06fa6bafa187","2053426159"
"bb2da70e-7594-45f9-b1ed-9bcfa9732e7e","2122813800"
"f1ebb1fc-4af0-4cdf-b892-9364d492c9db","2333027"
"1dcbdfff-ee66-4cd9-9c5b-75c67f43a49c","69403048"
"751654c3-1f2f-4484-85d7-858dc02bbc78","1678595"
"b8fb6bd9-be32-416b-91c1-119e356cfe11","3399505"
"f85af000-329e-477c-9f5e-a264b7f4d1ad","3144942"
"d2ba974a-3ee7-42d3-baaa-a9e2409d027d","49419521"
"8d8a9dd0-6793-4f30-a7fc-6400d67579ff","9259154"
"a4d3aa46-2556-4dae-8da4-37da544175a0","2371226"
"7b3f38ff-68d3-41cd-a36a-280468017ce4","145458642"
"8c162c0e-25a3-41cd-952d-bbea945d4a4d","19203200"
"ff93ae6c-7df6-4172-a37c-db48a5757225","2676218"
"093f9cbf-4d6b-4622-9753-2bd9f15c168b","9137695"
"c7fdf74a-7ab7-49f2-9113-4557d137c628","143816694"
"c3440613-1737-49d4-9944-ed097fdaae47","46800172"
"1ad0c3d9-a30e-45e7-94c0-edc3246bb3bd","34571107"
"a1fd326d-af58-4971-bafe-d46a4480a251","144292985"
"9b531ee3-2127-4395-9b30-39e22622d657","143759450"
"293c425c-4837-472a-8da7-eb2aae66e916","144707690"
"27a9113f-5ed6-4e3b-951e-0beb2ff4be57","144696890"
"9ac46188-dd80-4c1c-b2ac-e80ea2845a30","2051691961"
"1651076b-b799-4431-a16c-0ae74dc3450b","2991588"
"b54f41af-dfc4-4abd-b49d-11e211be2847","51303456"
"2da79c71-2d01-4341-8b60-37e905792198","2667281"
"be18f7cb-6fbb-425d-a013-a6f65d8a40d5","2454166"
"3e850599-ed58-48b3-ada6-6bf8548e31b7","1477442650"
"f15dc17c-9342-4a97-9b8b-b42185dbb54f","46811146"
"34aa922a-7ec4-45dd-ab6c-9e9761843fcb","46956057"
"f8f053fd-dab7-4db7-9031-5717b4fd3cd8","1571695112"
"98f337bf-e2ae-4f8d-abe9-6c6729af8edd","2067239"
"f6509e76-f301-46fb-abac-fcc5280a2f78","2460290"
"6a49281b-ac48-4753-bfa2-b8d9b759dd0b","1689446"
"597bc0e9-4fb9-4411-9021-f79bf5c07e54","66010447"
"bf89f650-66e6-488c-ae1c-13a26a77f6cf","35725939"
"ee7651e4-03f6-4487-84a1-bb823b39598d","3374615"
"be18f7cb-6fbb-425d-a013-a6f65d8a40d5","145961826"
"824d9180-dd7c-46ae-9e35-071e460167e7","2746471"
"c75a79cc-c32d-40d7-86e3-f5a184c2aa46","2258715248"
"2ef2162b-e89f-4324-be99-90ed009eaf27","2258712299"
"c1c70c95-9fd5-4bae-aa06-b31cd5700e6b","118925780"
"1dc90934-c7b4-4247-8ae2-7635ead4fb36","47695828"
"18ce7e7f-8546-4b20-86f8-f972f0ea114f","144006844"
"a597c9b6-1320-4433-83e4-88dcea9c9a20","2244357901"
"3539da18-0d02-494d-bd55-79bbf29cf5ef","2224092591"
"72156f45-9283-405d-9a6d-b7319b326d46","2254490978"
"ab32eaf9-e30f-47d8-9d86-1894ea07c5cf","2254486361"
"b3046058-cac3-4ee9-9fba-9e374b2c4680","1380548078"
"cfe56ad1-76b6-4522-ab58-bafd176ddd09","2153707428"
"f09aeea0-5b1f-4cb3-a27b-5006c07c3012","49939021"
"fa8fbada-23f4-4fad-a826-a4402f576158","2251887"
"27b005f5-fca9-43f4-9b54-e1fad95c5ce5","144101730"
"dfb6067f-ef4f-4592-a0ac-460f89bf8d3b","2237722544"
"1d2746ed-f183-45a4-be8e-fd9719a12d14","2144167807"
"951065d7-923b-4743-b278-69098ceaa795","2263310465"
"4c8b6d21-ffcb-4829-955a-da6d7ec9cfdd","50734468"
"d883ef45-981b-44e8-a68a-9d6c0b5e8936","2156539515"
"c19ff5e5-af2b-43fe-ab0b-11625a96ce79","100863597"
"e89aad87-fc9d-41b3-a059-07482dc19db8","2154681888"
"1a6c3b45-c193-4a51-b9c4-bc292c24c7ce","2257365840"
"1a0c0730-accb-4c97-8121-205b2aa9edc2","35233072"
"4653ea4c-787f-48fe-9597-781bc9768f94","2052359412"
"b2bfc503-9da2-4c53-a0db-ef9f305836f6","2449953"
"56cddfb6-fa9a-4f64-90e4-3ca4311291d4","32992455"
"37ed684a-3ed5-46d2-be1f-96669da00d3d","2131990200"
"37ed684a-3ed5-46d2-be1f-96669da00d3d","2261544759"
"a74b1e1c-04bf-4deb-b02e-1bbeffd0c62d","1411467737"
"8e987fd2-ada2-4d91-8664-d1b5cdd9c99f","2287085673"
"022b85d4-ab42-418c-8aa8-5d71f852f603","2237439303"
"8396933f-902c-4c91-8604-e211062c74f3","2252354280"
"ca56eeb4-8952-4d14-9168-ff23782b71eb","2048367100"
"594d5292-5a0b-4dae-8ad4-1e15126b494d","2261981650"
"63d08daa-b4ad-4314-9618-83a283fa1239","2203489393"
"e981ff9f-6068-4d49-a5bc-3686408f858d","2266521684"
"ed18011f-87e7-4af7-9194-18aa776a7c85","2829244"
"853ba93d-a2eb-47df-b45c-0005ae78e850","2176145385"
"ccbf3c87-03e3-46c2-ae38-c33542f4d527","2115411623"
"7a4be4c0-9076-436a-beb2-33264d016aed","145461147"
"dd419b12-e9c9-4739-8865-47ecf2f567f7","48469461"
"e802a6ae-89ec-44ba-8aea-1e11401112e1","2649171"
"580a1581-633a-43e4-b61d-6ef4c280da3f","49891896"
"c8032d61-0014-4941-9d4c-fb6ad3718c8a","1965930377"
"bf7e958e-0454-41ef-889e-c17e24a27d00","74313962"
"a90218ee-6ace-4fc4-8f58-db899461d2a9","9435321"
"ddbbf8d9-488c-4b63-8f69-a026379fbaa2","2211534633"
"d1a94cd4-2a2f-41a7-9910-89644d80e012","46256186"
"4d787a3d-9d1b-4788-b766-88d09428daa6","51440709"
"b0c3ceff-947e-4008-b1ec-b66d804a1f69","32830770"
"05e418b8-f7ab-4eeb-8685-b2701bd01987","2145966517"
"5e97df74-a8de-4588-9106-d2cd0561a4ca","2291527544"
"4ea29400-68a2-4d68-859b-e0d6818ab39d","2291849647"
"e9a767e3-eda6-48dc-bc4f-e48fb99bbd7a","2291686861"
"e7484f90-a662-4927-8344-bf96d454f415","108351221"
"c3afc682-0e06-404d-bad9-549a9abcb9a4","2243908298"
"8cdbe47e-9407-49ac-8259-5fd008f53ca0","2211008434"
"fffb9dc1-921c-4642-8f30-4395e8058994","2869185"
"fe07a480-d4cf-4bcc-b2fe-4a90d7b1fa95","81441008"
"d40c1f57-d2d1-4d33-a9a7-89456bd2ba49","94968401"
"16b0bde5-cd9a-4b57-956d-8ee086a339a5","2259104680"
"edadb213-06ec-4af5-8e7f-14eede844de3","2240791476"
"7f55a484-d538-4255-92fc-f503dd0b735b","3371922"
"027d50e4-73ff-482f-8934-e134c575040b","2257161858"
"dbefabc3-0682-4518-a002-2e6e43535cc0","2265116823"
"3d0e08f8-5001-4f53-856a-e44796000e13","2281680446"
"209bc477-fad7-46e9-bb61-f48d948d5ace","88599326"
"2a87c634-5d30-4e47-b055-12627d1966ee","2281678181"
"f70ac4a0-df57-430c-b155-073f19b01248","2260093767"
"53036d8d-d1a2-427d-b63c-f979b66bf326","2066450219"
"c5e2f48e-327a-4536-98d1-811c1426c07f","2311222"
"5a723f60-083b-4924-91d7-218259eb319c","1404060050"
"b048f0d7-efde-4ff7-a26d-602e5b10522a","2237501477"
"27b005f5-fca9-43f4-9b54-e1fad95c5ce5","33175863"
"ad0d4269-e80c-4e7b-9d51-913b4528f0ea","2261540605"
"a3bd210a-d3d9-4cd1-affc-aa9ee77b25dc","49914268"
"b96daebf-2202-459d-be89-0cdb70fab18a","8311291"
"f93a8f69-ea8a-47a0-9e9d-9fecf007eaa1","30598979"
"ab32eaf9-e30f-47d8-9d86-1894ea07c5cf","2109987266"
"4653ea4c-787f-48fe-9597-781bc9768f94","2114072662"
"a2016e88-ac22-41a1-b325-86d5e253dd46","1693894"
"ae5fc302-28e2-45db-8313-bc8c0046a339","1985955"
"aa6dbc54-b2e0-436d-a88e-3c0bd9776627","1709793"
"7f2619ca-09ec-4f8f-a41d-400c5bb1a0c3","2107914318"
"dd419b12-e9c9-4739-8865-47ecf2f567f7","120408750"
"cfc9da6b-5b1c-44d2-ad9b-92c7f6dc6e0a","1770381"
"76a3613a-f981-4e71-b74b-d515460e0557","30095335"
"8a9c6c41-fa5b-417f-b7c8-b1584cf8d060","2260961031"
"a0d9ddee-65c8-4f8e-bc5d-012a66f5c188","2133376851"
"4f9ca56d-dae4-4bd4-9c6c-0387fe2cfdbd","103218070"
"e39b7bbe-e5fb-4084-9540-0d6b8f1b5bbd","79262652"
"bc451686-e340-4da8-ad77-14f5b9199256","2186789376"
"13dd7a6b-4e7f-45a6-95a9-0f2d3995e73c","2179441115"
"b12245c7-12b6-415b-80a1-4420aa9508b6","1768401"
"bc9f7ff5-70e1-49f8-98e5-551b6db8f906","2070197958"
"bd8dbeac-e5f7-4d4b-9712-c516bb7a3357","1384238944"
"d859e8ce-e7be-4b4c-9274-f0536ecc75a0","1883117"
"46c6a855-2e2f-4c09-9bb7-1f3e9dbbfb0e","2067070990"
"c699cbdb-acc2-4b92-9362-23dfae580dad","2187485993"
"e2f7448a-e022-4260-919a-79fd086c3696","153476326"
"4e06b99d-ca58-4912-953c-f89aa9f935b2","4225050"
"b8b9a890-f1dd-4812-b6e4-c8ecc965c4db","2279220266"
"c778403d-2976-4cc4-b0dc-602c7ddc060b","2278936915"
"f9e4f4d1-5e05-4f08-91d4-b9995ecbfcf3","2140716206"
"c3afc682-0e06-404d-bad9-549a9abcb9a4","1410416763"
"f1c3b574-1497-46bb-ab79-5cc40cd98795","2236583905"
"57257abb-19bd-45c7-89cc-7a555dc8cc4d","1491142553"
"29e4ae70-5ebd-40e3-bd82-8f3def54790f","3051026"
"9882bd2f-eca2-4bf0-b0ee-8a63329e0f0a","2111150252"
"9f087cd2-881f-45ea-892b-4d313a6c4443","2122996448"
"64b55053-56ea-48a5-8910-d96cc998820a","2088574196"
"8e58026b-231b-4eb1-9d15-7ee7ac77cbc0","2155700881"
"d5d3061b-aa99-4698-9298-be6263cd3acf","98853678"
"d4ab1a0d-7b5d-4ad8-8a4e-a1e730a5787c","144531926"
"c7558871-d0ca-455e-8d2a-3a0e3087d5f3","66842118"
"45970d87-294e-4b21-a040-d948667c0fe7","1880187207"
"ab809ddc-0de1-4fee-b3f2-d457f252cc0e","21192793"
"e732e663-ec29-4890-8154-4a78d6317bc4","2071787705"
"b9e8587d-d041-4838-b016-a1d6be503d92","2756962"
"c95da3ef-0cda-4a9f-820b-0c3e267e313d","2160514659"
"8e618526-8358-4d1f-83d1-4ee076a957ac","1401157673"
"91440cbb-bb3c-468d-a710-61a8302c075c","51448294"
"f85af000-329e-477c-9f5e-a264b7f4d1ad","2470130"
"8be54c8c-1914-4893-9a7a-f13bd52afb03","2213812685"
"bd8dbeac-e5f7-4d4b-9712-c516bb7a3357","2238722358"
"b0df7d9c-1252-4852-9906-1345a6d49602","2133093959"
"359720af-f5b5-4081-a913-0af2d8a294c9","2085777241"
"e61c85ae-7cc4-4fd1-b02f-7c4e7f1628c7","1400782356"
"3c214ac1-8217-465c-b9e5-24b556608fbb","2242300150"
"157d7f22-64ec-49fe-88e9-d8d5292dbabd","2243650042"
"45a99213-1106-4829-8869-a9dc03227b59","2278315380"
"b8b9a890-f1dd-4812-b6e4-c8ecc965c4db","2278581117"
"fb238266-15df-4be4-9e28-0a6b132399a5","2242932113"
"95153a78-5ac8-4f21-ab43-bb6f35e948d0","50206864"
"f4f09130-c19c-4420-bc5b-8de0f9ad752e","2268031749"
"c391649f-9221-4f9a-95d4-4e55474b1373","2269020981"
"2f5675b3-e5cf-46f2-9a4f-47f3bb56a499","2269018171"
"e2998a66-9f42-4fd8-b9cd-55836f337ca8","2260643779"
"3be9fa70-5a58-4ca3-a661-ebc947f398a5","2260432366"
"f435e750-c589-4837-a573-5193f2402c8a","2239556496"
"daeaaedb-dc7f-4692-a888-1b45afa44a15","2261025946"
"0e52e8e8-a729-4dc0-88a2-a0c0d4dda57e","97851255"
"9afbd65f-77aa-47a3-8dbd-3578f00d5f15","143862442"
"1dc9bfd5-74db-4701-b155-cd2ff6f293de","2108301541"
"3203e14c-006e-41aa-97e8-3e5f0e6c8a63","2173631698"
"934de02f-977e-4d99-9f0d-f8b746cd0f7a","2116816891"
"89ce5aee-60b3-4568-bd62-6e67029e1d8c","2244624760"
"920183b8-2498-4faf-8765-55cfa33bc979","2124629280"
"188d7cc2-762b-47ec-9a01-5690cf4dbf33","2179322391"
"56ec3454-7edf-4dcc-8102-5824aaa74be6","2054148708"
"5f269a50-b914-4fa5-9f78-72a1410b8e9c","46447158"
"d9a5cb96-b2a7-48e4-8991-646954ceb274","2111434199"
"79d8b9eb-f68a-48ed-9f16-a7e5c6ae9072","2152936722"
"98d33888-98d2-4d3a-92b5-121a0e189968","1890825"
"83075fd2-171c-4a77-9f2e-2a8dc21037a6","2182285"
"155c1c69-dba0-4e9e-8de5-5520afd3a4ed","2216107244"
"6fdc4c98-57bf-48ce-b142-b1487edc9f5c","49277685"
"47914033-879a-4eb2-8698-214c436110be","3017206"
"3e7dfbf3-f48b-4e6c-b965-f107c29f5e7c","153206260"
"8f8c2f30-a23a-4c9e-9108-5d33b1b271cc","2119037063"
"e242c1e0-7fad-46c3-a697-9e17cf159e31","2110133880"
"e4e606e7-ea47-4e4f-bee3-d328de6f3a1a","2042273307"
"0f10e826-9962-4d29-a054-9985ce012e91","1592382661"
"b521aed7-6f6e-4710-badb-7796de9456e2","2184591331"
"46f7b1ad-798e-46d3-8ee8-d05f09e5a0bb","2175515650"
"a4d3aa46-2556-4dae-8da4-37da544175a0","4561522"
"c7558871-d0ca-455e-8d2a-3a0e3087d5f3","7769730"
"a8963e3e-a0a8-4a15-abd4-60bb0cd3629c","28004455"
"76dfda02-677f-4059-b570-73c5ff2caced","2116124888"
"6667953e-e508-434b-aeb7-30390c234004","2112590790"
"2599db4d-2e80-49b1-9a74-ef4b004e097b","2222987"
"bc451686-e340-4da8-ad77-14f5b9199256","1561587870"
"8cae8c57-48c4-462b-8975-de41b93b68fe","2129909182"
"792e11ba-68a6-42c0-8406-6d62cfb8c627","67261735"
"58e951c2-af55-4b19-8cd0-7f274b1c01a4","2108341039"
"e532a63d-a518-41c1-ad7d-926986cde753","104290151"
"7039cc69-17b9-4794-990e-2f553a2bc6d2","3074392"
"a4652a68-40ca-45c0-99e1-cc236ebdcdac","2108964255"
"d3bd5aed-3ffb-4b49-9726-42da57a8e446","2145504203"
"47f92368-a84a-43ee-a7fc-e3245d46dcc5","38804153"
"b521aed7-6f6e-4710-badb-7796de9456e2","48307352"
"9813579c-74a9-40d2-b047-a6612284edf4","2054064315"
"2a87c634-5d30-4e47-b055-12627d1966ee","2164412101"
"515557a6-8b62-468a-bb7a-9a4cc67f1ad3","5009186"
"e980a64b-0e69-4e79-bd54-f7935f763136","2168148325"
"b30c8d6c-eaa1-4a46-9d05-1b0c69e24b32","1417425457"
"785f9a1e-5051-476b-84cd-51934ce604f3","2289592799"
"63768501-4062-40aa-9cce-0347a6ef12bb","2095913732"
"3e49c8e7-6b19-43d8-9b88-65d058515a9c","2264904120"
"6d3968af-cab7-4881-94e7-f356be370bd6","1409267833"
"58711763-5287-4991-8226-07910efcc9f0","1411340934"
"9cda3e8f-3b5d-4eb4-9a84-df307909c3ba","2264334523"
"08f127d2-ca3d-44e8-8329-8b004c29562e","2150245737"
"79ffbe1c-03d7-4d72-bb0f-f1c0ab844350","2226823608"
"86476f69-0253-4cbd-a0fc-6b79b1e55ba0","2264113635"
"0d3c3b2a-6e88-42ed-877b-ac78ef5ca690","2264114013"
"dae496b2-bd6e-455c-84bb-df71931df6d5","2056853058"
"57e480cf-29d2-4bb5-90ef-1d6d91a2d3e4","117323075"
"f52bc19a-4f1a-456a-8c23-6fd1505a2705","2215701385"
"ba32cd11-4273-45d3-bd61-147430676ac5","2158502064"
"bcb67036-85d9-4568-ba57-c7ff1ae33c6f","2110365535"
"ceb84cd9-98ea-42fa-b884-9eca6fe38f17","1409118051"
"95153a78-5ac8-4f21-ab43-bb6f35e948d0","2120316459"
"d762e953-6c68-4107-97bd-7d5eee829401","2144221936"
"7e1412dc-f326-457c-8ca6-a8282f4464cb","2090357343"
"83fc5ba9-2041-4da7-8112-da0c72018209","1557398146"
"9f6d64d6-2802-42a8-97d4-625693c42f06","3056512"
"04fe2afd-d85f-4b11-b046-bd9303173f81","1412512591"
"bdb268d4-75e1-4e54-a7a7-65b2b55da7f1","2128400594"
"f1537b2b-3fc9-41e3-befc-e439a571f7c6","2164802047"
"112d4604-2d12-4d1e-9cb1-a7a8b617c89d","2284643087"
"18dc867f-965f-460d-b934-24eae14af9dd","2280195125"
"580d20b4-b0a2-40fe-b611-21d811f15ed0","1763324"
"15cc8f31-6aa4-419e-a62c-885a68c5b68e","2282076105"
"de7b4170-97e7-4d35-9964-7e81e5708727","2282076692"
"904cba34-c20c-4bbb-92f8-6c2a4a6e7c72","48682748"
"256f00d5-8cab-4c58-a1fb-28e7c3c5f79f","145267498"
"65de3b19-6202-4c1e-8205-8079108f8d2f","2145409634"
"8d3d27a8-96cd-4522-96fa-104ea80a2088","2118797712"
"5be266df-fb1e-49e4-b061-c0916899d18a","37652610"
"456db15d-424f-45d3-b5d4-f5e4480def42","2054268863"
"54df8c8a-80f0-468d-8667-998b213e3b05","2181322470"
"d8aa82fa-87ab-4cd0-b76c-9fbd62348122","143905787"
"c391649f-9221-4f9a-95d4-4e55474b1373","28120783"
"7e54f4f6-e826-4ecd-94da-69866d1e2bef","2357827"
"d9a5cb96-b2a7-48e4-8991-646954ceb274","1585668912"
"188d7cc2-762b-47ec-9a01-5690cf4dbf33","2134297"
"e4f27eab-a3e2-4958-9e9a-85075d5633cc","2290550015"
"d7cb2207-7bb8-4f2a-acd5-57dad945cf23","2962598"
"559b6a2b-ec3a-4887-8c73-78c3f58024a1","2282593480"
"c24cf64d-be10-43ed-b852-23dd61181874","2257059511"
"e1e31e88-60a7-4ec3-9f4c-703bae99a0f8","145063564"
"f46655f6-88c9-4ab6-b00b-3a533e3a112f","2151173005"
"f69af78b-5f37-4204-a303-6a4b84b016a9","66502569"
"08dfd103-1604-474b-a94c-062bf1f75c8f","2238308789"
"b5e780fa-a3c0-4ced-8f05-640c1ff0aef7","2238445331"
"e4f27eab-a3e2-4958-9e9a-85075d5633cc","2141688836"
"79d8b9eb-f68a-48ed-9f16-a7e5c6ae9072","31374019"
"b0c3ceff-947e-4008-b1ec-b66d804a1f69","3246153"
"5e97df74-a8de-4588-9106-d2cd0561a4ca","46887614"
"64f365cd-7b79-4867-9c80-3d322225bfa6","89782735"
"56ec3454-7edf-4dcc-8102-5824aaa74be6","103976830"
"904ad6c9-e3f9-4694-a652-a07e5ac3abf5","1931096113"
"394506f5-210e-476c-8c81-40a9d4d9f241","2064383774"
"9903518d-afbc-45e1-919a-c531a20601c7","2124602"
"9619235c-33a2-4236-96da-bdbea6e96d6f","2109277096"
"a14f7873-1b8d-4370-a039-410714db8ad9","2209145969"
"67394792-ea55-470c-aac9-6f890159c908","2208997672"
"093f9cbf-4d6b-4622-9753-2bd9f15c168b","6424656"
"b6bf9f2d-f62f-4483-b3b5-c7eb604ee189","1419623606"
"6d3968af-cab7-4881-94e7-f356be370bd6","1409211108"
"f92290f6-f600-4c8f-83ba-bea34262ee94","47476390"
"eaa60607-f06e-4b7f-a9f3-e62c1576717c","98351258"
"f72d3575-a936-43d9-ae3f-905bcb81edac","70505475"
"ca5f9af2-9f9a-4996-a434-a3874926fcf3","144480553"
"8fc6e333-a9a7-4799-a18e-4eab4cc52856","49654099"
"94c47dc9-d641-4760-b1ec-c39b60f46cb6","2149662011"
"76f25165-55b8-428b-8cc4-9a22c6c15b8c","2115902723"
"1a51d992-8dd5-4bef-a5ff-8d8a0eec71e8","2156120774"
"384dee8b-107f-4017-99c4-7159f8ecf25c","2072956759"
"dd043a9b-49d0-4039-bc47-9c6a79ee6203","2468581"
"7aeb2656-17f9-40d4-addc-2c62fdab5cbb","2114236772"
"7c71a8bd-6437-4d1f-b78f-3a578e5490f4","2155042145"
"be35a4af-30bc-439d-b590-596b117188c4","40515766"
"7fbff0a2-ddc3-4812-b47d-9552cfcbdacf","2857053"
"c403f960-1e03-4253-b71e-05c10a8f0841","2140906853"
"398a83fc-c59e-49a2-afa4-94f13bb3de3a","27350435"
"ef592c34-b59e-4dc7-874e-ff98a3178606","39280862"
"9ad5df98-593e-47f9-ae3a-ae67a36bb3a9","3119092"
"86c6d040-d17c-46a3-b330-422099aa64fc","12860254"
"e74a2197-1514-4ffa-a00d-6907bd9cdcf9","2153142947"
"62b4e3ab-5d27-43fd-b4d0-4b60d30a3946","2150625426"
"fd044aaf-72d9-41ca-bb78-8098dd867162","2151101497"
"137e3d3d-e6a4-4a9a-85fe-78622a054773","2157966873"
"60abbc44-01b2-4e54-b765-dddf52800833","73054708"
"cc13afca-1603-49ee-b1ee-9f2d425949d2","67296295"
"32fdc372-baba-4694-95c7-bc54a01535ec","2144983376"
"7b0ff4e9-c362-450f-bfb3-f80829a9f1c4","2136070"
"2067dd89-658f-4b17-8478-ae7426ad8040","3959591"
"55150682-2581-4b72-8ef4-c152eac2a97e","1723351541"
"290bb9b0-1efc-41b3-97ea-1430d8652b23","2227299"
"871d15a2-e533-41df-a540-5f1ff3dd5510","2139611978"
"7e9f092b-78dd-47f2-9f1b-d4cd1c7f46b2","1416696674"
"0279ed86-7bb1-4638-8901-da0b85acdb4a","2132393769"
"fcf63dfb-1b49-4e02-a3ae-fa082cb3c325","2220904386"
"50007c4c-023d-43ba-b5c6-b149c04869e0","51246731"
"6f458dd6-3522-4968-af9a-ea17a1a40d86","2918118"
"56cddfb6-fa9a-4f64-90e4-3ca4311291d4","2867415"
"9123ec77-3bfa-457d-af96-3b86bd0c2ebd","2233625533"
"b8b9a890-f1dd-4812-b6e4-c8ecc965c4db","2180738685"
"6fce180b-b891-4714-aa68-47a2e184f416","2180747147"
"637746d4-0e8e-465c-b3cb-e721fd7f6f86","2038341672"
"7f1422c6-aa1c-4b45-b267-0be52b272b68","2241096528"
"1ae9311f-6455-4daf-996e-56993a075a2b","1909143"
"acaf6602-c0aa-419b-9723-91221aae7e0d","2276252039"
"d840663d-f59d-44f0-8b59-cdaf00af8178","2276241209"
"8f8c28f0-6794-4083-8331-5b2705f9217e","2276252212"
"801ab4dc-cc65-42b9-950f-953481548952","2140407825"
"f9aa84ca-3782-4ac3-b615-13ddd106108b","2145675462"
"3c214ac1-8217-465c-b9e5-24b556608fbb","2145422186"
"6c640df3-a61a-4b63-b23a-9e41f8d6bab8","2181682048"
"fb13d96a-eaa1-4051-aaae-8e188fbff648","2109425376"
"f15dc17c-9342-4a97-9b8b-b42185dbb54f","49297111"
"41070e0a-5575-43c3-9276-0d412d43e330","1792351"
"1ddc9422-4bd8-46e1-9bfb-6d5a3de2aabd","93158406"
"6964046d-ba68-4481-b01a-f2f425acfe63","2139250266"
"fb13d96a-eaa1-4051-aaae-8e188fbff648","52134561"
"3834837a-25e4-4a4b-b919-40a306ed51fa","2212418141"
"3aeba248-8ec3-4659-84a7-52a2a0c2b2ee","70465797"
"72a165ed-937a-4723-b426-c0a4ab9f1206","12585948"
"d070b620-57ee-49c0-b920-ff9aa3facf5a","40867341"
"3e0af693-88c1-44a7-92dc-e5752d8711f4","5983293"
"13287074-baf7-4fe6-a7db-7748f5c4ed17","2136562987"
"7f4f05a8-272e-46ec-b11d-2aa0becff940","2507051"
"9ef55d1b-f992-48c5-8cae-cf8c672be5ab","1748506"
"cd6e004d-9b95-46e2-b6ca-e69b4ff48e60","1395269899"
"7fa66252-51d8-44d6-a3c0-bcea5e6aef6f","9449926"
"cfc9da6b-5b1c-44d2-ad9b-92c7f6dc6e0a","2143248756"
"b777b6ae-b003-41ca-b097-7f88b162a3da","2029356670"
"3319cac7-09f0-494f-a70a-15fe424b83fd","2203625279"
"9f0c6dac-1bc7-4f00-b8ec-dab63faa9e39","2291648666"
"f69af78b-5f37-4204-a303-6a4b84b016a9","2275743732"
"ee1b4e1b-3abb-4d9b-beba-7d33824a6f88","2289305176"
"6a3e0d7a-c380-4343-b723-9f8ded2c06e1","1575990279"
"5cd93dd9-ee25-49e9-893a-198bb25a6b84","2222150586"
"956ef2ed-ef24-495f-8600-4cbb1a6fc224","1971314"
"5e2d565b-a50e-425c-9f8b-3101059f738b","1476820637"
"bfe3fc79-3be4-4e5f-98c5-5efc543520c6","2167413467"
"705cc730-645d-4113-aef3-716755c89e29","3176931"
"dff31f54-c58b-486b-a7ce-a6738d1f4b0e","1381926715"
"43f484ae-a2b9-4acd-9b9a-c45cd774b45a","2144794814"
"b589fd57-b72a-4302-abd3-59e7f94451aa","81817332"
"077d40e0-17d1-487b-aab8-a28a9f635c32","14387783"
"d2a546bc-4020-4fbf-9295-0b02523c696a","50441258"
"456db15d-424f-45d3-b5d4-f5e4480def42","2154875007"
"5585edae-f193-464d-b120-93d2adaa5b17","2287691103"
"2599db4d-2e80-49b1-9a74-ef4b004e097b","2270352951"
"ae4eb432-f459-4032-bef6-1489b86dd351","2120494261"
"7a7c9250-9e2f-42c9-962c-ea5bb2e4691b","2838691"
"880c56b7-5cb1-4d0d-8a78-03575391b2d4","31644805"
"5a723f60-083b-4924-91d7-218259eb319c","2174891285"
"f31e2c24-87a2-4265-af89-03748d8b571a","120968008"
"1b020a4f-0055-4142-92a8-792979a95c90","9456896"
"76810112-89b0-422e-99fe-a9bf67f45b47","2201456188"
"caad7c14-3c9a-4c5a-8123-fcda93853248","90458976"
"e695c216-bb0a-47fc-846a-025315827d84","2163134463"
"1531d9e5-f7b0-4c39-b3dd-cd066a2f89c8","143949776"
"6d3968af-cab7-4881-94e7-f356be370bd6","2144290444"
"c4fcf8c8-fb76-4b36-a3d7-ad7b426b8dd7","2112620852"
"22f98245-5f37-452b-a4ec-6f7e547f6078","2144511855"
"2dc6e080-199a-4d54-9f8e-479a7a7b2083","100678713"
"064a1c18-2c9b-46fd-a1e2-d05ea6c801ae","48692831"
"734f2811-7b3b-42e0-85bd-ac9bc98cd290","2066051829"
"eca52eb5-fe93-4c10-adf6-8b5c51645205","1915689"
"97a542c4-2b75-4a6e-9489-f4dfc4e5c503","9690856"
"89bee5b5-9ff0-4e90-8829-b5d2bf0dc3e8","2108040937"
"51009a5e-ce56-4518-ab79-6df9f54f7ef3","2109877579"
"d8aa82fa-87ab-4cd0-b76c-9fbd62348122","2118435009"
"55150682-2581-4b72-8ef4-c152eac2a97e","2154169956"
"20f5d25c-65e3-407f-bc8b-84d1c8434fba","15418387"
"b8bbc36d-4fff-4504-a105-130f0e3f7147","2118157106"
"1651076b-b799-4431-a16c-0ae74dc3450b","39575005"
"4ee924b2-e593-4901-964d-bd0a8866d2aa","2117205937"
"34718939-6c56-428c-864f-60a01d7c47d7","143719774"
"7a66b7a1-2607-4549-b982-5978803c2804","2145200621"
"0ed7498b-a608-4462-8697-a096faf265d2","150310858"
"934de02f-977e-4d99-9f0d-f8b746cd0f7a","2238311390"
"b589fd57-b72a-4302-abd3-59e7f94451aa","2237403684"
"6fce180b-b891-4714-aa68-47a2e184f416","2109542599"
"871d15a2-e533-41df-a540-5f1ff3dd5510","2244014311"
"5c67b9e9-138f-426f-9446-187bb8919ce9","32052522"
"ccadbe12-2577-42e0-a319-59f210fd0bc8","2154170378"
"5806836b-ca84-461f-8064-c996f39f7439","5136757"
"72588be8-e85a-402c-b6ad-c2e776282474","50536368"
"0e6a66e9-c5a8-446d-9aea-3f7973515f52","152609548"
"2153b0ce-5750-4369-85fd-f127e573f176","47113333"
"72aa4cc4-1e6c-432c-ba51-abede87484d8","2239284706"
"87df5409-6530-42f0-82ae-cdaff281479a","2239159661"
"e30c8dcf-f98c-4ec3-9c40-1d668aa52a49","2239384630"
"7d8dfd48-63f5-4ee3-8876-ba498d776807","2239230300"
"1d7bd5d1-b13e-43a1-a19b-b968709beec6","104415740"
"ffaf4dee-c0ff-4924-9715-48343133514c","3135718"
"f5708895-a335-48c9-9492-e4091b057125","1453473167"
"1b8d764b-c28f-48e6-bcb0-2b0ee48aa913","9525999"
"22f54ca7-2bb4-4eb0-b2fa-d3168a585edb","38649261"
"e39fed90-e3b6-40d4-a251-1501953dbdd7","2288526379"
"49443107-df11-4c4a-8683-ccfe008a147c","50567367"
"31f03101-d629-4226-9a04-3e41ad22fd9e","3321745"
"c8243c6d-617a-44a8-8e51-2dd67da89c7e","51901235"
"48bf48e2-58f3-4ced-8176-d3ca57f0dd8d","6836294"
"c5e2f48e-327a-4536-98d1-811c1426c07f","2288106191"
"0e52e8e8-a729-4dc0-88a2-a0c0d4dda57e","2288101835"
"a3e71457-68de-4093-8e1f-c14d08d52183","2288104228"
"64f365cd-7b79-4867-9c80-3d322225bfa6","2288106119"
"2d5c751c-0f2a-4e07-a467-97cf439b6b6e","33288380"
"d3709066-b891-476a-b835-a1e5951cd842","40653599"
"785f9a1e-5051-476b-84cd-51934ce604f3","48393130"
"64854e20-0396-48f4-acf9-f7bfadd7d91b","19336899"
"d859e8ce-e7be-4b4c-9274-f0536ecc75a0","1686070"
"9ef55d1b-f992-48c5-8cae-cf8c672be5ab","2476273"
"0c416d8a-e414-4b14-bf78-389373074d45","2057593137"
"eeff3ec3-28b0-4ea8-8463-1e162e41a372","37072537"
"94e12c8d-aa84-4eea-96fe-7f3e8facf86e","18939234"
"4d488c72-e6eb-46d4-8913-ca206f6e0bd2","2243008720"
"dfb6067f-ef4f-4592-a0ac-460f89bf8d3b","2184749"
"75284832-058d-4f50-80bc-955c6d96a26b","47041142"
"9ed9641f-7693-440a-8b43-97739887ab25","144295691"
"3c81eb91-eb76-47a5-bc6c-8f200fbdca17","4066621"
"aada04b7-41bc-4bd0-b567-996efa652732","19173303"
"37bf04a2-d989-4ace-9484-1a6be79b2483","47567935"
"5f1ad62c-7bbc-4dfd-ae3d-73ab1dbdc48c","144185688"
"69a929d9-d024-4d82-b259-03e641288521","51501289"
"a659dbb0-5b7b-4f5c-b2c4-67f860f35503","2117163285"
"194a8be7-914c-4af4-9067-9c5e869a5f11","36407442"
"e91fcaa9-c688-4fa0-a90b-e419dc7dd97c","35692800"
"022b85d4-ab42-418c-8aa8-5d71f852f603","2226694570"
"25412a2b-aced-4c00-a4bd-11b699c6f3d2","2166951"
"b200aeda-f7c3-4b8a-897f-b29beb3af469","1381644231"
"7a072ec1-f0db-40f2-904e-49810b17ae57","7232008"
"91f251dd-04b0-4d65-a0ec-c914426218de","6386345"
"7f07ebf3-d1f9-467c-a66e-325b690e368a","1774294"
"4cb4646c-c143-4594-8f55-1d454521e2f3","1775285"
"f0177922-b0f1-4cac-9331-1de4bf53f55d","1731993"
"8f8c28f0-6794-4083-8331-5b2705f9217e","2267936319"
"7c487350-848f-40c6-9a33-458f2fb630a9","2141517820"
"5df4feda-fd7d-4d74-9760-5c2599dce2aa","2606276"
"79a6decc-e960-424a-8c76-c6d2d4e6cb4d","32237718"
"4cb4646c-c143-4594-8f55-1d454521e2f3","79703814"
"4ee924b2-e593-4901-964d-bd0a8866d2aa","145062722"
"d651c4ce-1745-481d-958b-0a96c2763c8b","2145354460"
"093f9cbf-4d6b-4622-9753-2bd9f15c168b","2064595811"
"03a55507-816f-4127-a8b9-7eeeba1b660b","2105730702"
"7a072ec1-f0db-40f2-904e-49810b17ae57","2143700384"
"ef592c34-b59e-4dc7-874e-ff98a3178606","2266282242"
"964778df-0cc9-4f02-b2ad-999ac5deb169","2164571270"
"902607c0-6cc4-415f-b885-7086ba4d84ad","51951396"
"11be3eb0-3eef-4cce-8e85-05083c902182","1935021620"
"ce5312a6-449c-470a-9607-92f9ee924ecc","2144452408"
"a82e7f21-560c-4f7a-b859-6a3e423f1cf8","115460906"
"b738e172-de6e-4676-888d-d7f5d9bb8ceb","12265108"
"263c6639-359d-46f0-b983-5391b0064adb","98911611"
"dbeeb56f-8c3b-4fbc-9a8c-c9344bebe882","2223402573"
"848dc153-0fc7-473d-b692-3f99ab7fb6aa","2130157459"
"2a87c634-5d30-4e47-b055-12627d1966ee","51302336"
"82c4cabe-1f5e-4e5f-af63-d317bcd43f7c","2675723"
"5f5c66b3-eb6c-4371-9ffe-aaa43e6e9399","2140836923"
"4dc9110d-ec79-4971-80ec-9dc2edf7ce8b","37287113"
"b1602802-56e3-4c9f-9052-b5f31d85d8c0","144764427"
"9c6c976b-6047-4f1f-9f01-7eb6f94cdcef","2148999106"
"ae9f9c5c-80f9-41a0-a0b3-76b15c399262","2254037808"
"c097aea9-11a7-496c-9145-5cf9edb6abad","30807260"
"1ddc9422-4bd8-46e1-9bfb-6d5a3de2aabd","1401826008"
"7a59f47b-ed53-49cf-8293-6e4c64747681","3492614"
"e40496b9-7a62-4b49-bff2-e49db8ccdc15","2144232534"
"2a7ee4b3-5903-4282-971d-32ce3ebf5e7e","2266554783"
"72588be8-e85a-402c-b6ad-c2e776282474","2281885700"
"f1d443aa-473f-4387-bf90-27126a7e44a8","2281889317"
"c7ecab2e-36b7-48da-813c-1c36672bf318","2227134139"
"9903518d-afbc-45e1-919a-c531a20601c7","2281885825"
"194a8be7-914c-4af4-9067-9c5e869a5f11","1814528"
"56cddfb6-fa9a-4f64-90e4-3ca4311291d4","32639637"
"5358b0e0-7f0e-43ea-b3a4-22c2e47f4d22","2269760247"
"23e35d81-9b13-455c-b82d-f7bba845d40a","2269751447"
"70729b5e-34b2-431f-ad9f-7cd46a03ba48","2275855656"
"ca56eeb4-8952-4d14-9168-ff23782b71eb","2262199762"
"45cc652e-592f-40f9-acc3-57519c048dca","153761761"
"ed0c5809-2c96-491b-859d-cf3c7cddb07e","96067771"
"19149850-7a59-41d2-afb1-b020b7c689bf","3048281"
"9d126db4-1a2f-4ae9-a0d7-1f6ac5c6a033","2171740944"
"29a8df78-c984-4617-a01d-6373f063dd16","2148743662"
"3dee3a51-aaf7-492a-bfe8-81b344f83e34","2042375902"
"19065db1-3637-46d5-8314-910bc2164f9c","145163287"
"f2db1575-17de-4e74-8773-a241f33e888d","103748335"
"263c6639-359d-46f0-b983-5391b0064adb","2185495044"
"a14f7873-1b8d-4370-a039-410714db8ad9","9508344"
"f69af78b-5f37-4204-a303-6a4b84b016a9","2165119279"
"f72d3575-a936-43d9-ae3f-905bcb81edac","48615144"
"9b67bc29-8a68-4c5b-a2ce-84388b3e0a60","2165121247"
"dc1c1f08-a693-41f7-aa6e-9b5982c639ca","2118039387"
"66979141-2084-4552-b3bc-6fac3c80d39f","2134885308"
"d50c390d-43f5-4ec3-b4d4-30488f7d6e16","2218269629"
"1a0c0730-accb-4c97-8121-205b2aa9edc2","94498030"
"018670ed-dc8b-40d9-8603-c174d40d08a1","3588170"
"c3751c66-4005-4191-98ce-cd13860b93bd","1751063"
"88be9e80-fb53-4579-84b9-4b55c888ba81","4766090"
"54fa8c11-e03b-4dcc-979e-93f9839223b9","69498597"
"1afd391a-acda-4d80-96a2-08cef2e46609","2058229754"
"2d49315a-2bda-4099-afe5-835348742e35","2254605654"
"91f251dd-04b0-4d65-a0ec-c914426218de","2254593347"
"4653ea4c-787f-48fe-9597-781bc9768f94","2242458642"
"924002a1-42ae-4b12-ad65-d2cc7bf8b41e","3103606"
"394f59cb-1042-4b72-8e75-c649fd1e725d","1945497"
"dd57d6ab-8163-463f-94bc-81a5c1e1a554","145620436"
"000bb281-68aa-4a92-bc78-5e8a2b3381c0","2204634"
"21529ae9-af2e-4383-b22c-630272463d1c","120746852"
"c54c80be-a15a-4db9-9331-a091934634c9","46246276"
"fc27e811-6da0-4207-bcbe-5658d2912298","145374841"
"734f2811-7b3b-42e0-85bd-ac9bc98cd290","2137978684"
"c95da3ef-0cda-4a9f-820b-0c3e267e313d","35317671"
"8effdbb7-7b5d-49b2-a592-79e147ddc185","152798330"
"c2f93854-d583-492e-bceb-78c7a159cb5d","2160592"
"4e67da82-4fbc-4f26-8152-35f9a38a89b0","2867436"
"4d787a3d-9d1b-4788-b766-88d09428daa6","46701382"
"9fba2ed1-5e48-44a0-be1b-2e28773235f4","49599939"
"369c3e60-2a52-4a5e-942c-395b3081c8c1","21100178"
"8daa3fc9-86d6-4737-a06f-6a26ce51ec5f","2187592510"
"5e9b35a3-dee9-4cb9-9141-040889020940","2114169351"
"a73466c4-5184-468d-a874-cc6db3bd0788","2087010586"
"b3b9285e-351d-4d60-9eb5-80c2212195c2","2212569581"
"ad04cc10-f11d-4795-a80a-b72488316098","47911943"
"bbbf7252-da50-4c37-a47c-df5550006acb","72655192"
"f60c4d8c-b413-4a0c-b0ee-ab6c82f5d74f","2133251942"
"720f3dd0-8194-42ba-95db-d348f2cf0043","2086311110"
"3804a5b4-445b-4a63-900e-3ebcc0c82948","101395745"
"3e8ee096-62ef-4c23-97c7-1bb226f75234","49779112"
"7b309fc4-b0a8-4497-a06d-3cfb4caffc71","2064609386"
"a59c4b5f-c2fd-46ae-b8c1-eba8ad08fb4a","2107426662"
"3c214ac1-8217-465c-b9e5-24b556608fbb","2144165491"
"32fdc372-baba-4694-95c7-bc54a01535ec","31377874"
"ab02989c-e0b2-4697-8aff-eb2a42ae12cd","2054107756"
"7fa66252-51d8-44d6-a3c0-bcea5e6aef6f","2282880222"
"ceb84cd9-98ea-42fa-b884-9eca6fe38f17","2922786"
"19fde00b-a62b-4535-9581-81e013a0dae4","2282637779"
"1b292455-8e1c-4f10-8280-fc9228d73284","2099191265"
"ba38be74-a5fd-4f7e-b7d3-1266946c6d1c","145004352"
"f319aa1d-5ec9-4b2e-96e2-d85751d25fc0","41191917"
"be193578-9d19-477e-b6a3-a90429a716b5","2265012"
"ad58222e-1838-45ae-ae83-259a8089a314","144073377"
"2284ccb0-b109-49cb-8ace-c4cb65dd81ab","145862828"
"d891c9c3-8943-449a-bfdd-17e76f6bf806","1398772539"
"80d84018-becf-4dc8-9638-0290fa0db7de","46413411"
"b738e172-de6e-4676-888d-d7f5d9bb8ceb","2144192022"
"67b3dbcb-5da9-4565-b79b-f182e5e68748","2052274637"
"58fb76fc-b769-472c-8fc3-e020bdd2b151","9322872"
"fc5b2a7f-3388-4875-a3f0-19b56d26ea00","2110484249"
"610a37b1-857d-4fa3-9885-6caea0007e3c","2054266844"
"700ca086-1d30-4f7b-8a69-ee9f3024c32b","3288723"
"ffce8eff-ba21-4878-ad7b-4b321adb866b","2165720028"
"fffb9dc1-921c-4642-8f30-4395e8058994","101488100"
"a52a6a87-82ac-41fc-bbe4-e3ff71da26c1","50443926"
"b11b3c08-f006-417a-a7d8-3e8582298289","66482505"
"8cc5d98f-8ea1-4880-9574-6981960186c3","2081402944"
"dd419b12-e9c9-4739-8865-47ecf2f567f7","143859585"
"9f087cd2-881f-45ea-892b-4d313a6c4443","101231366"
"dcbe01ce-4ec7-4b11-bd67-1a855e931ea2","2107998149"
"7f55a484-d538-4255-92fc-f503dd0b735b","2767626"
"31791e1e-4627-4d75-bd1d-471c5c776b0f","2220587917"
"98d33888-98d2-4d3a-92b5-121a0e189968","47555405"
"d256cfe6-2b69-47e7-9a2c-b8af22669b22","1380177214"
"e42e29af-d2ae-421b-a28c-a12d9fd49099","2211019857"
"83b70236-b5a0-4f12-b693-ba6fd7ce6e9f","2100804982"
"694ebb72-2644-40ee-8f40-e6a51bd6e907","2106533138"
"69d1d4da-ded9-4ecd-beff-17ac9fdf623f","10067170"
"7248f9e4-c113-4a48-9022-8864af5945bf","2149066705"
"d6f8ed32-8950-4fba-a8dc-1a8ba7f7d8c1","2149066703"
"f1d49c59-be7c-4be8-97fe-94ca122c14d2","2149066701"
"a6f4a8af-51b6-41ed-aa21-b2188cdfd7f7","2072692550"
"ab02989c-e0b2-4697-8aff-eb2a42ae12cd","2149067172"
"9123ec77-3bfa-457d-af96-3b86bd0c2ebd","2149068942"
"637746d4-0e8e-465c-b3cb-e721fd7f6f86","2149068939"
"d651c4ce-1745-481d-958b-0a96c2763c8b","48823005"
"88be9e80-fb53-4579-84b9-4b55c888ba81","2196945393"
"978b4853-0a26-4abd-8763-d83dec854504","4263131"
"1d9c4a1a-b2dd-4f09-9f3b-e50622b7732b","118306735"
"fd9e07fd-eb8d-42f5-a064-869c98da03bf","2066733276"
"1d9c4a1a-b2dd-4f09-9f3b-e50622b7732b","40619127"
"3c4aabc1-0b17-4621-8a75-494559a255ac","2004639459"
"edbceef7-a235-4057-b9cb-7e37889db450","144137607"
"fcf63dfb-1b49-4e02-a3ae-fa082cb3c325","2053375135"
"4ec39403-bc8c-4a02-bb66-12bd1364e1bb","2097063"
"e63bb80d-aef8-417e-a5ab-542672590fdd","143936790"
"fe54f13c-1a6e-441b-a399-f775f6d940fe","2426480"
"cd6e004d-9b95-46e2-b6ca-e69b4ff48e60","2152355959"
"c8243c6d-617a-44a8-8e51-2dd67da89c7e","1716932"
"8a9c6c41-fa5b-417f-b7c8-b1584cf8d060","148087300"
"55b413f5-3dfa-4725-b968-188133539c68","2074013684"
"ae4eb432-f459-4032-bef6-1489b86dd351","143968868"
"fc5b2a7f-3388-4875-a3f0-19b56d26ea00","2062950334"
"853ba93d-a2eb-47df-b45c-0005ae78e850","48670721"
"f85af000-329e-477c-9f5e-a264b7f4d1ad","2054110518"
"2ed9deca-9531-476b-909c-ed10f019c0ca","2188297222"
"017e9dd5-8025-4c43-b08d-0c3e79ed9600","1642395009"
"edc35dfd-2173-47c8-90bf-a5aba0369c6b","2939191"
"82b9121b-6580-48fd-8d53-a75c2a55dd4b","2194404749"
"8f8c28f0-6794-4083-8331-5b2705f9217e","100846637"
"76a3613a-f981-4e71-b74b-d515460e0557","152312695"
"88c4659b-6818-440e-8f36-18bf14a196e9","143787350"
"be8673c4-695b-4e79-8cad-4a99dddbc5bc","35506058"
"ccbf3c87-03e3-46c2-ae38-c33542f4d527","145760108"
"9b67bc29-8a68-4c5b-a2ce-84388b3e0a60","1694268"
"2fb6fb74-1dd7-47b3-b47d-35051d821c85","2130188642"
"b521aed7-6f6e-4710-badb-7796de9456e2","2079394421"
"9895515a-d6f9-4f10-a930-4e4aa15ba010","80093946"
"d6e18227-81d9-4117-93aa-48a8a4119ab1","2079393401"
"c56e799f-6bba-46fd-9b30-ea04a770dc96","2079394202"
"16d46d67-d81a-4510-93ed-333b88f7c667","2079394204"
"911d59fc-9a36-4f87-b251-ed27a26436bc","2097237011"
"2f5675b3-e5cf-46f2-9a4f-47f3bb56a499","52131942"
"a91023b3-9406-429d-a8a3-f57a1e65c61e","1733490"
"f92290f6-f600-4c8f-83ba-bea34262ee94","3116986"
"64b55053-56ea-48a5-8910-d96cc998820a","147587749"
"ab3d08fc-91ab-4394-a920-4c7a1a3c24b5","101142463"
"0dd216a3-6035-4b2f-9fec-4ea262cb2613","145949227"
"6a4a906a-a18b-4aa1-9526-72314127b6fb","40897971"
"a78895df-ce44-4c46-a0c3-372bea465f31","2118897547"
"2ef2162b-e89f-4324-be99-90ed009eaf27","2113723129"
"e3cd38fd-a8b8-4de5-b8f6-faffc706271f","2291714106"
"62b4e3ab-5d27-43fd-b4d0-4b60d30a3946","66961853"
"64b55053-56ea-48a5-8910-d96cc998820a","150352767"
"60741623-65be-4f21-8cd9-2ac4f5894742","38418995"
"ef592c34-b59e-4dc7-874e-ff98a3178606","2155798676"
"3804a5b4-445b-4a63-900e-3ebcc0c82948","2145180846"
"e61c85ae-7cc4-4fd1-b02f-7c4e7f1628c7","5606053"
"9007ccb4-6f47-4d8d-b372-68c12d9d353e","2248010645"
"7a59f47b-ed53-49cf-8293-6e4c64747681","2265266023"
"2d27ac4c-823c-4b1f-980e-031fda62d67c","2047187343"
"fa4ac384-8a2d-4550-99ca-47c6d399948e","48748548"
"2eaa89a1-fbb6-43df-89a6-eb62e516c411","145764891"
"5d94770e-f822-4399-9cd9-3eac2264826b","51923198"
"2df26225-4211-47ba-a6ea-aa752caa3345","102309532"
"f6cdef5f-02a1-4319-9d3d-31b1b2c5f315","2117226668"
"a554d838-52bf-4eec-b774-1d6f97d03a62","2142040556"
"4c61b857-9df1-4ee5-86f8-ee4617f07a68","2155470607"
"3fe75630-1d11-4e03-b3aa-4d5d7439c2f5","48026558"
"39f41ca9-0153-4ee4-97a3-0a85c4ea64e3","2115756654"
"788b2992-864a-4266-9c8a-8ce19cace040","2169565682"
"faac45d3-6292-4cab-bf1f-df43248982d1","2169589378"
"7fbff0a2-ddc3-4812-b47d-9552cfcbdacf","2004246648"
"bd54e623-b65c-47b7-9aa1-3345b21ed313","1679879"
"077d40e0-17d1-487b-aab8-a28a9f635c32","1738130"
"caad7c14-3c9a-4c5a-8123-fcda93853248","145191971"
"eec4bdf3-ccc4-4211-b16e-527953811dd2","94846822"
"75e1d9b3-d7e8-4d29-a173-81389e98b168","1992767885"
"eb2615e5-4837-4824-8a78-79b747c9c359","2143977371"
"559ee212-e18b-4eea-88c2-6c4da999cf47","31476295"
"6a3c9213-19de-467d-8eb1-ab16042869ee","13903617"
"66e32a11-e525-4fa6-be36-b0a733ee74ac","1691782"
"6aece803-4982-431a-a7ec-ecd17982e379","79784265"
"8147d371-e3b8-4ea9-9706-781afde3fec5","35721832"
"d762e953-6c68-4107-97bd-7d5eee829401","35674371"
"853ba93d-a2eb-47df-b45c-0005ae78e850","39948422"
"6ce6e1b4-6616-47f8-9420-81f6d8a6832a","145095308"
"6ccdd08e-9616-4212-9a85-c55cc477938a","2132184115"
"7a253aff-bb33-4762-88c5-fd7061905594","1733335"
"3f2a6b02-6c35-4a3f-bb18-c70a21114dd2","1741984"
"fecfb939-9af5-4bcb-a4f4-6e563c7587e5","47644980"
"791ccc7a-7378-44d1-820b-5c5778945257","40641174"
"90513746-91ff-4b7a-8076-ec6d877242e2","2056740443"
"f1ebb1fc-4af0-4cdf-b892-9364d492c9db","18166165"
"ec38fa4d-84bb-49c4-a59a-344f4a6f9438","48513806"
"2d7f1084-a220-40f3-8cd3-a2f5a67eb59f","22417607"
"b3e04e1b-559e-415c-b30e-09d14aefb6ac","2185324519"
"13fa0108-442a-48d7-9305-8161e5962422","2165612218"
"a7a65f9e-a055-499c-bfc4-77334f1512a9","2116585702"
"a758611c-f73e-421c-a148-3f0a1919d78a","46174714"
"0279ed86-7bb1-4638-8901-da0b85acdb4a","7256081"
"028f37e9-7a54-49e8-9022-1993bfa9246d","89966239"
"6c1c82c9-6556-4600-943f-cba91060c285","2752546"
"627f6e06-2df5-4651-99a6-d60304942581","2047388419"
"6a3c9213-19de-467d-8eb1-ab16042869ee","2061159988"
"561cd9b9-7b51-4350-b90f-1b7ac93f610e","88876805"
"9102386c-6303-4499-9de2-2d0138bb17ef","1688033"
"d256cfe6-2b69-47e7-9a2c-b8af22669b22","2141668"
"da1ea1d5-5244-480b-b702-8d489c06ec2f","50285721"
"2d8c2221-8721-43e1-b754-7dc88afc648f","2267108236"
"76810112-89b0-422e-99fe-a9bf67f45b47","40953510"
"7e1fb60e-9ade-4abf-9b98-7a6c50bf3523","9966584"
"9aa39533-17c7-45ea-b825-30ee5fc7019a","145170125"
"0b56301e-f8ab-496c-b4ee-8246b9465136","1392198096"
"8012314f-c830-447e-ae6d-19ab82d1f33a","98358071"
"eb856829-6b53-4ca9-8e25-10a7a3549c3c","2244421744"
"a3bd210a-d3d9-4cd1-affc-aa9ee77b25dc","2125088468"
"e6a8847c-97f1-4581-9a9b-468a4cfdc414","2238322007"
"137e3d3d-e6a4-4a9a-85fe-78622a054773","2244245001"
"7105d965-6ca8-45ab-9b8e-a80aee70fef7","9350120"
"47914033-879a-4eb2-8698-214c436110be","2118492219"
"1dc9bfd5-74db-4701-b155-cd2ff6f293de","2152527913"
"952ea6f2-715b-47ab-b5af-b874f9c87965","66288759"
"90b24a49-fce1-4a54-8c6d-e27e9557a308","2146408342"
"a3771614-23c8-41a7-827d-a2f2e1f01a6b","152431156"
"03a55507-816f-4127-a8b9-7eeeba1b660b","2271438672"
"4a092844-0ffc-4e7c-9833-d225e58275b0","2109127357"
"394f59cb-1042-4b72-8e75-c649fd1e725d","9087210"
"b28aeae3-81b9-4cb7-b927-89633691f021","2266142537"
"7027e535-3812-4ed5-9a79-dba6d963600c","2150496103"
"0f953d74-07f5-4fbe-a4ac-fb2cba08c30d","2267030677"
"e532a63d-a518-41c1-ad7d-926986cde753","31947024"
"bcb67036-85d9-4568-ba57-c7ff1ae33c6f","2263082585"
"09d975c5-51b5-403d-bcb0-7ccc93684d84","2267076835"
"d40c1f57-d2d1-4d33-a9a7-89456bd2ba49","10192900"
"69791370-3b91-4bf3-a67b-f492f712744c","66903454"
"39f41ca9-0153-4ee4-97a3-0a85c4ea64e3","3138551"
"835a4d41-56f1-4105-b7aa-b11b67ec04b2","2108554423"
"4d9dc215-2a28-4837-8b0c-2792f2264ff1","2153612838"
"faafd41b-2ab5-4c26-b04d-5296eaa38d70","2340739"
"68db5a78-4fe1-455e-9598-a04825540661","51436036"
"2da8bc6f-db77-44c9-94de-eaabf9531c7b","120083806"
"e981ff9f-6068-4d49-a5bc-3686408f858d","150345465"
"30bf1218-60c7-4cba-b3da-67d50369f9ab","2118916253"
"7e9264d3-d366-4cd5-b7ef-8ded6b462dea","1395601464"
"6c502528-06e3-46a0-b535-f5b730481b14","46175242"
"b138b3b0-5207-4a35-a4b1-9ef866f15097","145157670"
"515f566a-d109-467c-af77-bf567b93d818","2136943586"
"6306923d-eaa8-46c5-9985-ef7edc83732b","2042833917"
"b3e04e1b-559e-415c-b30e-09d14aefb6ac","1836444"
"9aa39533-17c7-45ea-b825-30ee5fc7019a","2078172756"
"848dc153-0fc7-473d-b692-3f99ab7fb6aa","1878417"
"4dc9110d-ec79-4971-80ec-9dc2edf7ce8b","3054970"
"338918e8-1da6-4c91-8348-b8ce9dbd9ee4","145267477"
"581a737e-5489-462e-b6ef-aa63885a3466","3268113"
"51d3d31b-7407-4b25-ad26-586041560c10","66454750"
"bea002b5-6f34-4ab7-a8e7-9159a1e54ba7","50778742"
"2874ad02-5cf6-4bc0-9152-8a97a9a55eac","9448328"
"e1605cdc-f1e0-4eb3-98ab-7695b5a55698","31231115"
"ab6d2d27-b94c-4347-bce0-ddc57e4c2970","2112225843"
"16b0bde5-cd9a-4b57-956d-8ee086a339a5","6238419"
"b589fd57-b72a-4302-abd3-59e7f94451aa","2287277085"
"caa8278d-b7e0-4797-b076-0892c8f9af3a","145501904"
"7b309fc4-b0a8-4497-a06d-3cfb4caffc71","2110814024"
"edb15537-17c9-41aa-89f1-5622c6c92471","2243358671"
"a8bfd45d-e0b1-4af7-8588-5c6e7d78d527","2242950581"
"9b7f04a6-40c2-4eae-83b4-dcc0850e180d","92779817"
"ae5fb869-97e1-451c-8390-db3610ce4eab","48950042"
"2031925c-5c09-4b7a-a017-d2f85d11049a","144199825"
"1153467c-2c65-4271-91d8-79f7bdd71040","107951471"
"a05fc68f-7f36-4cea-9cfd-7d4bbebc747a","91740505"
"ae87b780-47ce-4986-8038-ec3680b794a9","52178662"
"1dcbdfff-ee66-4cd9-9c5b-75c67f43a49c","6624329"
"e1dfc587-4998-4700-9b14-8743e75663af","2582833"
"7de4084f-a651-494c-a0b3-695a02dc952b","2356710"
"f38d667f-9d2b-4bdf-b36d-8c95e0333c95","2069630434"
"2874ad02-5cf6-4bc0-9152-8a97a9a55eac","2644230"
"86476f69-0253-4cbd-a0fc-6b79b1e55ba0","11225012"
"02e78748-7739-491e-8533-c532f4510f2e","96387556"
"a8cb0abd-bdc8-4353-a078-6de6847d4f4b","2116553636"
"e9693d05-7001-44cb-82d4-9d1e5a2478aa","2107194391"
"02fdb1cd-b2e6-45aa-878e-22c1f96b1313","2218699999"
"2f5675b3-e5cf-46f2-9a4f-47f3bb56a499","2146294952"
"5f40807e-d082-4201-b952-306c9bad5b4d","2090384033"
"880c56b7-5cb1-4d0d-8a78-03575391b2d4","2111175480"
"904cba34-c20c-4bbb-92f8-6c2a4a6e7c72","2112268700"
"134b48ce-9c91-4f2a-845b-a717546333d8","48171977"
"9007ccb4-6f47-4d8d-b372-68c12d9d353e","2066549526"
"64854e20-0396-48f4-acf9-f7bfadd7d91b","2064799326"
"c92bfd67-9447-42f5-80e9-4a663ae99a8e","2087100592"
"57e6ee18-dab4-4d30-8648-83bcf26f7bb3","2743186"
"e145f061-efcb-40b7-9740-127e21cab4bd","71912881"
"e9182c60-3849-4e90-8827-b798019671e1","2031134"
"96f5e60f-39da-42da-86e8-0cfce4870e13","145610521"
"59793b4f-b58a-4cf7-a159-aa94b994e4f3","2428710"
"9aa02f41-27a1-40ec-b6d2-87da34e2585f","50819995"
"ae556de3-0d80-453f-993a-04d49d017e5c","2640077"
"cbd4508e-bbd3-425d-9242-8628c938fc49","2108167727"
"4d9ed2fd-f580-45f8-90f0-e85504a227fd","2087783065"
"e2f67a63-0615-4042-9bc1-2315dff93474","2118439250"
"138ebda5-588c-4a29-a218-435834b26e6a","1576353545"
"f09aeea0-5b1f-4cb3-a27b-5006c07c3012","47074232"
"02fdb1cd-b2e6-45aa-878e-22c1f96b1313","120280897"
"75e1d9b3-d7e8-4d29-a173-81389e98b168","2195253992"
"4ecbe54c-51f9-4209-b7a9-4c3def181392","145014498"
"b52fbb96-e7ee-42cd-a991-4a6bb6985fc1","2176510609"
"e1605cdc-f1e0-4eb3-98ab-7695b5a55698","2115663743"
"9d126db4-1a2f-4ae9-a0d7-1f6ac5c6a033","144727645"
"0b800ad5-0fda-4a04-aefd-3f06652360be","2152540100"
"5a723f60-083b-4924-91d7-218259eb319c","1410122537"
"6a49281b-ac48-4753-bfa2-b8d9b759dd0b","1711211"
"e54e4d61-d144-4a3f-be95-dd82e4ff5f8a","2166041066"
"f14b32c0-85b1-4e95-a7c6-51417ccb7fec","2000360287"
"dbfe3ebf-813b-4cdf-abd6-6d6e6ee45c3f","2075369693"
"cbb11065-7f48-42f3-9ef1-5c0db4165db6","143758710"
"26b12288-78a4-48a7-8d7d-036764373ea4","49170437"
"ee7651e4-03f6-4487-84a1-bb823b39598d","48246248"
"694ebb72-2644-40ee-8f40-e6a51bd6e907","72445888"
"36cbb9b7-be8f-4b52-9b7c-1fd16c0f2daa","49729940"
"192c287e-46c1-4fb5-b6e2-d9379c4d507f","144647626"
"1c48095a-3b0e-44ea-8339-11a2040c1954","2110788576"
"21529ae9-af2e-4383-b22c-630272463d1c","41131768"
"694ebb72-2644-40ee-8f40-e6a51bd6e907","2144646766"
"9c6c976b-6047-4f1f-9f01-7eb6f94cdcef","2109030716"
"f7925262-6a4c-46f0-8a48-b2f83e043193","1621039000"
"507ae1ac-f7db-46de-9509-98f8fd936e5a","1878689717"
"1d7bd5d1-b13e-43a1-a19b-b968709beec6","2248611933"
"fe07a480-d4cf-4bcc-b2fe-4a90d7b1fa95","10005493"
"f69af78b-5f37-4204-a303-6a4b84b016a9","2271363"
"2d8c2221-8721-43e1-b754-7dc88afc648f","2186573179"
"fffb9dc1-921c-4642-8f30-4395e8058994","143694132"
"e2bc9be5-e9ac-4572-b861-3c4e8ec1cd90","2112737701"
"b03c5f4d-0c56-46ac-973d-402dffdbed21","2198854434"
"addff3a6-2eff-40ba-9b2c-5d1550d5a131","98120577"
"1f5eec34-3584-4268-86a7-67c22f598d2a","2117943048"
"e9693d05-7001-44cb-82d4-9d1e5a2478aa","30969255"
"751ced26-a88e-415c-8ba8-509162b988d1","50030946"
"ab2d9633-d9ef-419f-8446-9314f683454f","1966015093"
"634c56eb-400d-4b8f-b4ef-0428509fbb42","1713502"
"ddbbf8d9-488c-4b63-8f69-a026379fbaa2","2057683655"
"4242d11b-2eb2-4e1e-8757-83db9a7fb3c8","2053399751"
"0aff5df5-39f6-4786-b949-4973b0e101a2","48783219"
"5404b3ce-d512-4b90-bc7c-10dbcda6186a","2144181571"
"f7509cf2-65c1-42f2-83e0-79b55b685153","1870779"
"bb9c8229-c709-4d53-8450-b0832553a525","1591131382"
"8dcfc877-0ec5-4263-9e95-b419c8a42c83","31289209"
"950b2b24-5618-4923-85e7-81b0662f1a1f","3934535"
"b8ae5325-862a-4486-82af-7eb08c663ebe","2112609278"
"0b800ad5-0fda-4a04-aefd-3f06652360be","2146673466"
"47b9910f-3d43-4cd0-8542-ce2804a93677","39346978"
"c4787c6f-9eb1-48cc-a250-4a958388c6be","2034272638"
"61974509-371c-4d2c-a551-8237879fdf32","31274642"
"0c6c19aa-c705-46c5-ae8d-94f60711bd53","2093201543"
"f0ef73fa-dc98-42c5-88fc-93defd58f72d","2106700925"
"f2e367cb-831b-45ff-ba48-eb1bea1c2fc0","2118443126"
"0003871f-8cdf-4fae-aa5e-c67f305632d1","8626548"
"be007510-d4e7-4a01-95ce-9860de132e14","6495009"
"6ac82d79-9ff3-458e-bd0e-1ea682bd2824","2266905115"
"978b4853-0a26-4abd-8763-d83dec854504","2266905490"
"c117c918-9b29-4b48-9485-6361f61d6dda","35206822"
"e5b07c1d-d5c8-41fb-9f0f-007c0c4b8100","2144471553"
"e5b0ac9e-7da9-4f5d-8a01-b21a3d2e83d7","47492231"
"9d148b61-e362-4ee2-a495-e4a3fc08f67b","2129247655"
"e7e7bd62-06d6-4654-8549-0ff9d042c8b6","1471159263"
"abcdfe9e-526f-40a8-8224-5dc3b3b72951","3234087"
"3f4b2ab6-1745-4ba2-bf6a-15b7e2379786","1846421"
"d2ba974a-3ee7-42d3-baaa-a9e2409d027d","2169479449"
"a8bfd45d-e0b1-4af7-8588-5c6e7d78d527","2174413890"
"98d33888-98d2-4d3a-92b5-121a0e189968","9484996"
"609fe3a2-cbd2-4fd2-b376-108c40291f95","1798355"
"e242c1e0-7fad-46c3-a697-9e17cf159e31","2691343"
"45773135-434b-46d4-864f-bf1b8a6b153d","3280912"
"a4d3aa46-2556-4dae-8da4-37da544175a0","9356807"
"4c4d4a24-4d3c-4418-b7f6-d5cd2a4d5975","2178478966"
"ab6d2d27-b94c-4347-bce0-ddc57e4c2970","3205984"
"26b12288-78a4-48a7-8d7d-036764373ea4","2153603567"
"c61f750b-cfc6-4785-8598-f430ffc4f56f","13603776"
"2031925c-5c09-4b7a-a017-d2f85d11049a","2592284"
"e802a6ae-89ec-44ba-8aea-1e11401112e1","2074582"
"8113413b-9e13-4bc8-a6fb-86d8523154e9","2152954453"
"8effdbb7-7b5d-49b2-a592-79e147ddc185","2999629"
"dbbbd164-9bdf-4cee-a2ed-b8400fecd84f","2117944008"
"d0b9d06f-d282-48c8-ab7c-3086c4642499","2247505941"
"1b020a4f-0055-4142-92a8-792979a95c90","2266548879"
"1b12f7be-0ac4-4916-a11c-18933f8d77a9","2193906617"
"9bdecee7-31a5-4a1e-993d-c50d46e83cf8","1921692243"
"dbefabc3-0682-4518-a002-2e6e43535cc0","5229125"
"f5f283ae-0ddb-4acd-97d6-a4a290f0f545","2134503065"
"d83e9ce2-aa86-4381-b7af-5ba761905cd8","2015839"
"974e41ae-7d0e-415c-9a1f-b8b2715fa48a","27091035"
"bcb67036-85d9-4568-ba57-c7ff1ae33c6f","3281836"
"a73466c4-5184-468d-a874-cc6db3bd0788","143905597"
"88af38db-00cd-436e-be58-5751470f0099","2157220215"
"218af386-c23f-46f1-b1b1-8bc0b5cd0527","48847448"
"c4fcf8c8-fb76-4b36-a3d7-ad7b426b8dd7","2011760"
"4882e8d0-684e-4278-9a74-e637e1c2efd8","144569427"
"5f5c66b3-eb6c-4371-9ffe-aaa43e6e9399","38695258"
"8de52948-627c-432d-8d08-a3f415a01703","2267932643"
"98a6803c-053a-43d6-a6cb-608bcbe8bb2e","30550622"
"fbc52fa7-25be-4063-b74d-ff4e6503a5cc","2160737685"
"a38ac32a-7d5f-4e3b-b54d-fda993fae68b","2152611341"
"05a59417-2e5d-43ae-904b-5ec5f1e86193","2130035801"
"9ac46188-dd80-4c1c-b2ac-e80ea2845a30","2118390397"
"1f67f40b-1da0-41b8-bae7-8b301b6af7cd","32689680"
"96f5e60f-39da-42da-86e8-0cfce4870e13","2110877810"
"f1537b2b-3fc9-41e3-befc-e439a571f7c6","3403532"
"bbbf7252-da50-4c37-a47c-df5550006acb","2142647555"
"434553b1-0fd3-4ded-9b58-384ee368f837","1557260113"
"151e10bd-fe77-4111-9253-89e7664a47b2","2146239834"
"d2ba974a-3ee7-42d3-baaa-a9e2409d027d","2115447526"
"60e15eb3-cc50-430f-94d8-ede655a762f1","1411068077"
"c9bb8790-b436-4579-99ca-62ff019aa056","39084624"
"03a55507-816f-4127-a8b9-7eeeba1b660b","144561573"
"bd8dbeac-e5f7-4d4b-9712-c516bb7a3357","1398217037"
"b30c8d6c-eaa1-4a46-9d05-1b0c69e24b32","103931242"
"4653ea4c-787f-48fe-9597-781bc9768f94","2059078279"
"d2a546bc-4020-4fbf-9295-0b02523c696a","2155569398"
"97a542c4-2b75-4a6e-9489-f4dfc4e5c503","48931052"
"7cea5fce-637b-4ce4-a9af-d945dff98c83","2146315232"
"99cd7147-b83f-4a52-9ebe-74bf5b398b02","5444444"
"5dbf7dbf-277f-4b0c-9dd8-beefb2b927eb","2115860003"
"751ced26-a88e-415c-8ba8-509162b988d1","123770823"
"5ee89a67-abba-4758-b3ca-59cbe322f656","1792973"
"a8bfd45d-e0b1-4af7-8588-5c6e7d78d527","37173561"
"aada04b7-41bc-4bd0-b567-996efa652732","2090350234"
"e31bf88d-c3b7-4dbe-95b0-5fe745a4b67b","2070271052"
"e802a6ae-89ec-44ba-8aea-1e11401112e1","2191509862"
"2df26225-4211-47ba-a6ea-aa752caa3345","15258999"
"e94e49f7-552f-4d31-8833-57a70e86a3be","40582307"
"99c43d06-8a40-425c-8614-2993a7673d74","2043234013"
"27cec7a2-fff3-47db-bf10-00f59676ecfc","1558681297"
"8bc2d976-2623-4930-ae8a-2280b4923cce","92374189"
"ce619c62-1436-441c-8a7f-eee4ef233242","2075433275"
"7e1412dc-f326-457c-8ca6-a8282f4464cb","70234052"
"7cf0c632-2879-48bf-9c3b-9614fbf4c499","144270416"
"575e39b8-db9a-410c-8601-92f8c114595e","30984795"
"8be24395-0ff0-4ed9-b790-44c038dbcf5d","2939347"
"751ced26-a88e-415c-8ba8-509162b988d1","2108142262"
"90b24a49-fce1-4a54-8c6d-e27e9557a308","47008778"
"25aceae9-eaa6-41c5-b26a-1dadbc079c23","1996195"
"f51ba658-b3b8-430e-a06c-6f2bccaf4164","2133622"
"72ece01c-e40e-4f7f-93e5-baa15c3b8afb","1720845044"
"dbefabc3-0682-4518-a002-2e6e43535cc0","2374191"
"e2638f10-8c14-4640-b85e-a9689b9d353f","1703166847"
"a8cb0abd-bdc8-4353-a078-6de6847d4f4b","2151549468"
"ce97db96-25e4-4361-a2d1-3a11b674f9d2","1764969"
"6d24720f-a774-41ab-81f1-583822b8450a","21471109"
"c647affe-6e43-4baf-b973-d5eb9353a74d","144770932"
"88c4659b-6818-440e-8f36-18bf14a196e9","70222126"
"31791e1e-4627-4d75-bd1d-471c5c776b0f","1735291"
"4fa528e9-1a84-426b-845f-3890a58513e0","152599370"
"8617b101-c339-4172-908b-377da14a390d","2148847312"
"90b24a49-fce1-4a54-8c6d-e27e9557a308","2218775202"
"e61206c8-1ceb-408e-855e-5b2e0d8b3e2d","8200163"
"34aa922a-7ec4-45dd-ab6c-9e9761843fcb","2146875160"
"9882bd2f-eca2-4bf0-b0ee-8a63329e0f0a","2160528632"
"fbc52fa7-25be-4063-b74d-ff4e6503a5cc","2137584333"
"c2dcbd8c-39e6-4fb8-88bf-e6fcbb733efc","147595985"
"b2d8dbbe-a745-465a-ae5f-d9d202d90e43","144412037"
"73d0ce8c-45ca-4d33-b654-32d026ad0ea1","2212672886"
"4c4d4a24-4d3c-4418-b7f6-d5cd2a4d5975","34531831"
"01948e9f-3afc-4f70-89a7-459faa9f2845","40988419"
"7d957213-d62e-40cf-8d90-b0b3118a2177","1752197"
"135506a9-5cae-41d9-860e-3685d069136c","1651611341"
"3c81eb91-eb76-47a5-bc6c-8f200fbdca17","15366346"
"52e92096-4013-4a3f-b0c0-6342290b354b","2022069"
"b9e8587d-d041-4838-b016-a1d6be503d92","2067739440"
"2784b8af-3565-484d-b4a1-4f4f7af3e208","144106018"
"b1d12443-9931-47f6-a91c-e80daae4e2bf","145197867"
"e2bc9be5-e9ac-4572-b861-3c4e8ec1cd90","1809470"
"79f59aea-3a37-4e67-8a85-c30f44cf88a6","2519364"
"218af386-c23f-46f1-b1b1-8bc0b5cd0527","2988183"
"df430cc5-e33a-4594-9a42-274bf412b733","2119430859"
"02493ec8-e1ec-404a-9440-979cad21c310","1731490"
"a0d9ddee-65c8-4f8e-bc5d-012a66f5c188","3092871"
"3cd5ac2e-c235-4ff2-aab8-89236766757c","4453738"
"0f6eeb71-6626-4ba6-bf8e-e03ea64073d0","87795911"
"cf45041c-c29d-42d4-a876-b9425816e72e","2293436"
"2784b8af-3565-484d-b4a1-4f4f7af3e208","40348197"
"538ce7ab-690d-4570-a3b0-01fb947a3a40","2148891615"
"93ea85b1-49bb-44db-bbcb-f73e7bd0997c","2145978700"
"2d6982bf-f53e-4616-96e2-5f1f964f1e8d","2131194142"
"05e418b8-f7ab-4eeb-8685-b2701bd01987","66352043"
"73d4d184-9abb-4e1a-afa5-5db2cde110e9","1794016"
"dd9d46f5-e4f5-43a3-9fe9-7cb33d660bdd","1780248"
"85fcdd4d-3ce3-4346-98f6-6814a461c93f","153849945"
"48605864-d77a-4efc-9702-1956559b0fcc","1825757970"
"0dbbc255-eefb-4ae2-93ce-37b0f2e770a6","1769908"
"4c8b6d21-ffcb-4829-955a-da6d7ec9cfdd","2143836087"
"a3042f2f-91f9-436f-8469-6172ad2023da","2054473256"
"1b782fa2-8077-4590-8e03-d7c914160a21","2065922234"
"7a49830e-0d25-46bb-a138-0bbca1e2946b","1403285856"
"fd98ecfa-cbc0-4d8e-9ecd-2048837453b1","9416306"
"9f6d64d6-2802-42a8-97d4-625693c42f06","40830536"
"7039cc69-17b9-4794-990e-2f553a2bc6d2","2185308"
"6085e399-0cb3-469d-b78a-1e274c941a80","145406444"
"2d8c2221-8721-43e1-b754-7dc88afc648f","145468453"
"3e49c8e7-6b19-43d8-9b88-65d058515a9c","2143836100"
"3eefce84-88cd-4150-9687-6f11f82dfa50","2108547966"
"84863a0e-e9f0-4cb5-ae69-85e5d99ffa1f","112833425"
"9d3a1be9-6675-436a-8a28-75ce2e13dc49","2130428003"
"7e1fb60e-9ade-4abf-9b98-7a6c50bf3523","2150036125"
"5cf6091e-1201-4796-86bb-b96a7cf6227a","2127777526"
"ab2a6fdf-7fee-41ba-81da-399b9d9d3e13","2242761139"
"0b3949b3-bbdf-43ca-9011-9841c34240a4","2243141526"
"f6472b95-6b3e-4578-a19c-ca962e5fc5de","2239099131"
"7afee3d4-019a-4a66-a1be-d8b51f4674d8","2237819290"
"f4fdd110-76bb-4303-959d-81b9fc5049c8","31873138"
"063599df-9343-4291-9094-3d14effd0084","2499037"
"1e2cfa01-9cb2-4d67-aa8e-04e3066492b6","1857335"
"bf89f650-66e6-488c-ae1c-13a26a77f6cf","1768062"
"a4652a68-40ca-45c0-99e1-cc236ebdcdac","2088462863"
"15cc8f31-6aa4-419e-a62c-885a68c5b68e","1573362229"
"5c866ec5-4edf-4099-b7a7-c9017e8406b1","2080579"
"91f4fb5a-8f87-4b53-aae1-727657053e92","2029355213"
"2937f889-37ea-4210-a647-b12664b242b3","1394607419"
"86476f69-0253-4cbd-a0fc-6b79b1e55ba0","29447905"
"310c7caa-241e-428c-9361-7d017e7f59ca","2109247099"
"37bf04a2-d989-4ace-9484-1a6be79b2483","2199394268"
"86d80927-15e8-47ef-aed9-d38e4586c86f","31791601"
"8a852dc0-6c34-4f74-a63b-982d6435f90f","49321223"
"58a4dc39-21ef-4058-a2c7-1b3760b27d69","2733824"
"746bd845-1e3c-4b2a-b5b0-a5dab50243cd","145402622"
"d3e733d7-7790-459e-8e17-d8b7d5637a98","34321251"
"c1c70c95-9fd5-4bae-aa06-b31cd5700e6b","47909894"
"752c5db4-9b65-4667-86a4-11c824c8e115","8565423"
"cf45041c-c29d-42d4-a876-b9425816e72e","144041171"
"964834e8-bad6-4f2a-ad34-83483f6859c6","147075788"
"c53dc558-e3d4-4939-ac9b-291a9ff91739","153935630"
"ac01dc50-dfe1-413d-91dc-c1c8e698ce8f","2383044"
"b5c2b1f5-c80a-48f8-af33-c239e3bb2e7d","9344841"
"a659dbb0-5b7b-4f5c-b2c4-67f860f35503","1757500"
"6f044220-2415-4c28-b472-b093863aee26","2369544"
"64b55053-56ea-48a5-8910-d96cc998820a","2083427208"
"56ec3454-7edf-4dcc-8102-5824aaa74be6","1394016410"
"6fdc4c98-57bf-48ce-b142-b1487edc9f5c","143811945"
"3cd5ac2e-c235-4ff2-aab8-89236766757c","2005034837"
"82176e5b-ac3e-4605-abb3-7fa6e00d162b","50580551"
"e532a63d-a518-41c1-ad7d-926986cde753","107943547"
"5818c0e1-9fe2-4461-8408-734be5e73896","2601852"
"7382fa70-2fe4-4e89-8144-b0ed404c2f9a","2126128309"
"a74b1e1c-04bf-4deb-b02e-1bbeffd0c62d","32981010"
"7aeb2656-17f9-40d4-addc-2c62fdab5cbb","2855998"
"5b530f1a-cdae-4388-840b-c5f043ca0a6e","2064522510"
"21e24f6b-28a4-469c-833a-357e2790bf0b","2152582327"
"d4452c30-6bd0-4a51-8daf-4306b36b6b23","31179188"
"8c162c0e-25a3-41cd-952d-bbea945d4a4d","1788013"
"c778403d-2976-4cc4-b0dc-602c7ddc060b","1681192"
"bea017a6-7699-4388-82a8-460661522e4b","2116836791"
"f6dae539-6e20-476d-89f3-e05c89fe453c","3378590"
"3e7dfbf3-f48b-4e6c-b965-f107c29f5e7c","46282149"
"bcb67036-85d9-4568-ba57-c7ff1ae33c6f","1384873345"
"a059d6b9-e13d-443b-baff-ec95637f3b85","6754405"
"31791e1e-4627-4d75-bd1d-471c5c776b0f","153116354"
"614c9e6c-b531-4c5e-ad15-7e44e57833a0","1761868"
"2f8bd9ea-12e9-45b4-9e26-807a57ad5238","2176519108"
"26b12288-78a4-48a7-8d7d-036764373ea4","2174223231"
"ed14b072-33f9-4cc0-8aa8-834174ec9fb5","145571835"
"f4542653-2fa2-454c-9ad2-c9ab6eead9d1","122833256"
"f0de937b-3eaa-4ce4-8c0b-c7937cabe3ff","2110685531"
"580a1581-633a-43e4-b61d-6ef4c280da3f","69061802"
"515557a6-8b62-468a-bb7a-9a4cc67f1ad3","23187003"
"5ecb7fa1-5cf2-4cf5-ba2d-3b3b396c7e6e","51474101"
"22f54ca7-2bb4-4eb0-b2fa-d3168a585edb","2014587"
"7f1422c6-aa1c-4b45-b267-0be52b272b68","50226882"
"788b2992-864a-4266-9c8a-8ce19cace040","98797196"
"09151d22-8a87-4af8-969f-348fcbf6a06c","2239170841"
"d0b9d06f-d282-48c8-ab7c-3086c4642499","2256865761"
"2d27ac4c-823c-4b1f-980e-031fda62d67c","2256987105"
"86476f69-0253-4cbd-a0fc-6b79b1e55ba0","2152504516"
"a723f393-c6b3-4b6b-b646-861360dc0953","2099988707"
"25935cf6-1fb7-443f-ba8a-36e49961d08d","3014086"
"4e4ab3bf-b773-4634-b7a4-b055b6421697","2190721869"
"f2c98061-e497-4c25-b332-f35dba6125f3","2190722792"
"63d08daa-b4ad-4314-9618-83a283fa1239","2108266635"
"deefac88-60ca-4a87-aa0c-af936f1efa90","2149198586"
"dff31f54-c58b-486b-a7ce-a6738d1f4b0e","2119055417"
"56ec3454-7edf-4dcc-8102-5824aaa74be6","2142182"
"ceb84cd9-98ea-42fa-b884-9eca6fe38f17","2144303646"
"027d50e4-73ff-482f-8934-e134c575040b","2056352039"
"260ee7e1-38d9-44a5-a357-1e7cf894b9d9","2018093"
"5b192789-268b-4ab3-8310-52819cea0263","92485737"
"018670ed-dc8b-40d9-8603-c174d40d08a1","2047814881"
"3f2a6b02-6c35-4a3f-bb18-c70a21114dd2","14814588"
"8012314f-c830-447e-ae6d-19ab82d1f33a","46659744"
"18dc867f-965f-460d-b934-24eae14af9dd","2185087"
"bb01046e-1d84-4393-9b03-7e27d86cb4f3","2144479018"
"ab413ca7-1c0c-4c5b-8b9d-fabcb6eb3b2f","48601213"
"f11f6e24-e44a-4c7c-9e44-defa6cb616fe","123634078"
"ab4d352c-7044-4d1e-8c1a-8f3ee1458fc3","101999732"
"5d94770e-f822-4399-9cd9-3eac2264826b","1389654709"
"ea4f6e11-0997-45fe-84ef-1cd350ff8c82","26909074"
"fb079ea9-9d94-491a-b2a6-3a4f84fee40b","52440069"
"abe51111-7ee4-456f-971c-1746efa7a92e","2859906"
"48bf48e2-58f3-4ced-8176-d3ca57f0dd8d","49419199"
"9bff5a87-e001-40fc-96a8-c6d5dd0f2699","41050416"
"ae87b780-47ce-4986-8038-ec3680b794a9","148085678"
"76f25165-55b8-428b-8cc4-9a22c6c15b8c","2072407937"
"f8aa7061-e934-4bb9-a4a4-c21f0726c3c0","2108508475"
"b2d8dbbe-a745-465a-ae5f-d9d202d90e43","2143524182"
"66bf9073-da45-4c9f-9ef8-13452a0be36d","2144736408"
"923c2c30-2846-4b24-a25b-8765096cc466","46521904"
"a453384b-0b0a-4073-8858-83be75a1c384","2051532742"
"cfe56ad1-76b6-4522-ab58-bafd176ddd09","2145265371"
"76dfda02-677f-4059-b570-73c5ff2caced","145264912"
"368cba51-9788-4405-9a24-54aae65dbda7","95509831"
"caad7c14-3c9a-4c5a-8123-fcda93853248","2066115500"
"9903518d-afbc-45e1-919a-c531a20601c7","34612350"
"911d59fc-9a36-4f87-b251-ed27a26436bc","8341099"
"137e3d3d-e6a4-4a9a-85fe-78622a054773","2047485517"
"70144f51-d34c-48e9-8409-2c60f635b506","83083394"
"4040fba7-a7fa-4ead-a3c2-020b78d91a6a","2108661681"
"559b6a2b-ec3a-4887-8c73-78c3f58024a1","46246250"
"e695c216-bb0a-47fc-846a-025315827d84","2239198037"
"64f365cd-7b79-4867-9c80-3d322225bfa6","2093123030"
"a7a65f9e-a055-499c-bfc4-77334f1512a9","2262340957"
"edbceef7-a235-4057-b9cb-7e37889db450","2518341"
"151e10bd-fe77-4111-9253-89e7664a47b2","2182417438"
"d3446cd4-139e-4d8f-a3dc-702fcd6d0ffb","2130306432"
"bbbf7252-da50-4c37-a47c-df5550006acb","2142149274"
"9029944e-26a8-4680-87d0-2dc156c85f11","2135360822"
"22a0da37-ed7a-43ba-bc08-efcf905e1e31","32046691"
"dd532587-778a-4c69-8a98-e1bb52d7c216","9349461"
"c43906f0-82a2-4338-b4f5-81578da469f6","2146671974"
"66ee14cc-67df-4bc0-babd-c095d475c419","2127261595"
"0b1f4e9f-2d66-42ce-9096-4c6adb9e199d","2162084429"
"f435e750-c589-4837-a573-5193f2402c8a","2163316589"
"195d9a83-3ed2-4bb5-af4b-569d8972ec16","30615592"
"35d5f9c7-4dba-43f4-80e8-2adf21d220dd","152847654"
"8003848b-e3cf-4e6e-bd47-7667da61472a","2182899405"
"670cc6c2-b524-40cc-84c2-3e0083954997","144239569"
"318bd0f6-0e31-4893-85e8-f59ade675f6c","2352417"
"e63bb80d-aef8-417e-a5ab-542672590fdd","144151178"
"1ba787bf-8d13-452b-ad93-fcbfb46ae110","114222784"
"50f23b82-f948-4662-9c72-75b46943384f","2148473608"
"8d3d27a8-96cd-4522-96fa-104ea80a2088","2087007761"
"4cb4646c-c143-4594-8f55-1d454521e2f3","2111609496"
"5cf6091e-1201-4796-86bb-b96a7cf6227a","2127774401"
"fa754ea8-462f-4552-9ea4-dbd65682058c","1915715"
"bcc15e05-a9ba-44d8-9a4e-7f1b24d31568","1763339"
"116ad479-0824-4e49-9b51-080ef83799ca","1751253"
"7718b8d6-0ec7-4453-8a68-40cc3110cfae","2134190408"
"c4787c6f-9eb1-48cc-a250-4a958388c6be","2138145456"
"c745f17f-e6c3-4117-9144-33ec4c45a3b4","2129328794"
"9007ccb4-6f47-4d8d-b372-68c12d9d353e","2090295579"
"9102386c-6303-4499-9de2-2d0138bb17ef","40367854"
"1a6c3b45-c193-4a51-b9c4-bc292c24c7ce","2110143892"
"a74b1e1c-04bf-4deb-b02e-1bbeffd0c62d","2109527698"
"9895515a-d6f9-4f10-a930-4e4aa15ba010","48922900"
"b5c2b1f5-c80a-48f8-af33-c239e3bb2e7d","1887625"
"a152c31e-2ba7-420b-ae6a-dbb12c0d2632","2117903477"
"34aa922a-7ec4-45dd-ab6c-9e9761843fcb","143728204"
"f9aa84ca-3782-4ac3-b615-13ddd106108b","2003817066"
"b8fb6bd9-be32-416b-91c1-119e356cfe11","66065780"
"7a7c9250-9e2f-42c9-962c-ea5bb2e4691b","2145443745"
"2320b560-94b0-4af0-964c-10a5e94d3d2a","20885713"
"c109a7ea-ca9a-43a5-be62-02066fd19ed0","2144202367"
"3ce1a81e-3118-411f-9505-e10e98a1d107","2031103012"
"19065db1-3637-46d5-8314-910bc2164f9c","48740564"
"e4f27eab-a3e2-4958-9e9a-85075d5633cc","50819157"
"25920a0d-fe7b-4598-bc27-a112d8aab018","49954989"
"edc35dfd-2173-47c8-90bf-a5aba0369c6b","114891869"
"28e82933-4fc1-48a3-9cb5-06fa6bafa187","2108182155"
"eec4bdf3-ccc4-4211-b16e-527953811dd2","2109511356"
"22f54ca7-2bb4-4eb0-b2fa-d3168a585edb","122242902"
"d13fd0c4-b27c-4a3b-a101-56e33f14e6fb","49424199"
"82c4cabe-1f5e-4e5f-af63-d317bcd43f7c","2164279181"
"34718939-6c56-428c-864f-60a01d7c47d7","9261929"
"aa4ae941-dace-42b4-bd47-f6dfe9f39023","9289087"
"9cf21497-c8f1-4c8b-a222-523c9662da49","2200136665"
"c61f750b-cfc6-4785-8598-f430ffc4f56f","2069454517"
"4ecbe54c-51f9-4209-b7a9-4c3def181392","2255169260"
"835b465b-f091-4440-a508-4e419c08823d","2173299302"
"ddd98c77-1fe5-40c3-bacb-4dd87c391057","50376993"
"d20e9ef6-9a24-4dcb-a482-76b37da8c09c","51034747"
"4c61b857-9df1-4ee5-86f8-ee4617f07a68","51004600"
"91ab66c6-e89e-43d4-bfc5-6eb341d57b35","2877453"
"6ad87537-4c0c-49c8-8ce3-59102a49cc27","1591125886"
"05dd530d-0c81-4b97-9f44-cb071a66ca57","67230092"
"0a82f14c-8137-46fb-8c0c-469b3f002710","65809182"
"3ab3d6a1-c274-42cd-a994-41e8cf228df4","71638605"
"412300da-d844-4854-9753-4fad6acd81d1","2108882808"
"5681ce7a-7558-41ba-857a-7091f5ff84f8","96417649"
"b8ae5325-862a-4486-82af-7eb08c663ebe","143915022"
"d56a5799-814a-4ed5-8292-1bda6604fe6f","90991803"
"964778df-0cc9-4f02-b2ad-999ac5deb169","7439292"
"40d9f5d0-e4ce-4ac9-9fb7-7e9e9439625b","30997939"
"16f95476-d6c9-4703-8bc3-c8fffd063fe5","97990182"
"6e01848e-e403-41c8-885a-feb079273b6c","34901219"
"97a542c4-2b75-4a6e-9489-f4dfc4e5c503","2186455"
"cbb11065-7f48-42f3-9ef1-5c0db4165db6","29857140"
"247e270b-d197-42ee-ac68-0bd64e0a9bb5","9175089"
"2d7f1084-a220-40f3-8cd3-a2f5a67eb59f","2149814959"
"6f4cc275-9984-4b67-a33a-3829fee0b1d6","144239436"
"d4ab1a0d-7b5d-4ad8-8a4e-a1e730a5787c","2205481616"
"da17581d-fb7b-4fed-87b5-caee0ef22f07","2205484931"
"b138b3b0-5207-4a35-a4b1-9ef866f15097","2000885144"
"42db18da-f42d-4b2d-b831-d0c43d1c2426","2115379178"
"2b1dea21-3a54-434c-a273-940e64b4a1b5","2118891269"
"3f4b2ab6-1745-4ba2-bf6a-15b7e2379786","144289490"
"d3f6c2ed-29cd-45df-919b-a24a4f1304d6","2100514883"
"b8b9a890-f1dd-4812-b6e4-c8ecc965c4db","2058854293"
"5c849057-e8df-4277-8689-ced3a3bc12db","2373254"
"f1c3b574-1497-46bb-ab79-5cc40cd98795","40982759"
"a2016e88-ac22-41a1-b325-86d5e253dd46","1685407"
"6036423c-058f-4121-91a8-cbea8a42e15d","1906827"
"5e604942-3594-4066-bcd5-cf67e8146905","2109181961"
"d6e18227-81d9-4117-93aa-48a8a4119ab1","8671463"
"f3ca336c-b64a-46c8-96d7-2462b50f4f2a","3379965"
"28e82933-4fc1-48a3-9cb5-06fa6bafa187","1478199007"
"330a11c8-ce7e-4bb7-bd01-c1b525ee4703","2026672"
"64a3f596-37f7-4db6-8bef-62172bb1990a","33817718"
"e47b10f1-e63b-425e-a0c7-887931627101","51198367"
"70c61469-504a-4449-b50a-34331f0bbd99","1410109413"
"5d111939-e05b-4f09-9c08-2d75a66b20b6","100924994"
"d5af0e14-3707-4d84-abae-bd66d102fe33","2049380571"
"6310b5ed-9962-4de8-9ab1-e51783d53514","48376699"
"0142e71a-7082-4f98-9c22-719c3945c1b3","148337491"
"63d08daa-b4ad-4314-9618-83a283fa1239","2205922948"
"5a2a3b42-ea2d-4a68-83d8-464217f8fb18","2239914079"
"1f67f40b-1da0-41b8-bae7-8b301b6af7cd","2239386501"
"a2f533c4-6bcb-493d-8a6b-56f2e2cbe551","2080147809"
"ba32cd11-4273-45d3-bd61-147430676ac5","31856650"
"6d3968af-cab7-4881-94e7-f356be370bd6","2118642133"
"785f9a1e-5051-476b-84cd-51934ce604f3","1723294"
"2549fe8e-5eae-495a-9626-b12c4c13da66","2117205248"
"1154dbbf-f2df-4d71-842e-2aba1ff1ef22","3275907"
"22f98245-5f37-452b-a4ec-6f7e547f6078","1381120490"
"e8426226-eb22-4d68-bbc4-baf7198490a3","47513332"
"fe449dc7-3dde-44a8-afbc-35031e71298f","7477763"
"ee6f71de-24a2-4696-9807-a8dbcabd14bd","2115812562"
"ab02989c-e0b2-4697-8aff-eb2a42ae12cd","2055026246"
"f1b99853-078a-4296-8fdc-0ce0b4a69de9","39192280"
"64731720-471e-4087-b548-03299d06dde4","1410378173"
"0c416d8a-e414-4b14-bf78-389373074d45","2192839638"
"18ffefbd-7a30-4cb0-bbf4-a52a1da3cf23","2121508512"
"28714007-2666-423f-b873-007ceda05694","2151652120"
"41ae1782-d7e3-44fd-87ac-f0cad2c76bcf","2237443059"
"6aece803-4982-431a-a7ec-ecd17982e379","102320235"
"ddd98c77-1fe5-40c3-bacb-4dd87c391057","2740258"
"78c49eda-53c8-48ca-8b38-34d5723f4cae","2062861096"
"57e96c9c-91df-4c56-ba31-f3dee2b2ef9f","39934264"
"a4d3aa46-2556-4dae-8da4-37da544175a0","1730046"
"2808c744-08b3-423a-ad51-dfdef1beb1b5","2281908968"
"33f3ac83-4ecf-476c-a398-23774d6a13a3","3424235"
"54029148-91b3-43e8-895c-840f8b621621","21101856"
"85fcdd4d-3ce3-4346-98f6-6814a461c93f","9118186"
"3539da18-0d02-494d-bd55-79bbf29cf5ef","1718765"
"89776cd7-7a0a-460d-a722-8d0360fc2b67","1705494"
"9ac46188-dd80-4c1c-b2ac-e80ea2845a30","30815410"
"2b13e61a-92e1-415e-a03b-5fd2f71dc128","2143616552"
"ce5312a6-449c-470a-9607-92f9ee924ecc","145416509"
"9f6d64d6-2802-42a8-97d4-625693c42f06","2036667006"
"41070e0a-5575-43c3-9276-0d412d43e330","90046044"
"112d4604-2d12-4d1e-9cb1-a7a8b617c89d","144468667"
"5be266df-fb1e-49e4-b061-c0916899d18a","151487597"
"e86b236f-9fe2-4437-9a6b-b7d7620282d5","2211375054"
"9d126db4-1a2f-4ae9-a0d7-1f6ac5c6a033","21707677"
"185d973c-1990-4f0c-b68d-265b60bf7507","2115691503"
"a7a65f9e-a055-499c-bfc4-77334f1512a9","40633693"
"54029148-91b3-43e8-895c-840f8b621621","32795666"
"dd57d6ab-8163-463f-94bc-81a5c1e1a554","7814565"
"bd54e623-b65c-47b7-9aa1-3345b21ed313","2096761731"
"580d20b4-b0a2-40fe-b611-21d811f15ed0","2139766110"
"a74b1e1c-04bf-4deb-b02e-1bbeffd0c62d","39413757"
"d7b631e4-a478-41d0-81c6-c71c790c11c7","46244241"
"c8243c6d-617a-44a8-8e51-2dd67da89c7e","40659408"
"a14f7873-1b8d-4370-a039-410714db8ad9","2521949"
"ab91de05-b7a4-408e-8bda-5d52c4006139","1881182"
"71869d10-37e4-4cae-8b12-b7ce2df73ae9","144058509"
"6e9d0821-67ee-4b74-85b0-e3a5cd31eaa8","2083052412"
"77cdd0d8-c4b0-4204-936a-ad5f43a306d0","2064874760"
"ab4d352c-7044-4d1e-8c1a-8f3ee1458fc3","2084995261"
"cfd458e6-891a-4c49-a9a2-fe3a1f261a7c","1760605"
"d859e8ce-e7be-4b4c-9274-f0536ecc75a0","143646399"
"cb33b0c0-de7e-43e1-8a97-462f408954cc","145540368"
"aff9d289-263d-4c5f-95b3-18ad6f1f41b2","2084600680"
"f5929bf6-4147-42bc-81d9-6170779bbdd2","2113906239"
"eeff3ec3-28b0-4ea8-8463-1e162e41a372","1720804178"
"dbfe3ebf-813b-4cdf-abd6-6d6e6ee45c3f","115116371"
"f9e4f4d1-5e05-4f08-91d4-b9995ecbfcf3","1446971792"
"ebf5e76e-7685-4380-a3ac-586f7ce2db5f","39711801"
"5be266df-fb1e-49e4-b061-c0916899d18a","144941371"
"c419cf07-b3ab-4c7b-8654-9dfdfdb08450","1398637517"
"c9500948-97cf-4cb3-91cf-0fed5b9d1ef0","1775572"
"1153467c-2c65-4271-91d8-79f7bdd71040","2072136181"
"9bfc29fb-7978-45fd-b5f2-5986f201cbe1","1390658926"
"c5521b9d-a493-4a92-bfa3-370ada594f2c","2268260906"
"addff3a6-2eff-40ba-9b2c-5d1550d5a131","2260722463"
"c419cf07-b3ab-4c7b-8654-9dfdfdb08450","34832531"
"ecd6521e-bbe9-4994-9023-d9f5ebc3620c","2152661891"
"e2998a66-9f42-4fd8-b9cd-55836f337ca8","2118929378"
"e02cb083-35cc-4cb5-a037-1269887bf272","2818989"
"dc8e9508-b4e6-41a2-8e7c-d013729511bd","2146841"
"c845214d-41fb-4fe7-9ab4-ad531de84b2a","3427928"
"4d0526c6-a90b-4804-86c0-0c219eee4e18","3107815"
"1842318f-28f5-428d-99b3-84aa330813bc","2057358417"
"580a1581-633a-43e4-b61d-6ef4c280da3f","2111874812"
"3c81eb91-eb76-47a5-bc6c-8f200fbdca17","2118674367"
"5d6832fc-fc06-4287-aea2-8a0c613f2fb0","2117163208"
"56ec3454-7edf-4dcc-8102-5824aaa74be6","2448664"
"c75a79cc-c32d-40d7-86e3-f5a184c2aa46","144031976"
"6abb724b-3de4-438f-a41f-ae9b99a21771","2113506104"
"f395fdd4-d84d-4f3b-ae7e-417112ad8f9c","1682002"
"0ed7498b-a608-4462-8697-a096faf265d2","1690990"
"c5d90e99-ff65-44e0-9017-5d21e0db62bb","1409235873"
"001f1b85-648b-433d-babc-a99c25b778d6","1776742"
"6e01848e-e403-41c8-885a-feb079273b6c","2257127"
"1f67f40b-1da0-41b8-bae7-8b301b6af7cd","2366580"
"7269a2e4-f530-415c-ad05-d0cc24215867","3371519"
"5428fc36-fad4-44fa-9382-86fc74eaa484","9016282"
"39b0d7c7-99cd-48d2-b242-d9ef6f3292a5","2796109"
"c7ecab2e-36b7-48da-813c-1c36672bf318","2792264"
"a2016e88-ac22-41a1-b325-86d5e253dd46","36620472"
"2a7ee4b3-5903-4282-971d-32ce3ebf5e7e","47158537"
"2f8bd9ea-12e9-45b4-9e26-807a57ad5238","71063171"
"1d7bd5d1-b13e-43a1-a19b-b968709beec6","2108636041"
"1a69563f-579d-4371-9ba8-d1699f032f4b","2118172288"
"5df4feda-fd7d-4d74-9760-5c2599dce2aa","2741441"
"41b45e67-cb5f-4579-a0f5-1c53f1968f91","38113674"
"62b4e3ab-5d27-43fd-b4d0-4b60d30a3946","4429539"
"d5af0e14-3707-4d84-abae-bd66d102fe33","16466620"
"6ae674d7-6d50-47a1-b56c-d2d596a02dfb","1992676"
"724bc06f-817c-4f1d-882d-d7636c344c72","75057688"
"c109a7ea-ca9a-43a5-be62-02066fd19ed0","1966095"
"84863a0e-e9f0-4cb5-ae69-85e5d99ffa1f","2115412871"
"55611e2e-741b-49d9-ad87-04fc2c58233d","30996038"
"be18f7cb-6fbb-425d-a013-a6f65d8a40d5","2216652859"
"25412a2b-aced-4c00-a4bd-11b699c6f3d2","2104668552"
"5fc38c04-15fc-4725-8c6a-bd27c73f4539","1759103"
"46f7b1ad-798e-46d3-8ee8-d05f09e5a0bb","52549038"
"7cc6ece8-2d5e-4369-8a32-d2e93222b569","2062874706"
"89bd1d66-632d-4c73-ba95-3e09e8604646","2253494797"
"25920a0d-fe7b-4598-bc27-a112d8aab018","2191693"
"2b13e61a-92e1-415e-a03b-5fd2f71dc128","46402190"
"e7fa4e03-bbb8-43bd-930b-c98f5df0a3d1","145051858"
"de5b9063-bbfb-40c9-b386-e545ffd5ebb7","66482295"
"269fd362-891e-462b-8947-ec9de7588569","31631821"
"9bbd2ae6-f2a7-4fff-99f0-16759b994723","48332212"
"31aa820d-486a-4494-8a1d-035900492d23","144892499"
"3804a5b4-445b-4a63-900e-3ebcc0c82948","30751642"
"64854e20-0396-48f4-acf9-f7bfadd7d91b","97754137"
"b30c8d6c-eaa1-4a46-9d05-1b0c69e24b32","2172331166"
"859b99f4-7e51-4e3d-bc84-0877ab6c15c8","2268000859"
"b4fb99cc-bb72-41df-8fc0-bded09fd7652","2244705663"
"1a10e05f-03bb-4000-bf7d-d815ea1d2d53","48387892"
"42699b83-8198-4ea8-a771-b32b888b9ad8","2171129"
"5a2a3b42-ea2d-4a68-83d8-464217f8fb18","2054859694"
"178deaae-8b43-4d71-aaa3-c539e656ada1","2143684726"
"396b1381-6107-4468-ac84-0de7459051cc","145641905"
"32fdc372-baba-4694-95c7-bc54a01535ec","48411928"
"abcdfe9e-526f-40a8-8224-5dc3b3b72951","7517833"
"465a8652-85c3-493a-824f-6392af9053b8","144633295"
"22b17415-fc6c-4870-a963-193039ec8b76","50528618"
"c68ff966-23da-4674-ba9d-cfeb4808e356","2008286778"
"76a3613a-f981-4e71-b74b-d515460e0557","2192865885"
"f80beb28-4def-4770-852e-c93860deff7e","48063343"
"98f337bf-e2ae-4f8d-abe9-6c6729af8edd","2198467858"
"90513746-91ff-4b7a-8076-ec6d877242e2","2202664113"
"cb33b0c0-de7e-43e1-8a97-462f408954cc","6782893"
"797a8aaa-39cd-4f95-8673-402148277edf","31057789"
"04338b8a-5f82-4d12-af81-18efa6a90c30","31491130"
"3af89eaf-149a-4ac6-bdf7-f11a53887bbe","143982653"
"76dfda02-677f-4059-b570-73c5ff2caced","1453716382"
"a60ea7e9-5152-409b-8c5f-835f867c7c76","1453716565"
"bcd06a0d-2f65-43d9-acac-babcb0acadbd","40994401"
"067a5f78-c8ec-4d55-a307-e7ea3edb719c","47800426"
"73d0ce8c-45ca-4d33-b654-32d026ad0ea1","39803912"
"f51ba658-b3b8-430e-a06c-6f2bccaf4164","9339438"
"2c86db63-b86e-4de6-bd32-191e489e8007","50714320"
"19fde00b-a62b-4535-9581-81e013a0dae4","2218115368"
"1e4a1dbc-41d8-46f4-8981-77c7483457ed","47238968"
"c70de994-652b-4ce2-aa79-8dfbc5b2eb42","78704793"
"071e6081-c4f8-4f7b-aa15-54f652e74793","103554062"
"22ab4a26-dba5-4bfa-bf7c-c1a48dd129d3","15069382"
"9afbd65f-77aa-47a3-8dbd-3578f00d5f15","17453703"
"cfe56ad1-76b6-4522-ab58-bafd176ddd09","77323224"
"fe6aa687-dcb0-46ef-b9ea-cb443387b0a8","134244122"
"3c81eb91-eb76-47a5-bc6c-8f200fbdca17","47573760"
"3b6e9b78-4ef9-41d4-91da-3bb0337e8336","2118860149"
"d50c390d-43f5-4ec3-b4d4-30488f7d6e16","3157659"
"e30c8dcf-f98c-4ec3-9c40-1d668aa52a49","1660915793"
"f46655f6-88c9-4ab6-b00b-3a533e3a112f","46247114"
"a42cb022-ef18-4a8d-9f13-4567d1ca325c","2107191824"
"e8dc44fa-2416-459e-95be-e1a9e45a2907","2107594010"
"6f044220-2415-4c28-b472-b093863aee26","31785894"
"7a49830e-0d25-46bb-a138-0bbca1e2946b","1403852252"
"179e37f4-303b-4918-866f-5dbbb1be3d9b","2145794103"
"25920a0d-fe7b-4598-bc27-a112d8aab018","1456018728"
"359d4f8d-9ce0-4c3e-b890-6b4be436823a","2727588"
"853ba93d-a2eb-47df-b45c-0005ae78e850","2067173205"
"9d3a1be9-6675-436a-8a28-75ce2e13dc49","2047407616"
"cfe56ad1-76b6-4522-ab58-bafd176ddd09","2113321971"
"f4f09130-c19c-4420-bc5b-8de0f9ad752e","2112337363"
"8be30657-41e6-49d7-86e8-d45aa10c4327","2148947971"
"ce97db96-25e4-4361-a2d1-3a11b674f9d2","2153518499"
"e94e49f7-552f-4d31-8833-57a70e86a3be","48553748"
"ce619c62-1436-441c-8a7f-eee4ef233242","2055309729"
"76f25165-55b8-428b-8cc4-9a22c6c15b8c","145226384"
"84686cc2-f99c-435a-b9a9-926cea8dce4d","31929619"
"f69af78b-5f37-4204-a303-6a4b84b016a9","143740180"
"515f566a-d109-467c-af77-bf567b93d818","9422852"
"5cf5ee59-96ae-4795-9abb-8708fbf26e72","2083335652"
"03f26dd0-3ec0-48cf-be43-a3ccf9fcd6d2","3805441"
"fea80aaa-12ef-4f78-afb8-53a7e80510c7","47714828"
"4d9ed2fd-f580-45f8-90f0-e85504a227fd","73219678"
"e2f7448a-e022-4260-919a-79fd086c3696","1725711"
"a8428c3f-784e-4a7b-a4c7-0a4016377f45","33356877"
"338918e8-1da6-4c91-8348-b8ce9dbd9ee4","3133223"
"206ec705-9d18-4fb8-916b-4f51fd3c09e6","10290402"
"e4b6b037-9d83-4468-9982-a511aaf5d8f3","2108558958"
"134b48ce-9c91-4f2a-845b-a717546333d8","7620031"
"8895880e-93d6-4be2-a647-9676baf58681","2107189649"
"dbefabc3-0682-4518-a002-2e6e43535cc0","1488648647"
"c24cf64d-be10-43ed-b852-23dd61181874","2202884203"
"b44b9073-b04e-4a01-b2b1-54ac57679fc7","2041752764"
"f1ca8991-4429-42e3-b8f5-bb94487a0d4a","1443784072"
"68e25d98-4f5a-4f50-adb4-f2ad6b2919f1","88935757"
"d97fb29a-d444-41d6-8d1f-239bc8a7ee0c","1755012"
"5f9f2cbf-5934-42dc-8e6e-8a2429069cb5","144897447"
"0b236fb0-35a6-4b7d-a844-aae91e974a6f","26910446"
"b5e780fa-a3c0-4ced-8f05-640c1ff0aef7","1519050582"
"b6bf9f2d-f62f-4483-b3b5-c7eb604ee189","46324444"
"791ccc7a-7378-44d1-820b-5c5778945257","1873262"
"637746d4-0e8e-465c-b3cb-e721fd7f6f86","1404833483"
"82b9121b-6580-48fd-8d53-a75c2a55dd4b","32366201"
"c420ff48-44c0-4688-a236-d7885c5c3dda","145209674"
"c35136c1-545a-4a80-ada1-b33ea9e4403e","38595308"
"e02cb083-35cc-4cb5-a037-1269887bf272","30749489"
"eb8f0cba-9c39-4138-84aa-4e606bb8877e","46869241"
"ec38fa4d-84bb-49c4-a59a-344f4a6f9438","2109611604"
"d33d82f9-5865-499e-8e89-79ea69768188","2112889287"
"89ce5aee-60b3-4568-bd62-6e67029e1d8c","2118427780"
"8a301d1b-bac1-45ff-8142-365bb5ef6134","7636794"
"8c1d26d1-a1d8-4504-aef9-3209d243e72b","2109084096"
"b03c5f4d-0c56-46ac-973d-402dffdbed21","30563403"
"a0d9ddee-65c8-4f8e-bc5d-012a66f5c188","30852584"
"c109a7ea-ca9a-43a5-be62-02066fd19ed0","2265863379"
"4410e8c8-dc29-46c9-aa32-b415d47f49f1","2199950715"
"54557ded-88e0-47f5-b9a0-f8df05ad9ed5","2274200164"
"dff31f54-c58b-486b-a7ce-a6738d1f4b0e","2274104207"
"070ef77b-b00f-452a-b82b-136dee1f6b89","37730604"
"a651ef10-80ea-4d30-b36b-33a78e98eff2","2067625989"
"b589fd57-b72a-4302-abd3-59e7f94451aa","40097527"
"16f95476-d6c9-4703-8bc3-c8fffd063fe5","2691279"
"5e32f55f-ba93-4f8b-acfd-5d8469657acd","2481039"
"0e6a66e9-c5a8-446d-9aea-3f7973515f52","1682385"
"74034928-e1f4-476c-a89d-04610ecdb4a5","47068315"
"ae556de3-0d80-453f-993a-04d49d017e5c","2749866"
"346e67a1-2622-4e61-8ff1-a871db602316","2781494"
"b3196b1f-bdb0-402e-b773-ce6c886d54aa","143715293"
"9bff5a87-e001-40fc-96a8-c6d5dd0f2699","35460670"
"f1537b2b-3fc9-41e3-befc-e439a571f7c6","49109410"
"c7ecab2e-36b7-48da-813c-1c36672bf318","1714416"
"e5b07c1d-d5c8-41fb-9f0f-007c0c4b8100","147857072"
"f156ed08-5354-4c64-b782-13f39acc8c62","2563231"
"b9c0c1eb-2d46-4df6-9284-5d8c6db37d2d","2135916208"
"13dd7a6b-4e7f-45a6-95a9-0f2d3995e73c","20184819"
"ae8105f5-c99a-452b-9006-2816d9b286fb","21762914"
"4a05981b-be31-460c-8a24-2cf8b824a8a1","87925623"
"42323d41-8f4a-4baf-b444-76232db83fa1","2122568"
"6a3c9213-19de-467d-8eb1-ab16042869ee","2281055383"
"4b2b1321-39af-43a6-935d-9c2f1fcd9384","2281035122"
"1ae9311f-6455-4daf-996e-56993a075a2b","2169809812"
"6abb724b-3de4-438f-a41f-ae9b99a21771","38162895"
"31aa820d-486a-4494-8a1d-035900492d23","2148901041"
"c5232483-217d-455a-b7ea-98a6e5677d90","38728125"
"f9afec2b-b297-4e4d-9a31-b16e939be935","145565797"
"e90d8293-d660-4f5d-8620-72d26299ef16","9305829"
"c0475dfd-cc99-4438-abc2-ff6f79eca809","145499896"
"734ce294-93f6-410a-b72c-bebab45b2f98","145205045"
"a04c0144-800a-4be7-93d9-1a3d351c9147","37530612"
"53124a3a-4f8d-45f8-8261-b6ca9bad7f11","46422170"
"580e972b-782a-45b8-80cc-179dc4f26ecb","1696349"
"951065d7-923b-4743-b278-69098ceaa795","2072793916"
"368cba51-9788-4405-9a24-54aae65dbda7","1804465"
"61802be0-4bf2-4827-8103-8c60358b8829","2111629305"
"6db49cc2-ed94-4326-8c35-1b9852929985","1771214"
"fb9ee2f8-851f-419e-9311-4f3601e57843","3254586"
"9a4e8837-721d-47ff-a9e8-38dd3506a75c","24463293"
"116ad479-0824-4e49-9b51-080ef83799ca","2210420081"
"4d0526c6-a90b-4804-86c0-0c219eee4e18","48414023"
"7f55a484-d538-4255-92fc-f503dd0b735b","2239442450"
"902607c0-6cc4-415f-b885-7086ba4d84ad","2272362275"
"61de8880-351d-47df-9acc-aefc77feef2e","2221145026"
"8de52948-627c-432d-8d08-a3f415a01703","2108187926"
"2a7ee4b3-5903-4282-971d-32ce3ebf5e7e","2266314526"
"bd307a4b-4d4d-4eeb-a32e-c7a288b13e2c","145399747"
"fd259f38-5c7d-42af-a60d-3d55f2507aa0","1384107096"
"ef565fb1-e745-4d3d-ac74-ccb00af1608f","2075456650"
"bc9f7ff5-70e1-49f8-98e5-551b6db8f906","2145974791"
"c124a54e-46db-473b-88fd-45dbfe47faeb","2110506056"
"1abbfcaf-b9f0-447d-940f-96d0109ca004","2143415805"
"6fdc4c98-57bf-48ce-b142-b1487edc9f5c","2112663962"
"faac45d3-6292-4cab-bf1f-df43248982d1","1380562797"
"e7cfc8ef-e0d4-4887-8e0f-f33d22e21be1","2110878921"
"80d84018-becf-4dc8-9638-0290fa0db7de","51189901"
"1b020a4f-0055-4142-92a8-792979a95c90","91550844"
"65de3b19-6202-4c1e-8205-8079108f8d2f","145725268"
"192c287e-46c1-4fb5-b6e2-d9379c4d507f","2115811636"
"a82e7f21-560c-4f7a-b859-6a3e423f1cf8","2099571765"
"63752330-5fcd-4acc-ad6a-244cd7265bbd","46333986"
"70729b5e-34b2-431f-ad9f-7cd46a03ba48","38029547"
"923c2c30-2846-4b24-a25b-8765096cc466","91707078"
"f0ef73fa-dc98-42c5-88fc-93defd58f72d","71030756"
"00d28666-0b2d-46df-9282-76d6edac6db6","2826624"
"63752330-5fcd-4acc-ad6a-244cd7265bbd","40591957"
"cfc9da6b-5b1c-44d2-ad9b-92c7f6dc6e0a","3329982"
"ed0c5809-2c96-491b-859d-cf3c7cddb07e","2199418102"
"32fdc372-baba-4694-95c7-bc54a01535ec","2093562124"
"5fa9fbe2-6a8b-4502-8f4d-b4ef830e45a4","2152690922"
"eb8f0cba-9c39-4138-84aa-4e606bb8877e","2145782530"
"4dead18e-352b-4ea7-8fbb-af6eaf668edc","152534559"
"a4ae0810-28c1-4118-9cb0-59e8ab014a52","51950709"
"89776cd7-7a0a-460d-a722-8d0360fc2b67","2238369856"
"ab3d08fc-91ab-4394-a920-4c7a1a3c24b5","2152038320"
"7083c369-d333-4298-95a2-c147fb291ca3","31266115"
"2d9a5ba9-135e-4bb2-8b21-9f8e44271bfc","3289077"
"28ed44ad-5055-4c27-9400-362e97f709f4","11797659"
"7afee3d4-019a-4a66-a1be-d8b51f4674d8","2067216416"
"7a7a1d22-3269-4c69-bab4-0a059d4983ef","2153966077"
"4bfbd272-1890-49fc-bc1c-cb647ae1f302","50695156"
"02a58a34-940b-490a-b140-a919787ac458","2110539000"
"e04d7f70-44e9-4a5f-809f-64ebf25dd14e","1405127382"
"d891c9c3-8943-449a-bfdd-17e76f6bf806","48348791"
"45773135-434b-46d4-864f-bf1b8a6b153d","1856081"
"45773135-434b-46d4-864f-bf1b8a6b153d","2154998004"
"7e6d8907-c2ad-49f3-8dc5-6595d11f695b","2118737311"
"0dbbc255-eefb-4ae2-93ce-37b0f2e770a6","2107167649"
"e981ff9f-6068-4d49-a5bc-3686408f858d","2634535"
"cb095f7c-fd84-409e-9674-ce9df676cb58","40397893"
"394f59cb-1042-4b72-8e75-c649fd1e725d","46183198"
"9ef55d1b-f992-48c5-8cae-cf8c672be5ab","144492490"
"106bbe86-2502-45b7-9aec-bb516fe677c5","30626672"
"ae5fb869-97e1-451c-8390-db3610ce4eab","2054342909"
"79f59aea-3a37-4e67-8a85-c30f44cf88a6","2067725092"
"bd69a990-2732-4561-9f43-cbf9d3aa2f9e","144977359"
"b1602802-56e3-4c9f-9052-b5f31d85d8c0","31208853"
"394f59cb-1042-4b72-8e75-c649fd1e725d","150350567"
"88af38db-00cd-436e-be58-5751470f0099","2122307807"
"1abbfcaf-b9f0-447d-940f-96d0109ca004","1704014"
"82b9121b-6580-48fd-8d53-a75c2a55dd4b","2199902527"
"41ff83c8-729b-47d4-a34e-1053511b3696","51022995"
"22f98245-5f37-452b-a4ec-6f7e547f6078","35621110"
"2f6cc647-8602-475c-aea9-867b58099bf4","2054984312"
"f51ba658-b3b8-430e-a06c-6f2bccaf4164","2153073927"
"33b00ae8-77d6-4ad8-9f61-8227b026b2ca","1390026099"
"6a161d10-9568-4f4e-a5c3-369c9702a1cf","3342952"
"6956c972-50a0-410d-bb93-7a7abadf9468","6668476"
"ecd6521e-bbe9-4994-9023-d9f5ebc3620c","2101221657"
"f0de937b-3eaa-4ce4-8c0b-c7937cabe3ff","2102243"
"2da8bc6f-db77-44c9-94de-eaabf9531c7b","13521287"
"6fce4699-2529-46ac-8d0b-a419f7807890","2165902498"
"ee6f71de-24a2-4696-9807-a8dbcabd14bd","2112927788"
"9bdecee7-31a5-4a1e-993d-c50d46e83cf8","2140527863"
"580a1581-633a-43e4-b61d-6ef4c280da3f","2087590641"
"44d45349-102b-4a2b-9061-03fd25e7f1a3","2814148"
"da1ea1d5-5244-480b-b702-8d489c06ec2f","50401955"
"b0c3ceff-947e-4008-b1ec-b66d804a1f69","2091101908"
"f4542653-2fa2-454c-9ad2-c9ab6eead9d1","1883643"
"4be28dfb-98d6-4233-8d10-1c9f2681bec8","145557104"
"9a4e8837-721d-47ff-a9e8-38dd3506a75c","1838503"
"d883ef45-981b-44e8-a68a-9d6c0b5e8936","144508057"
"64a3f596-37f7-4db6-8bef-62172bb1990a","46498576"
"4242d11b-2eb2-4e1e-8757-83db9a7fb3c8","2074770620"
"0cc1f438-d62c-461b-aa8e-b5925903d353","148307488"
"f4b56267-d984-474d-855e-5430b8e41d31","30902104"
"913a768e-9029-4d1b-93a1-35f2b3be1636","2230711"
"3cd5ac2e-c235-4ff2-aab8-89236766757c","3154864"
"a355ca18-c91e-4727-9c3f-0e93e6eadf63","2720847"
"5d94770e-f822-4399-9cd9-3eac2264826b","2715103"
"aad190e7-a001-4df2-97d7-d1a8137b451c","9257674"
"6fdc4c98-57bf-48ce-b142-b1487edc9f5c","30618900"
"954c6bc4-f54f-487e-a079-6bce6df0db65","52058524"
"618cc02d-6efc-4308-bf1e-1bfd9bec4aa9","2155273636"
"f2e367cb-831b-45ff-ba48-eb1bea1c2fc0","2256416558"
"5c8e8c89-14fc-447c-8b4f-661548444c1d","2256418420"
"e4c5300b-81ed-4921-a553-59053f220345","35196419"
"1f997984-0ca6-4700-9f3d-b05f213d53ee","2057443889"
"2d7f1084-a220-40f3-8cd3-a2f5a67eb59f","50824457"
"813f1292-b635-4911-b571-aae53499df3c","92821582"
"69a929d9-d024-4d82-b259-03e641288521","40278558"
"8093d15f-fe63-4624-86e4-f017cac45f4c","2685056"
"5961461a-2d20-4ffb-8e04-0ce384c455a5","81330829"
"ee9db79f-f8e2-4bde-b048-bd1581f6b6a0","2816951"
"27a9113f-5ed6-4e3b-951e-0beb2ff4be57","147179400"
"9aa02f41-27a1-40ec-b6d2-87da34e2585f","151450790"
"4da6da61-061a-4afb-bfab-fd996a8323cb","2059112405"
"ee25eab8-e169-492f-8ae6-2624e44b126e","2145572068"
"02fdb1cd-b2e6-45aa-878e-22c1f96b1313","2200225759"
"a3778e49-83e8-425b-9335-d4c4a128d725","2266524382"
"ee25eab8-e169-492f-8ae6-2624e44b126e","2118588005"
"5c866ec5-4edf-4099-b7a7-c9017e8406b1","1581919980"
"9cc7430e-93e6-4546-8517-773c34971211","2126073661"
"fd044aaf-72d9-41ca-bb78-8098dd867162","30995551"
"02b42967-9829-455d-8495-308420875457","2152917872"
"ce97db96-25e4-4361-a2d1-3a11b674f9d2","40756161"
"7524f047-427f-4607-b1dd-33ade33ce886","2035636169"
"cfc9da6b-5b1c-44d2-ad9b-92c7f6dc6e0a","2159230"
"e4e606e7-ea47-4e4f-bee3-d328de6f3a1a","2219098004"
"af2a802e-287a-4c25-a5b8-4cbf7fbe93cb","9326236"
"b3b9285e-351d-4d60-9eb5-80c2212195c2","1724004"
"a322e2a8-8cd8-4dc3-8b8d-6897ae50e1d8","2187234"
"4fa528e9-1a84-426b-845f-3890a58513e0","2144505620"
"2284ccb0-b109-49cb-8ace-c4cb65dd81ab","46947423"
"91810937-20db-4291-94b8-e3ac3942dbff","46329514"
"a6f2d151-cd48-45ec-b242-edfc4e1bf4e2","2056768475"
"69d1d4da-ded9-4ecd-beff-17ac9fdf623f","3074160"
"d6e18227-81d9-4117-93aa-48a8a4119ab1","1996441"
"ca56eeb4-8952-4d14-9168-ff23782b71eb","1985711"
"51a0d614-8a73-4e77-823e-cd4b8b0fb300","1455933134"
"8617b101-c339-4172-908b-377da14a390d","2528349"
"56cddfb6-fa9a-4f64-90e4-3ca4311291d4","151478541"
"b30c8d6c-eaa1-4a46-9d05-1b0c69e24b32","151478985"
"c684f384-c6ef-4e9a-88d9-ead6ba31a927","30906720"
"4e67da82-4fbc-4f26-8152-35f9a38a89b0","46427969"
"3834837a-25e4-4a4b-b919-40a306ed51fa","31344287"
"63d08daa-b4ad-4314-9618-83a283fa1239","2810876"
"6a5e0026-0172-47e7-8839-a062787886b8","51199118"
"02b42967-9829-455d-8495-308420875457","2141901981"
"ae5fb869-97e1-451c-8390-db3610ce4eab","3409464"
"c7476097-26bc-4ffb-9c9f-f50e19dd7f14","8172268"
"1abbfcaf-b9f0-447d-940f-96d0109ca004","48321904"
"69a929d9-d024-4d82-b259-03e641288521","83260770"
"f0ef73fa-dc98-42c5-88fc-93defd58f72d","4049580"
"6a161d10-9568-4f4e-a5c3-369c9702a1cf","144078765"
"9cda3e8f-3b5d-4eb4-9a84-df307909c3ba","51249577"
"cf86782d-f2a6-4cc3-bd78-6baa173429d4","51436944"
"88f8a27a-7b47-406d-9457-0f2dd51155ab","48305226"
"a3bd210a-d3d9-4cd1-affc-aa9ee77b25dc","2108002268"
"b4640b82-68bf-44a3-b0fe-fdaf6aa4d832","31365819"
"b4504483-ac77-4cd4-845a-359c143c1c13","2259645653"
