"ceff2b61-20d1-462f-84e2-5e79c7876afa","8a4a63554635a127e28682ef36a8a5d42d6b1b5e"
"ceff2b61-20d1-462f-84e2-5e79c7876afa","ad7df0229a874f19ab217622043a8a400e508847"
"9708e375-3110-457b-bf2b-6404996f3023","82ccbcea19d2bb471fd1102da0233c037c343581"
"9708e375-3110-457b-bf2b-6404996f3023","74012d8b844b3f1f65dfb5a3debcfc841e339ed9"
"9708e375-3110-457b-bf2b-6404996f3023","8e81df901f9bee4c3c15a2197bdc05ddc2695337"
"9708e375-3110-457b-bf2b-6404996f3023","82ccbcea19d2bb471fd1102da0233c037c343581"
"9708e375-3110-457b-bf2b-6404996f3023","eb9a8964d816137a943df6db00b83bd358b3afff"
"9708e375-3110-457b-bf2b-6404996f3023","1fa10ea30651197c44c6309897b89c77831925fe"
"9708e375-3110-457b-bf2b-6404996f3023","6a56ca24e38b8b657e6ab473fb6ebe9449b01e57"
"04ab5286-50ac-4de3-9944-bcca8de09294","d525483bc0a04465ff9fd0aec2c59718010d334d"
"705ddd33-f8b3-48f9-9b7e-8dff5ffd9445","e03a1eebd715ea07b9237f666c0ad197e7c413f1"
"705ddd33-f8b3-48f9-9b7e-8dff5ffd9445","e03a1eebd715ea07b9237f666c0ad197e7c413f1"
"705ddd33-f8b3-48f9-9b7e-8dff5ffd9445","e03a1eebd715ea07b9237f666c0ad197e7c413f1"
"705ddd33-f8b3-48f9-9b7e-8dff5ffd9445","e03a1eebd715ea07b9237f666c0ad197e7c413f1"
"ab4bb8fa-fcc5-4939-acd9-282be9040d83","d134db3b61fb4411c6add4a2b3c849accce9d8df"
"adeddb4f-834f-42b3-a857-f079b082abaf","9d22ea54c2c5b98e2643d8f5141ee2ad9e749845"
"ddbe4936-6581-4984-a47e-236cfae7ad0a","b3980b8fd52f50bca8e9aa1adea29581deb441c4"
"dec97e7d-b149-4ad0-b027-525d1d8421ae","0ebdefeeb6087b8be8b73b56bf20e0174ddcdb10"
"235f939d-b553-454e-8e81-f8f794ce699b","40c93a306e2e42116fba0c4bb232e7ca9cc1dad0"
"22158dd3-3347-41c1-9103-3340011cbe74","ca1f5b3dcd0380ac4049eecec5ffba4ffd188954"
"8c1f8375-d5e5-4e6e-a215-c62a2c6068fa","341a9b59ebc1b3e083a89f15dcf11f1a344d9647"
"20809492-0659-4cd5-8153-5dd1cd1932a1","6316485a7b8f5cd08af2018ebde270c9d7a47cbf"
"20809492-0659-4cd5-8153-5dd1cd1932a1","c18a69f3d88dde1a47fa29958b84715ebba91a26"
"20809492-0659-4cd5-8153-5dd1cd1932a1","cca2cf1cba2b752960a2f09fb4276bb0a9caded3"
"ecd6a24c-99ad-41b0-acd9-aba8972c2d16","da7049d08734ac3514994214c8adb8f9bff0c2ef"
"5cc0c6dc-53b0-4425-95a6-2d94cae00190","d0d43da07f05c66354f50d109c556a9f96bacfa0"
"5cc0c6dc-53b0-4425-95a6-2d94cae00190","0dfe4b7644fd66f4a3be2d05a1ff1dc728c89b7a"
"5cc0c6dc-53b0-4425-95a6-2d94cae00190","9a99382410aca9489d52b5742e96049e7d6cf456"
"5cc0c6dc-53b0-4425-95a6-2d94cae00190","a956d6988b5abc9488e339d46a7b023fcc81bb69"
"dda8df58-03d4-4bee-991a-70ef2e0965fc","d3ea205f8f68e84e697fd3fcf8583c7b3d0d2130"
"1ab0de4a-40dc-4995-96ab-84872eaca46c","2f9f1860b4a91e1c9066a0498f105af7f0628266"
"1ab0de4a-40dc-4995-96ab-84872eaca46c","66ae493af3018447a30f20017f2d53d76a505f1d"
"4b4fb183-fecb-428b-924e-ec9609d35f19","06d38726ac4a3a500cccac75c8fa96a6ce0f2d84"
"4b4fb183-fecb-428b-924e-ec9609d35f19","ecbdcf3b5616284132406e64df39e439ca7e9a51"
"4b4fb183-fecb-428b-924e-ec9609d35f19","ecbdcf3b5616284132406e64df39e439ca7e9a51"
"4b4fb183-fecb-428b-924e-ec9609d35f19","ecbdcf3b5616284132406e64df39e439ca7e9a51"
"4b4fb183-fecb-428b-924e-ec9609d35f19","fda2a922e4dfb839c325d38bf2ce56cf2c5fc4ee"
"4b4fb183-fecb-428b-924e-ec9609d35f19","ecbdcf3b5616284132406e64df39e439ca7e9a51"
"4b4fb183-fecb-428b-924e-ec9609d35f19","ecbdcf3b5616284132406e64df39e439ca7e9a51"
"95d88562-ddb9-4713-8473-b0ddb62dfd8c","cd1545982ff2ffbfd3eabd109decd0cfd00619e5"
"95d88562-ddb9-4713-8473-b0ddb62dfd8c","2d94543d48c57e44c5be7afc668d0aa68264e16f"
"95d88562-ddb9-4713-8473-b0ddb62dfd8c","000dd076f7560827e4a72120d4eb0f86961871eb"
"5f8907d4-ede8-482a-8476-fe882cf504f6","5eac03e222c731173217224a508650c1663d7650"
"b1ad2506-61eb-479f-86e5-74f612599586","8e54cc76d7090a5d4177e0567e45db312fd22bfa"
"039e8fb8-82cf-49f1-a2bb-9a2e404d4adb","b6369568081a4dd6dc9b1a4fc4486ee15f22fc52"
"6e2392e6-22b2-42b0-950a-d39ec82eea8e","9e7caff88467673c6c12210b62953d87acacfce0"
"10210288-da36-438e-8284-d6ace6d87e97","766713d7de8c74284d918720e7506012225d1294"
"1a5f837f-b305-4c19-bf8c-92d860d644d3","0cd74622782fa5dac26b7d586db6975b0e5b9c59"
"95b50369-d4b0-4c24-84b6-85ff0f67ca94","e89cf7cd684cd48b4936f365b27bc42e298a6402"
"17ade833-4f37-4a5b-8906-8f113060a578","71c0294634c9f08a8f001385adb91680fffbea6e"
"6b50127b-2900-47a9-924c-1c6239872a67","08615168324f348e2da5bd9330c4b02403ce5d30"
"2f167b82-b6e4-4fe9-a13a-39f3de78a3eb","61391e598a7564db92902d57049e11fd99c932f6"
"76e357be-cffb-4900-9237-7f6a96d15139","efff44489ef27ab3d8a32344c239e7226f9ec47b"
"f66232dc-4fcd-40a7-8703-a8fadaba3d3f","8571304acbc855c841c05cb9a2c1f3e0f880a813"
"9d4bc406-3a74-4a9b-bf28-8582ef808bbc","7029b46648194c64b6270a9f78ca7c9f91fe24e0"
"c8cc9baa-d3ea-49a4-8d70-cd21f1fea5a0","ee7703e724574af87850f913364ff8aa4c3e902c"
"c8cc9baa-d3ea-49a4-8d70-cd21f1fea5a0","ee7703e724574af87850f913364ff8aa4c3e902c"
"84364098-4d19-4894-b9c2-51c63c085526","477a711062f188c20b62a15cac16d40c7d27c19a"
"3858544b-9bda-4461-a27a-f7a6d2847145","6e816d95f12b4e04ede595684930cfd0cd90c4ea"
"23ceb82d-0978-4277-b3f7-28a71521c145","43f53345753218bc1c8265e3a568315c2afb647f"
"c34d271e-9536-47ed-bfca-43945f5438d3","2ac6a356e0772a3eb2ac30564b8574393f0c000e"
"50e6100a-25b8-4e78-beb8-e2bdc054ec41","e2d7be3f6c6b6520ed303d31c7bd361b7fc7134f"
"ddddce38-2489-4025-be55-e70b72009e9e","458f697cb7a4c1d84386d510b57071f95d3bf35b"
"6ae8c33c-2547-45bc-bb1c-d97266bdf9fa","03338e87eaa2a1dc45b18f664012c070d173dfce"
"68f9baa0-adf3-45a7-82a2-d351cc769447","aaacea38cc04da7753a7b78da44cb1415a3c739a"
"02e43da6-02c2-49f9-981d-e0e9bbd72272","f180a3aa0cde9ab57ea62cf4a6a227c6ddff72f5"
"60e3d101-3ba3-4fd3-9ebf-f8de0a33afb8","08671d2362e5a0b270e43bad6716136b3b84fbcf"
"c8dde020-46ee-4bc5-8543-5aa44311a684","8b43d322c3d9918d7575850e1d294f6eb61cb908"
"c8dde020-46ee-4bc5-8543-5aa44311a684","8b43d322c3d9918d7575850e1d294f6eb61cb908"
"d6af0dc5-4107-4ca4-b64c-eed8a5ded0ca","1294a8f94268608fc7f88f10a796b9f891fcafd9"
"a45c72bd-9a4c-458a-bf25-44923ab7b1cd","898b268cc889d3421e798e16f88d5651bdb7395d"
"94c4b5e7-54a6-4cc7-8867-afe221fc39d2","54d45bcbdda602454392956723936b97763c00eb"
"3502c6d9-445c-4e70-ba0e-b648c8fc8269","6c4ed6acc7e7423304c3476a7f6ba8821807ccb0"
"cdd5001b-c1ba-478e-b2a7-038cedcd8885","3e186c4b46dcd24d3946b3131d1b12894a1d7a29"
"f291d6d8-5f64-423d-96d6-b61a1542a1e4","1a53c4a99a0f9b871c69510547fc684a21ff5ba3"
"34ec7f2f-fb1c-4336-af24-c6acc458b6ef","af20635d7e8a80d8ec4e3411b5854b5b70d6df35"
"474ba646-b598-4275-a410-f2ea024bd754","e4106d2d8b7ec2eb3941a89789ae4efaecaeef1f"
"d36e81a6-755b-4c8e-a69c-a93e1321d60f","fda511ba949443cfaf8aa487cd27dab23a2095cb"
"59813d2a-d0f3-49f7-a728-d9343864617a","ffe3decf1a4f017bdaf1aa5edc648195207959a5"
"ea56c355-7ce2-48a5-a9fe-6ea5a4fc4b94","2dfaa401d0dbeef9028f381075da882bb985db0d"
"6500028b-ce9e-45a0-b349-34d9cfc7c387","4ea9a145415a4aa3035504b0379f6a3edeef2284"
"6fe0a1bb-6e8b-4584-8d60-8e98a8e06375","430feb94ab5f4d12c3e09ce261c97dccfd164ce6"
"df18ecd2-2910-4c69-aae4-d111ac9207e3","0e19f2090639eee83955f6d101f11e38dfb936a9"
"dcd4ed0a-b849-4e94-93d3-e70cea1eed07","0ccd0624e36d018b124f0785453a187005a6f833"
"8be7888a-ee1e-4c08-bd94-6798a779cf1c","19e96f45ce459638cec02cbf46dce550f0f3e0a6"
"d5be530e-9523-4f20-8a4a-cc400fa970d8","423f955ec302793c3edbeeabfcfe53e95a7e605d"
"ad2c967d-b784-4fda-bd12-b23927c26ba9","332a67a520a28f87e66c6abb2707dac5e1575cd3"
"e003f13a-193c-4b9a-8a7f-5a7584f4960b","8c152e1b08b5aefd8ae15181dee89c0d9ebd5314"
"da41eada-b5da-4949-9b67-ceca0da3f5e8","c1a5f471927f5411048502295a8599966f51c557"
"59123278-c27a-4793-b278-753af78754af","874deaa4dc1a44719525d97ae0f8c7cab559bcbd"
"c99d24f7-6b7b-4ab8-8443-4b4431627ba0","5200adae48236ad798ff57fa5c329314004abb24"
"33f2121e-7606-48af-8ad0-ad11d2970274","fa202e84928c17943fdc41e74f832da9faf4ee45"
"eb578930-3339-473c-ac63-5d4ab63558f9","11cca9e1ac1508a3403e99f48c040bf94ba3a757"
"c5964d23-4dfc-41c5-af1e-27e5642cd2e4","9e6ab7105429e744560cbd3d40eaccd26ae104cc"
"d8fc3fdd-aeaa-4d41-ab07-f3b72cafb8ce","8663273f6b273473a648694b03a8d0c3470ce795"
"15fa0006-61b5-40de-9936-e2d9e879b10c","52eedbd1323954fb486d40a0143ff7e8240b648e"
"f61bf92d-4885-4ea0-bedd-4ee4dc7a2c7c","f391669b9801ad0fe1b0e75a904ba45981cb8c44"
"6cb44f9d-8aa3-45b7-bf7d-8c16b1a58d23","9e808141c9c9b514a81bf653a61d1a924851c537"
"6cb44f9d-8aa3-45b7-bf7d-8c16b1a58d23","ab8bdaca1cb6296104ad0efc3f71b00b099ce828"
"6cb44f9d-8aa3-45b7-bf7d-8c16b1a58d23","9e808141c9c9b514a81bf653a61d1a924851c537"
"6cb44f9d-8aa3-45b7-bf7d-8c16b1a58d23","ab8bdaca1cb6296104ad0efc3f71b00b099ce828"
"6cb44f9d-8aa3-45b7-bf7d-8c16b1a58d23","ab8bdaca1cb6296104ad0efc3f71b00b099ce828"
"6cb44f9d-8aa3-45b7-bf7d-8c16b1a58d23","ab8bdaca1cb6296104ad0efc3f71b00b099ce828"
"6cb44f9d-8aa3-45b7-bf7d-8c16b1a58d23","ab8bdaca1cb6296104ad0efc3f71b00b099ce828"
"6cb44f9d-8aa3-45b7-bf7d-8c16b1a58d23","ab8bdaca1cb6296104ad0efc3f71b00b099ce828"
"6cb44f9d-8aa3-45b7-bf7d-8c16b1a58d23","50c8c5464ff76c1189fb19e5354776cfed9653a9"
"6cb44f9d-8aa3-45b7-bf7d-8c16b1a58d23","50c8c5464ff76c1189fb19e5354776cfed9653a9"
"c6028aac-8d3d-42d6-9b3a-518cba987fda","9eadcd023685cdc401b9ff69b774377604f467d8"
"c6028aac-8d3d-42d6-9b3a-518cba987fda","6ffb80db87aabd67e8dbcbdd59a7e846a8eb3518"
"c6028aac-8d3d-42d6-9b3a-518cba987fda","b8e7839f1c0cc6cf55f7552831c396ea82e2ba23"
"c6028aac-8d3d-42d6-9b3a-518cba987fda","b8e7839f1c0cc6cf55f7552831c396ea82e2ba23"
"c6028aac-8d3d-42d6-9b3a-518cba987fda","b8e7839f1c0cc6cf55f7552831c396ea82e2ba23"
"c6028aac-8d3d-42d6-9b3a-518cba987fda","f4a2176740a91555667ff11e9ed4fc137c451b79"
"c6028aac-8d3d-42d6-9b3a-518cba987fda","b8e7839f1c0cc6cf55f7552831c396ea82e2ba23"
"c6028aac-8d3d-42d6-9b3a-518cba987fda","9f9075232cc4e08fb5ea0d6ff9cb3317418ba54c"
"c6028aac-8d3d-42d6-9b3a-518cba987fda","6ffb80db87aabd67e8dbcbdd59a7e846a8eb3518"
"33ae0785-e58c-4275-a5e1-d3328593e246","c201161cdaa59c9cc72e8103e3459d47f6ce8282"
"33ae0785-e58c-4275-a5e1-d3328593e246","c201161cdaa59c9cc72e8103e3459d47f6ce8282"
"33ae0785-e58c-4275-a5e1-d3328593e246","c201161cdaa59c9cc72e8103e3459d47f6ce8282"
"8f4598a8-5d45-4d72-8f4f-57765fa48284","b47fb9dc29a6a8d98b336b44fa150fe7eaa24b86"
"8f4598a8-5d45-4d72-8f4f-57765fa48284","f0ef59fe7aa4c5a050edf76d39a678e988e79742"
"8f4598a8-5d45-4d72-8f4f-57765fa48284","e4609525b11628ab9b2032121d190e325066928f"
"8f4598a8-5d45-4d72-8f4f-57765fa48284","6d3fb999986a8ff0a70d86e6dc5397a8a979de82"
"8f4598a8-5d45-4d72-8f4f-57765fa48284","76e5fac15a9a323395635022dcf520c195954050"
"8f4598a8-5d45-4d72-8f4f-57765fa48284","b8cc711bbf4741c209b01af5b3198bdab421805a"
"8f4598a8-5d45-4d72-8f4f-57765fa48284","f0ef59fe7aa4c5a050edf76d39a678e988e79742"
"8f4598a8-5d45-4d72-8f4f-57765fa48284","f0ef59fe7aa4c5a050edf76d39a678e988e79742"
"8f4598a8-5d45-4d72-8f4f-57765fa48284","e4609525b11628ab9b2032121d190e325066928f"
"8f4598a8-5d45-4d72-8f4f-57765fa48284","b3b4f7aa53a9b64b3356de6ac8700977a9849fde"
"217b56fd-37c4-4097-bd04-cfb23ce4b685","3f8f0d5dcc863fdbd351e084f7580525d6f22849"
"c6e48375-b2aa-4379-8345-36c63f1f7177","e2d4f71057f5fd3a47a03dfab4b870e95cd5236d"
"c6e48375-b2aa-4379-8345-36c63f1f7177","34e0e3780ab905aaa8a022b0ab242055b44b41c1"
"c6e48375-b2aa-4379-8345-36c63f1f7177","befb0fdc56c4db37e3a9e58ccb9904d2181d0785"
"c6e48375-b2aa-4379-8345-36c63f1f7177","34e0e3780ab905aaa8a022b0ab242055b44b41c1"
"c6e48375-b2aa-4379-8345-36c63f1f7177","34e0e3780ab905aaa8a022b0ab242055b44b41c1"
"c6e48375-b2aa-4379-8345-36c63f1f7177","34e0e3780ab905aaa8a022b0ab242055b44b41c1"
"c6e48375-b2aa-4379-8345-36c63f1f7177","34e0e3780ab905aaa8a022b0ab242055b44b41c1"
"82f294ef-9c57-4161-af1a-d22231e018f4","c497351fb43629049dbf1729c468518c0a8fd9de"
"82f294ef-9c57-4161-af1a-d22231e018f4","500abde587ce9fdd2be82434d4b7d091cea4d2f2"
"82f294ef-9c57-4161-af1a-d22231e018f4","d5c0a3bf726c09ff774d0314352d07d51edb0800"
"82f294ef-9c57-4161-af1a-d22231e018f4","1db5286d3af3bcaf37c2620c9bffb5a365267edf"
"82f294ef-9c57-4161-af1a-d22231e018f4","c497351fb43629049dbf1729c468518c0a8fd9de"
"82f294ef-9c57-4161-af1a-d22231e018f4","1db5286d3af3bcaf37c2620c9bffb5a365267edf"
"82f294ef-9c57-4161-af1a-d22231e018f4","1db5286d3af3bcaf37c2620c9bffb5a365267edf"
"3a6e5f16-7b16-4dbc-862b-5a9043b98a9d","422d0542f294bdc19b6c70a69020f6e44461db25"
"d0b10e78-7e67-40c8-97c2-e26bf3719f7b","c0ad974f05118f6cad9733807ca0286fb220ccc1"
"d0b10e78-7e67-40c8-97c2-e26bf3719f7b","c0ad974f05118f6cad9733807ca0286fb220ccc1"
"d0b10e78-7e67-40c8-97c2-e26bf3719f7b","c0ad974f05118f6cad9733807ca0286fb220ccc1"
"3e2d3ed6-4dad-474d-a3b3-b6f4777d1ed4","23465d23f334379215fe0b9882a3ffb97e24f67e"
"99cc4eb3-8320-430a-b3bf-50ff1aa7e8e9","34663c71d065ed09c22d9382448998237da25d6a"
"99cc4eb3-8320-430a-b3bf-50ff1aa7e8e9","cf2b58029d1887111ddda2321424c64a27d0edaa"
"99cc4eb3-8320-430a-b3bf-50ff1aa7e8e9","dae2b3f869448bbceb70be7cfce132611284b34e"
"99cc4eb3-8320-430a-b3bf-50ff1aa7e8e9","34663c71d065ed09c22d9382448998237da25d6a"
"99cc4eb3-8320-430a-b3bf-50ff1aa7e8e9","34bdfed662fdc3c3b115276104edf1464284fac3"
"99cc4eb3-8320-430a-b3bf-50ff1aa7e8e9","7202ca83353f6658efbb0acc05ae8ea466eb5995"
"99cc4eb3-8320-430a-b3bf-50ff1aa7e8e9","34bdfed662fdc3c3b115276104edf1464284fac3"
"99cc4eb3-8320-430a-b3bf-50ff1aa7e8e9","63e21ef8e4c4dbcf7e581411957cf0eaf140bd74"
"99cc4eb3-8320-430a-b3bf-50ff1aa7e8e9","1640add72138e4c19284524496b858d0eb5a61a0"
"2797d956-e94e-4e11-871f-fa4adfc48e56","5bd32fd12eaedd5535d78caf5862218693cd53f7"
"2797d956-e94e-4e11-871f-fa4adfc48e56","dd4cfcc9864f7b83f1f5308be7f4ef78f2e067b2"
"2797d956-e94e-4e11-871f-fa4adfc48e56","2f2d8e56425fef46cb6ac0e27be2d08da059ad77"
"2797d956-e94e-4e11-871f-fa4adfc48e56","dd4cfcc9864f7b83f1f5308be7f4ef78f2e067b2"
"2797d956-e94e-4e11-871f-fa4adfc48e56","e0aff271f24c5aaebbe4b44673c1769e37112231"
"2797d956-e94e-4e11-871f-fa4adfc48e56","dd4cfcc9864f7b83f1f5308be7f4ef78f2e067b2"
"2797d956-e94e-4e11-871f-fa4adfc48e56","e0aff271f24c5aaebbe4b44673c1769e37112231"
"2797d956-e94e-4e11-871f-fa4adfc48e56","3923d86b9a43375042b52cd52cecd7457bdc7f5c"
"2797d956-e94e-4e11-871f-fa4adfc48e56","39d4d78d40b1e2001a2fe22a2831f857295040b7"
"d8c4122f-3576-4733-b1f3-fdc2cdbe57c3","7e7ce6c9610588966e6e20a75f00b881e363d9e2"
"0142cf9c-8e3e-4234-9a6d-4427309a49ba","a150c25bc765580c93484782c2188ab1c9044339"
"46559a79-c820-4131-83f5-569150f87c3c","7f686dd483bc76e8880d13902e666c9631d482b9"
"46559a79-c820-4131-83f5-569150f87c3c","2bd32125cc0f14c27eecbb90a4de67b42e90ff4c"
"46559a79-c820-4131-83f5-569150f87c3c","7a662f69cafcae032375eda1c3b51a3be392fb2f"
"46559a79-c820-4131-83f5-569150f87c3c","193e637ed5faaf24a6f7b801629dc0bb9e0301b9"
"291b1887-386f-4639-b5e2-14b70c1babf4","50b75ec1e36a2d09319a24319acbf8b3adac498f"
"1d0d6d0d-2fae-423c-94fb-801c15b99c9e","9439f3c85653e75545536be6da8d57801c56883c"
"1d0d6d0d-2fae-423c-94fb-801c15b99c9e","9439f3c85653e75545536be6da8d57801c56883c"
"3d39e95c-371f-4914-974a-8340d2814e61","b4a48ae90b1804c0eb8ddc1e623138b9d77975bd"
"011dd0aa-9f2a-4f13-a442-d795b29661de","1e85d031f014a23f6edcb1f446614f2c66785c5d"
"bfe1d4dc-a64b-48b4-82e2-7d2fba2485ba","0f057aba0e312a897fa5c99cc350be3a84f5601a"
"530a9fdc-7f6d-4318-863b-6bfbe6b3aea3","1e01610656f9f3f2fee9ac4a9023c3205d19c7bd"
"af96eefd-315d-41e5-83bc-2c8f5dc68dcc","3bc92086fbd2c9c3864fe8687066ab2af290714b"
"a0ffa19b-f5f6-4eb0-a611-0dcdf7d2bd80","745f302602ad63b611f22b9eb37a627496958da0"
"86bacf15-f334-4896-86c5-1c2d17a9b488","11d6b1fba2c3521d16e8514836bc28f22a0920e2"
"1f1165f4-e110-4b69-8d61-72f6b0ef8e6f","31caea155b93582b319f20e6ebecfb2fb0bdd1b1"
"98e90daa-1547-4761-b6d8-a13b0d08b208","d24b05d79ddcbb40f0f7801697394c04b65c8f42"
"78ac1448-a534-42f9-a551-5c7a73a3bb86","607b1339df8940639570a9eb2bd77ed6a8675597"
"baf8cf61-1ee3-471c-8bba-a85b5012c636","6803eb650504f01190e51b01faaf122f3ce390ec"
"d59da627-a17c-4d50-ba04-030bdc231951","53851aa8f813406c62f3b0c32457866f4e2c5a53"
"d59da627-a17c-4d50-ba04-030bdc231951","53851aa8f813406c62f3b0c32457866f4e2c5a53"
"62cc68f0-776e-495a-95ac-578cc9d10a8a","3ba66c872b1c013e89fcce530a2a50d274935445"
"1a1c18eb-f8f4-41c0-b71f-92c050613800","3f405eb6d630e321f19666671734bbab2f589e03"
"14632f7f-2c5b-48ba-bf13-88d1eb659317","d5d06bc110c3c1bbfe93f10fc96d5fc714148479"
"5ac1dd8a-ba8a-444f-bf46-765c1dcf3174","f01035d695fc00b53caf3258b8cfcdb0db8058fb"
"8c0b6294-836f-4e31-a387-1e1b5bf5f294","be134cee3c3e11de083062753a20325f02a26072"
"cd48be3d-a3ad-477c-9a21-f9c40aaaf1a6","d32b52c71d5268e8a449bbb1745c00d30588fa08"
"f65d0556-9665-4850-b213-e2a67084d4ee","c72c56410201a1f71891472261328c10ee115212"
"f65d0556-9665-4850-b213-e2a67084d4ee","c72c56410201a1f71891472261328c10ee115212"
"e6eae360-ae2d-4d73-8f53-c1c30883048e","b2f4ec007f9ee6c08c2dc63c184e1e25ba7fa2c3"
"19446d12-6669-4224-9834-d6a3fbc753af","c734d964f3691dde7edb0587e6fa3da87409e1a7"
"aa842aa3-9609-49bd-b6d4-d623d6ebeca6","a80fa1370710aba4b95ba479003c0bda8b4a7455"
"3c6a2396-a7d8-4abc-a12f-75d33819159a","bffb2baaaab8649a25d247436a83f9da0a9075f0"
"a4fbb570-f273-42e4-8461-fa64a1a10fff","35bbf0b3d636c0f0f5f0577ffdfb22403c87e311"
"7a2a9dfa-8716-4c68-88fb-6bee1de93bba","ee0b826a447cae766f15be3ed2a79c4cd3038584"
"691c1602-a5d8-426b-85c8-999915298bbd","39b296013acb16eeea2bf1c1533f2952c09fbea7"
"5493f8b1-9ccb-4b09-984e-95a298d6cb7b","2c2a4d8d390729905cc8baed647a38816762e668"
"a1a3ecbe-b9db-40b7-bfd6-f1250bf5e642","5585fd7cfd7a442af4a8942a45caa847bbcbcc4f"
"453073fa-5fc6-43e8-99c2-75a81e9b2ca6","fe723c4bfca93ff6cc3e54e9f5bbbc78c2c3e70e"
"453073fa-5fc6-43e8-99c2-75a81e9b2ca6","fe723c4bfca93ff6cc3e54e9f5bbbc78c2c3e70e"
"453073fa-5fc6-43e8-99c2-75a81e9b2ca6","fe723c4bfca93ff6cc3e54e9f5bbbc78c2c3e70e"
"78de952b-c3fd-456c-a298-cd123a37f0dc","c30fb8fb1b1100d9a590c42b8af4f43606b406fb"
"78de952b-c3fd-456c-a298-cd123a37f0dc","c30fb8fb1b1100d9a590c42b8af4f43606b406fb"
"1cddcdfd-c9be-4639-902e-6eb0e7c956a8","7d358c32a0a9c8bf9347237f3d1570ce7ad626f1"
"1cddcdfd-c9be-4639-902e-6eb0e7c956a8","7d358c32a0a9c8bf9347237f3d1570ce7ad626f1"
"b431368d-3c12-40a6-bb39-95fb939e833b","b8ef069f0d95ac23a8b1f4d7148eec2f040b42e7"
"a6f200b2-8ecb-4cb5-85f0-d6300772f5c4","bd0424182d5ad4ee630d7e0df0a819c6e94aa573"
"bf08ef38-b5e9-41d2-bf60-9d4c3961a061","6404aeaed74db2bb3710ab40636fd9c247325fb0"
"a98a5376-a207-414b-b3ed-2d088026a31a","05cbc591d7f7ff3c817d62adf72c415b57cd46fd"
"44c5efed-9340-4221-8407-7cc1895cfbb8","f0502379b4765bd93cc642d572efddf94cd1f211"
"d209feda-8c75-42aa-803a-94b856717959","080020b36b86af19a7e4ca3dff135aae44d0d538"
"d209feda-8c75-42aa-803a-94b856717959","166c45e66c2913cee5831fb28c207c5d6ae2a477"
"44258b28-f1fd-439d-984d-b74e24b6b189","9391a3dd8745bfc2e88ece10938ebdb55bffcb12"
"44258b28-f1fd-439d-984d-b74e24b6b189","3ff8f8d2e611f4ee7f6fc89ba491aa48f79d0a86"
"44258b28-f1fd-439d-984d-b74e24b6b189","3ff8f8d2e611f4ee7f6fc89ba491aa48f79d0a86"
"44258b28-f1fd-439d-984d-b74e24b6b189","ec9312d1844bf75b58515bce6a618efc970bcbd4"
"44258b28-f1fd-439d-984d-b74e24b6b189","3ff8f8d2e611f4ee7f6fc89ba491aa48f79d0a86"
"44258b28-f1fd-439d-984d-b74e24b6b189","3ff8f8d2e611f4ee7f6fc89ba491aa48f79d0a86"
"44258b28-f1fd-439d-984d-b74e24b6b189","3ff8f8d2e611f4ee7f6fc89ba491aa48f79d0a86"
"87c417ef-aabb-471d-b31e-7bdbd6cfbd79","f83705a90486bc8c9dc428e740d761b273d7f280"
"87c417ef-aabb-471d-b31e-7bdbd6cfbd79","2fde2b05d5f3a3dd740434db6ce3f8a055ca9a1b"
"652452cb-906b-42ef-ae27-c0de6b7ff73c","fd85c1e0b07bac937cf2b588d3770869c29a60e9"
"652452cb-906b-42ef-ae27-c0de6b7ff73c","d2670deac6facdfd7522a2358286cf255dbce085"
"652452cb-906b-42ef-ae27-c0de6b7ff73c","8feed014baf59f1fedb16078fb3554acc22b149c"
"652452cb-906b-42ef-ae27-c0de6b7ff73c","99fa8c803929271aedca78445fcbc6be5d060340"
"fb300fd1-36ac-48f0-89e0-e67a4c64dd00","98c58978a004837d219e2ccaf253864213134e2d"
"505dec38-7531-4022-9ca0-ec5a2cd4c9d3","6e11c2d2150dd3ae97fb046c8f57b0f6728802ed"
"505dec38-7531-4022-9ca0-ec5a2cd4c9d3","349d42caaeb4d0e746d49d5eb0f90941d0f12706"
"ab22c688-9c85-4f4a-bfcd-7f0a182668d6","f23e156cd2ceb52e1f5564a689c67d3eb51e5384"
"ab22c688-9c85-4f4a-bfcd-7f0a182668d6","fa53f4ea379d7de113f69669e93e524f5c2baa0e"
"ab22c688-9c85-4f4a-bfcd-7f0a182668d6","ad02cbe2ce9acb625eeb92b6dc72e85d90e0a546"
"30e173d2-fae0-4c35-8316-be1373eff00d","ea641dc3d32ac9b6f7e3f155c0286f1a843b667e"
"30e173d2-fae0-4c35-8316-be1373eff00d","ea641dc3d32ac9b6f7e3f155c0286f1a843b667e"
"30e173d2-fae0-4c35-8316-be1373eff00d","ea641dc3d32ac9b6f7e3f155c0286f1a843b667e"
"30e173d2-fae0-4c35-8316-be1373eff00d","b601aa0e0daed8d4a2efff86bae11fa6b5dd59fb"
"30e173d2-fae0-4c35-8316-be1373eff00d","ea641dc3d32ac9b6f7e3f155c0286f1a843b667e"
"9ca98c40-fda6-4817-83a8-fe2c0f20fddc","fcc49467a77d31edb2b7a6862b585d81d8dac157"
"9ca98c40-fda6-4817-83a8-fe2c0f20fddc","b3c019ceab4d958342a05fa95763830aac797911"
"c8c137ad-f8a4-4e92-87ce-3d99d6691d7f","6982c2a0d4a7fe2e40923fce89552efd132beab8"
"c8c137ad-f8a4-4e92-87ce-3d99d6691d7f","8ff170a049e430e759f0b4d427f390573bc3cfe6"
"c8c137ad-f8a4-4e92-87ce-3d99d6691d7f","6a76479b2725f23568f5e6c27dea88298868d87e"
"c8c137ad-f8a4-4e92-87ce-3d99d6691d7f","acceb4f05e3e4cb2ff270dc0574a2a75d3dc3eb3"
"c8c137ad-f8a4-4e92-87ce-3d99d6691d7f","acceb4f05e3e4cb2ff270dc0574a2a75d3dc3eb3"
"c8c137ad-f8a4-4e92-87ce-3d99d6691d7f","acceb4f05e3e4cb2ff270dc0574a2a75d3dc3eb3"
"c8c137ad-f8a4-4e92-87ce-3d99d6691d7f","142c79eae06196fcaf0c52fc340fd7d9a57bd371"
"39feb467-5564-4412-bb6b-c8dd5d144f6f","5e43410fdff5b029bfcecdf47f8205505cc63ffd"
"e672e9c8-7f40-45fd-b19c-41be043913a4","a9860be1f5dd718bad6415d063815017ad5d4338"
"e672e9c8-7f40-45fd-b19c-41be043913a4","5ea02704312ad95408cc1c618730b03626644af9"
"e672e9c8-7f40-45fd-b19c-41be043913a4","37ff24ec13603b0fa9d35d14f6283d98065ff317"
"48e89d1e-f607-468c-aecf-aab3e8547629","9006163a6b191105cdd06338bce4afa3f7175756"
"31bbdf8c-d762-4a09-be2d-e09f8dda3c2a","4e7595935b5439a0c9d60042fe6d37f31c0d0db4"
"254890a2-7891-4c83-a34b-514fb8c73128","07aa957bcb09109d775975a4f0e84b81d7454965"
"254890a2-7891-4c83-a34b-514fb8c73128","07aa957bcb09109d775975a4f0e84b81d7454965"
"73b86a3e-1821-4b76-b47e-0420bb9b4a8c","468e372b78475466d9cd9dd96dc86351fc5e0d67"
"73b86a3e-1821-4b76-b47e-0420bb9b4a8c","468e372b78475466d9cd9dd96dc86351fc5e0d67"
"7d2c7677-87a9-435a-b75f-0325514edfda","479fed7edb61b808f858ef683ea74c446ff98467"
"e583c1aa-3cdd-42ea-96ea-0dfa79fb67f7","d963efcab3b09936509e1889b1451ccc7940515a"
"0b2c1f20-4b68-4e35-bd51-8e422f9a96b1","fff843ba95255d564fe06a6591574904f6e4aac5"
"0b2c1f20-4b68-4e35-bd51-8e422f9a96b1","11d1cabfdf4a04aeddccf333cfeb9e45764c5f19"
"f2a2c830-b334-46d4-aaf6-81d046859f88","3db9b2014aa0d33b10738edbe93f816b8ce0cbd1"
"f2a2c830-b334-46d4-aaf6-81d046859f88","3e048d1bd216f781528d9f3121a4875dfd14c87a"
"84f02394-81e9-4305-ac6b-c06f825b8b8c","35c3f15f4c9ea31ae6fda38cf22f39b97fc09f26"
"e3df7763-4575-42a5-ab39-6e3ddd59bf93","fef836966af700036f67f8e1d4371cbc04b0442f"
"5066584c-878e-4a3c-bea1-70d6c2fbe210","d607983e9b7067892c3c575eedef79496c5e8015"
"6f4c2b25-07f7-4662-9bd2-dc54dc6a5684","13f78e1a40b7c9fda8a440724936d5881e30fd40"
"5caa4878-2e92-48ed-a5c8-100cee40a39f","277a8fb42f24bee829de0c728082eea687291848"
"24303556-d217-4b41-acf5-61b00e634e40","eb99489b1fb649ec2a52e2650e805178f532f886"
"7f22ac29-5b2a-4146-bbba-cd7938ef7e21","3867cdd060349a070515a8a928c693a1704a7a23"
"2f2d32e2-5e3a-48c9-a402-d0319bf413fe","be0516f4b4106a93c6683e250e19977d7e6aab22"
"55f38993-2ca6-40ed-b606-f5089edef0e7","8e827869fc8ad68ec3788d0a5836c1b7417c9579"
"6d1f65b2-a7be-4176-a363-46c2ac52492a","b32f5daf10868475d96f2fb124c07604fc58270c"
"b85c9743-aea8-4cc5-afad-eeb6d7c6b3ba","d76457070c0d3008270391a83a80a08de60c8828"
"b85c9743-aea8-4cc5-afad-eeb6d7c6b3ba","d76457070c0d3008270391a83a80a08de60c8828"
"b85c9743-aea8-4cc5-afad-eeb6d7c6b3ba","d76457070c0d3008270391a83a80a08de60c8828"
"8578a909-7dcd-4a17-b845-45dd2382d554","b4e7f36506f1b53cc5f54f515a028459da56d8dc"
"4eadd83d-ae5c-4886-922b-f1561174c97b","d29ffe7e533de052b2640eb8fe042a3b6b97bb18"
"1d32777a-f561-44f4-929b-35bb071106ac","b186583f235c7dbd230a3e7b07cc90f7617c39f6"
"882df504-1433-414b-93d4-4302f67bbd70","b2c4e578acf9eed5965aac80bdc5d1abb9d59728"
"839b71ab-3d0f-4c21-af00-01f5a8d2ad16","9655a0b8fb1945efb7a826b0f2297044ce4b2761"
"839b71ab-3d0f-4c21-af00-01f5a8d2ad16","7872e6847169da5f88889e1414c8b813f5cc0b5c"
"839b71ab-3d0f-4c21-af00-01f5a8d2ad16","4c57680b090c12ba2906824d8da8021a80fd628a"
"839b71ab-3d0f-4c21-af00-01f5a8d2ad16","14961528b570ef6f28b5f6641cdd8ba013204828"
"839b71ab-3d0f-4c21-af00-01f5a8d2ad16","7872e6847169da5f88889e1414c8b813f5cc0b5c"
"839b71ab-3d0f-4c21-af00-01f5a8d2ad16","6633588f586ecc5e2212a79a805ddbc216c539f8"
"839b71ab-3d0f-4c21-af00-01f5a8d2ad16","963c718cc63f120ed95bc9fadb4e8ec9c72567a1"
"0cccca83-d4e8-48c3-bd3d-673ec519bed1","776e9858ce37457708934c87059897b5fdc56e90"
"4bc2f54e-9275-4ab6-86e8-03bb22f6c92a","ac2fbb6bf26df6ca39c36c97537632b54566e4f1"
"2e647140-c348-413b-8f41-884ceab742ce","cf4766acbaccd500a4d7f3c957c9c202edb195ce"
"05fcba2c-e0a9-44b4-b2a0-1e7e89f83bfb","0fd30c0805154fd7078a30e8d30931b2f2f07ac2"
"83324eed-c021-4188-ab3b-32e414e2f23c","0a6ba0b1765b8b1ee5dce4755be2476b6e7cdd03"
"76183f69-80d6-4500-b8b5-a949e572e519","5693b59dcd842f67c2449bfb35906b094f7d1cf9"
"3f0cb162-1dd8-455c-9d3d-4ddd7a08d927","1bbde3bcc7ba2d520777cf8addc918fcc3c4cc8f"
"3f0cb162-1dd8-455c-9d3d-4ddd7a08d927","1b42fafb0c38e44ced35658176a3d4c104f2097b"
"cd8fb305-263c-4602-85fb-d15f9eddc942","268adb164384446d30e0e0caade6236b70b29458"
"65f8aa12-8bb8-44f8-9efd-39bed8f4302e","2cd924b7b359c3e71e8f5bfc836406ebe4e6e390"
"0e900355-109a-4d6d-b4f1-791cd9956da5","51edf55eb31a8080f1a08832f234a27fb102eb4a"
"19657ac3-f178-481a-a89b-11f68eba5e73","5d9c0db5d0d204ec48e78204d72478097d312b13"
"d78e5ce1-7cae-44b7-8b51-63acf086f6f4","725ce0b5abafc5398b01112a49c7ca84a7b0ae6e"
"a07a62c7-2c6b-487d-ae66-f1a89aa9633d","58d69604e7271b3bf0f5e38debaeca30b8913aa2"
"a93ee16d-4234-4baf-acc8-f3e008f06e70","3304e5c16705abb7acad8c54a625f9d71f1f9ab1"
"ee9ff32e-dd38-47ff-9b81-cd43e8060e37","d0298db916a3563b388f0d709998e3d34fe57679"
"cb423f3f-180c-411d-92e9-26528e36fc0e","39397d05984491d969edf711ff009486540420b0"
"0f78b361-a6e1-47ed-a43f-ebb50f26a9a8","98857abd4adbf666d27a6d22ab86bd23270ef744"
"0f78b361-a6e1-47ed-a43f-ebb50f26a9a8","1cf65900ac7f153ff88018a6caf1acd43cb06d71"
"98248102-5395-4f9f-a9b2-2647598ec8bc","c442ff53e59e798acfb44359a27b496a8e9a9675"
"98248102-5395-4f9f-a9b2-2647598ec8bc","e907a7dd6e297596f2e966210135e6cd089fc1c3"
"ee992a66-fc0a-4063-a998-35bbd5d01260","cba7142f81577ca41b04cf755416bc821303a2b8"
"9cf841ec-70f1-4f13-a7d2-4d6b34303cdf","a8e033c2bf8b845c5a4e7b92e3f035753c9060ba"
"6c7deff7-0480-445a-b755-833d3a48dd2f","00900479615bf009a7ae8f8bb9256165b052d03b"
"ee748f26-1d7c-48d1-a12c-22108a033998","44f4c746d88e197729d861af9b2aae7037d0d921"
"7056d02d-694d-4943-978f-d7f20e6792c7","402f9caccd953dcc1a5c243b9e60461391a9b33d"
"11b68490-931b-4ff7-b6ac-c7c807a03407","35386308a053a7c806adab809ab3e599318ceb3c"
"8edcf2b8-b0df-4b2b-bb58-92e337fcc8b1","d66aad4c5f4b511782e0d1d84181c226af766ac1"
"e2b4ee52-4bfc-4b83-9b48-8b89fed8280f","f677127eb8920e4415dc1fae7c988bd30d8c01fc"
"d8afdadf-db01-4b8b-8e9c-5532d2eb900c","3aafb961ccae6cf5d6b82b5608af20d635b2a3e7"
"d8afdadf-db01-4b8b-8e9c-5532d2eb900c","3aafb961ccae6cf5d6b82b5608af20d635b2a3e7"
"102d4c9d-bbc0-46cd-94d5-092a45f464f0","7a2b043ea12bca9b887871e41fc68cab9255d1f5"
"102d4c9d-bbc0-46cd-94d5-092a45f464f0","7a2b043ea12bca9b887871e41fc68cab9255d1f5"
"8d28418b-b073-4856-b210-efc10215895a","b463c0438b414fb040e8729077f9f8b7ccf447c3"
"e3ff3405-52e6-4c1b-acc6-a0f518b59a1c","9603d881fa056c07894c670651423267e7a8aa85"
"5324990f-6390-4594-967d-3878dbe8dd50","2f6cb32042b61dbbab9af8368d4976a6da6c972b"
"b8456a29-1e02-4f8a-8937-2437a2965f6f","7e023024bd2145e4b06648611485f0f0aabd356f"
"b23067df-0d8e-4c39-a2ab-468bdec075a8","e6774ca5c37e68d568955a666e4db40040a255ab"
"4323ea25-4d0a-4a32-8b01-0fad112f80be","8f0c43dbcace6cb1c1a1d14e75dae527e872f123"
"4323ea25-4d0a-4a32-8b01-0fad112f80be","d9dd0331ddde9e131771298167cbd071ffd9c171"
"d00b0a67-4c57-4375-8c38-6530344dd64f","ba652cb81608929b89bb4efd4b8357d242ac18b3"
"82adf07e-9f7d-4c19-a6fc-6c34ff96e6bf","b6d3e822bae620e92d02932999c41df4dc42cf1a"
"cac6a075-1ae4-4b13-9b68-d13274adaac1","3df50f7a3ee5335a3c8610986c35d287ad8149e7"
"ae344023-6400-405a-bc0e-ab78075f2076","69964e2fcd2f47780c2385cb5fd2ace60893a66c"
"7fc4507c-85b8-4d9d-8838-aac6f56e2d6f","63863eac8ad53ad46709221b732c03e64fe99df9"
"2cb9d3a7-88fc-45de-b9ce-c96308a5101d","d457b334a59279624e8a4de04d636f1f5a8a6cff"
"45c43848-190e-491d-9db4-3dc4572c1e67","148ce54ff313b0fa081387f61cd98325f238a01f"
"55f66af6-ec9e-44de-b343-a997611b709d","75bb0d0b5a92b8a9dad6939e05d2ba94e4f8f691"
"55f66af6-ec9e-44de-b343-a997611b709d","75bb0d0b5a92b8a9dad6939e05d2ba94e4f8f691"
"de3032a4-e709-489b-9bdc-5fc18a476049","5efb2c61e7c4f3e3fcc1ff11acc81cae4048beaa"
"54cf1eb3-991f-414d-a378-0834da218c87","e373c5bab106e1c56210f52de4c209ffdd8a6012"
"7ea3eef3-1fe3-465b-b505-74800a2c7175","cda04390673fa159f7417cf32a0b38cfda886aee"
"825fadb0-8b40-40da-8342-78f0bdf52dce","f27aae39d9e88f4189e59cb1f19d294b760ccf61"
"bd52a368-f6ea-4617-bb5f-0a2d012d2350","838e500773e1557e41f6af06e92ba3ec1a601836"
"bd52a368-f6ea-4617-bb5f-0a2d012d2350","838e500773e1557e41f6af06e92ba3ec1a601836"
"d78fcf1a-23f9-46dd-99eb-82eb19750544","914f3552f393a1da91947a0de8874d869b02b0e8"
"fc9e7cac-657b-4df1-8ff1-ff2462679a9f","d49993e2549cf670805e84136e564f3e14d33ef1"
"91884829-723d-4a09-9fb0-36334270e507","274b893aba68d9bdba9467018c875508be5e189b"
"f6777d44-51d8-4565-b5bb-481096ea1374","256f3bb362a847fb416f9d52dd93450fea6b9a1d"
"fcae8f8b-16ca-4469-8ccf-f80f96304aa2","42aee759bc098ffd8c614c29782b4aeef91d7496"
"40b8cf7c-dcee-4a6c-84fc-95a3ecb3f00a","298b2eca6c89629054c537028057f0409d94bf2d"
"600da846-e374-4cba-973f-aec0b9dad282","4b2bb9b461bbb30f4a2630ece2b93524ec04c681"
"c466695c-bc7b-4d76-aa8c-b9a81672035c","a3b627d68d7e6ca0d008a02b822330839fe28ea1"
"b7e1fd17-d8d2-40f1-8161-4b869f2625a5","77ed6e8887a4e7eb112885b558084f39a94865d8"
"c6ea2cbc-eb41-4761-bd8d-e56fbd8ccb49","6d9273c2aa35f3f35881bfc0c33580587e910a82"
"7bdeabdf-982b-4662-824c-d45c33796690","32c65fbb976d4b97ce4d7d2089c9f8d7b41b951d"
"72c7bb50-dad3-45d6-813c-958ba424aa3f","40c13ab2eebae99d783d95d80552d4bf5e2da3eb"
"1e2060f8-3b7a-4cc3-97bf-e39789db0e63","731424ca91e492130e0a24ac6435fd792fa34988"
"33205261-759e-4bde-a9c5-e927ac00fd3b","f905a31e66f6c66081f4a095748e65c453c124f3"
"7d66fc61-11dc-4937-ab6c-41910cf14557","2583d68c000b43916156c500e4cfe872111d1e8f"
"dc1630db-b31d-415d-8c47-660d7dfb2c6b","17b4a8509d5d192f0ace5e9ae38f7f832efdfb91"
"086b7756-7276-4323-826e-6f50514abf0d","0c5985e24d0df7083ed9011365d8f443ee3218a6"
"3520b74a-0b8a-46db-8329-37b9543b226d","221fc7fdf36f2c78a33fc61f368e5e4adb2f8802"
"6ab8cc2a-8a21-414c-b587-2a1fd6f9f521","1a90f9392e7757273468f3539fc743ee6a880b9a"
"0a213567-9663-4a32-a275-9ff6ae6687e8","d0da540ec45d549c13c0e0d5fc9a67455f92897e"
"d5759805-4d88-471f-833d-d2a9934eaabb","d42c01472e244c041e164a87cd4fa7a95c6ace5d"
"85952be6-23d2-49b4-81ba-17d87c8019f7","d9d3fa7b753a93546b670b639b3e1cd57f566d5b"
"b31f4efa-5cd0-47e8-92da-4c2faabe29d4","b80186ed2bd8c633cbfc20a73c9803317333832c"
"af049dd9-2af2-414a-aa10-d10c381b2b50","07926c0cbbb90891edafeffd872e65851fc1dad2"
"2d0787d4-06e2-4195-b452-bdced89f30bb","21ade8754425deb11bbdb4974bbbe69475d4f5da"
"b8884fd9-9496-4691-a6b4-4d979b7bafe5","4db088827b010f08419aa94ddf3dfb2520c4cd5d"
"ae1aff85-88f4-47bd-9df7-21de7c911159","c0448f4aacb41c3c225e930f15086017b7c9f0d5"
"4e806c65-83d4-4069-b1a1-9b70092c477f","381afc5bd6173b88a3f919dfb3497db69341d8f4"
"4b5ea3dc-f16e-40ee-867c-e563564a644c","053211569a5b464c5f58c71dfd567785a524b4aa"
"f88468b0-23df-4a76-bbed-50c06df3ad13","83f21abe786a9b39c4cbcc0623f9b6c1af54db33"
"24841e92-3525-45cf-9876-6275f6f31981","d3c41de55c32c05fe19d4c8e0cfbe00c05c29b43"
"c1df88c7-6c4c-441a-9cef-33a876f4fbb6","30fccea09726240653eb9e76a648a29cffa5a2f1"
"43519ddc-3a77-4d47-87e4-7642514b4d92","348eaf9c83b7d31506ae9e8369fbee069b3bdeb3"
"6689b0b7-fd2d-40cc-b57e-245e62b94dcc","b1dabe0f244701b6b81ee6bd3a34920f2876afc1"
"8011313c-5cf3-4e06-8042-3cca6dde0873","3984449c6b65e2a9d51506a352e4f64ed2a8824b"
"edad4a68-3026-4e11-bc21-8afadfa223c3","5532057642090ca5742496d4af57f01e861afd92"
"9d526718-48a1-4adc-87a3-aa337279d964","f613a25e495b798543deb78cb323f4f0fb95acdf"
"d94e6f2d-02e4-4ecc-b4a5-351993ad6536","1a370f6b08df068a06fb212d38f9b3aed2ecf5c7"
"29d29746-6c42-488f-8af5-dc3d8b97297b","09ebc456b26ead3efae96a7d835187c864ba401c"
"e1d87092-1192-49b4-8b17-30d69e920d06","9aa8569640e1abd1aa164bb474d750d5c9edb15b"
"d35f6090-96c3-4225-98d4-40a21af5a0a1","9a239b26bce879e2dd719bd9f8ce55dbd7a3c807"
"cb8221c3-d4ba-4a28-a7fa-d33bbfd0bc33","5ef70161caf66a5eec310111953a9ec51acb9046"
"0ec4cb4f-4737-47a3-be3c-85a0ec7f434c","53cf4f507b993a6ea3cab8f3ecd054175ae026ea"
"439c9c0a-8a3d-4ed5-b664-00c18d054665","57faaaa85561a607b2f5c2d137c3c2a9719c3079"
"dc35634d-f303-493e-ab3c-5073c31fec56","b4e227285c6c40b270b8dea95edd9a7a012e9549"
"81f46648-8259-4a79-8fd8-761e1429d0ec","52197e9af8db485d4ad487289be0276a7c429269"
"4faeaf00-8a2b-4b4f-b305-2bcb05798648","92abc3c20c93bd62311adeab67a5382b842bf75b"
"2ed5d83c-2620-4354-96c9-9ee2fbd352eb","de878a58ce577adfd3b3b28e7abd4ed26bad725e"
"2ed5d83c-2620-4354-96c9-9ee2fbd352eb","b68d286d1451503eb2a6ea16485d4727bc737d0c"
"432cabc7-1fb5-498f-bc27-1a1bd604d7b6","63c6ca95f8af7180ae3987194f4cd11e6da7e0e9"
"432cabc7-1fb5-498f-bc27-1a1bd604d7b6","79ad9bd6e3afbea9365e2de92d29cc184e622090"
"a81517ac-a2ff-4d60-82a2-30752d9d7c75","05b771ef17f778391e3290aa5831209c2ed7d607"
"bb315184-ebc4-4344-b5fd-1305ef94d8d8","84d46a997032267c2fa508a45064e90c6af183c1"
"3f89a988-dcdb-41a7-ae8f-0e176fcb2d9e","a16c1ddfbe464f17e800667f97902277450cf194"
"acef2583-f903-4adb-8edc-e1e1c25462be","d36f367027aee18a30dfba5aaba1c6c651e9bf01"
"aa4a8da9-41c0-411a-abd0-41f167a2faa9","3569a82134d94a726ac28a6fc71eab6edd3c072c"
"789f5a3d-8914-44e3-b6c8-e587f684b905","62ec009dbc528c42de2117a4900047591fdac02b"
"4d587131-6a18-45c0-8d3a-f0f5cb54d209","de96ee106bd454130cdaf2f183377b0c2e36a357"
"9efeb9d2-c205-421f-9382-9404c1e4f016","fc1eeeb6e08c0aba33c6804e91d855573955659b"
"d2298041-1dfd-47f7-99ea-6a12bae8b3df","aacbdd4bd8079600075f6a168c4045e44464b28e"
"dcd178f6-3401-45a5-8c3a-06c55a900c80","f8498901097ed75bdbfab3bece7ca95891ccdd39"
"92489011-5058-4763-8bb8-a3f72ea7f44e","8b1e84af76401f3c9b13a8f58d806e47d4677566"
"92489011-5058-4763-8bb8-a3f72ea7f44e","7254e8723e8699dcf25293e9ce001fcc36ee4717"
"8c67120d-151a-4c21-a153-8be6454b7797","4d1ffb4462d2f2419efe661be4ae34866c3b1e6a"
"be198d9b-84a6-4759-8524-7fcceced8f4c","4ad8383fb9e868dbe3f3c0f2585c747be297adba"
"15db68d3-5927-4bfd-9161-6e982fb672ed","88dd4ee2fc8958d07d853d88da69d3c6adca5945"
"720d7f60-58b7-49cd-93c6-3132f47d9912","24ee43bfac7046c918d52450d5acaddd350cb424"
"f3626e0e-6768-4b46-8b18-d4d031d8a0d3","e29f7eb3fdf7cebb16001d5e81baedb94e8e99f8"
"14adfb45-0d03-4bf1-8fc8-16c9d86ff3bd","cb00c0c7797b330ad40a90d5d1a3d90fa672a24e"
