"136edf8d-0f88-4c2c-830f-461c6a9b842e","d1b939cf-3f80-4a4c-9463-4c69ff7ff90f"
"136edf8d-0f88-4c2c-830f-461c6a9b842e","ee208cd2-0680-489d-95cb-5683f399becc"
"136edf8d-0f88-4c2c-830f-461c6a9b842e","8f494ce2-84e7-48b5-b475-a285ddb4bbd0"
"136edf8d-0f88-4c2c-830f-461c6a9b842e","66b924b9-1737-4916-922d-7c5733a27682"
"136edf8d-0f88-4c2c-830f-461c6a9b842e","58a6a50e-67ee-42ce-b76e-7ebddcf311d6"
"136edf8d-0f88-4c2c-830f-461c6a9b842e","17f33e92-31ec-4156-b7cf-fea83ba0dcb4"
"136edf8d-0f88-4c2c-830f-461c6a9b842e","4f9ff6e3-bd3a-4c2b-9e2d-f2abe5dad60c"
"136edf8d-0f88-4c2c-830f-461c6a9b842e","23da25fa-40fb-4cca-9e2a-96c2f4061952"
"136edf8d-0f88-4c2c-830f-461c6a9b842e","5764b121-0109-458b-96d5-cffa267f6354"
"136edf8d-0f88-4c2c-830f-461c6a9b842e","3b36f1dc-d26c-4e18-945d-e60622ac1e53"
"48f03f0e-3355-4ec2-a18c-0a9d984f10bf","6eb4e896-47a4-407a-ad04-062bcba14743"
"c7be0e82-620f-44c5-b6de-46310d59c7b8","c38f38ef-8dd7-4e17-bee9-e0bd1d2b4ccd"
"a1ade50c-95a3-4c2e-add0-da0c86659a71","a37eb056-f7bf-4b15-afe1-75bc60bca2ab"
"a1ade50c-95a3-4c2e-add0-da0c86659a71","7516308e-d035-49cf-8f41-6587c2bf05c5"
"a1ade50c-95a3-4c2e-add0-da0c86659a71","4e438526-b191-488b-8c26-cedb7c66fe54"
"e05825ce-fdfe-4fb7-8732-9496687fe02f","48c69d2d-2838-4bab-9941-fc8f3e1152e7"
"e05825ce-fdfe-4fb7-8732-9496687fe02f","684e51c5-4efb-4a9e-9cc4-74d1847235b4"
"e05825ce-fdfe-4fb7-8732-9496687fe02f","d0164498-1d65-42a6-9bbc-3e8b2433c1de"
"e05825ce-fdfe-4fb7-8732-9496687fe02f","097901ac-b95a-4428-8291-9e740ef01698"
"e05825ce-fdfe-4fb7-8732-9496687fe02f","1ca4bb19-1275-4465-ab35-afb56b78c4b5"
"e05825ce-fdfe-4fb7-8732-9496687fe02f","5b6acdc4-10cf-4429-8b1d-333020cddc44"
"e05825ce-fdfe-4fb7-8732-9496687fe02f","f1da2e52-b02f-448d-968b-9b4d405da1d6"
"e05825ce-fdfe-4fb7-8732-9496687fe02f","2576416c-799f-4dd5-b5ce-d0c70710ea09"
"e05825ce-fdfe-4fb7-8732-9496687fe02f","e241f995-24e0-4ad6-8757-d1d2691778e6"
"e05825ce-fdfe-4fb7-8732-9496687fe02f","9b1a37b2-7d91-4099-91c5-de65c6ff4574"
"e05825ce-fdfe-4fb7-8732-9496687fe02f","ee181697-8f1d-43f8-8c6c-8a7dd7f1ca1e"
"e05825ce-fdfe-4fb7-8732-9496687fe02f","2271ad9d-7dc6-4a32-bd69-67feebdda378"
"e05825ce-fdfe-4fb7-8732-9496687fe02f","c8de5ef0-462b-4a7e-84b6-75af18b9daae"
"e05825ce-fdfe-4fb7-8732-9496687fe02f","f77de17e-7697-4c0f-852a-0a13140b0492"
"e05825ce-fdfe-4fb7-8732-9496687fe02f","238a25ae-ea70-43c0-b5d6-2f6382942e34"
"e05825ce-fdfe-4fb7-8732-9496687fe02f","59f3d847-f226-4312-9264-706002c986c1"
"e05825ce-fdfe-4fb7-8732-9496687fe02f","a6f0a319-4083-4971-8722-16265c1daeb5"
"e05825ce-fdfe-4fb7-8732-9496687fe02f","fa2a615a-20f8-4547-9131-8c5045ac56cd"
"b43570bd-8e77-43e3-940a-c3ec466b423e","5484a507-b978-4dc8-bdea-740201e95f26"
"6f26f10b-75e6-40c3-9a48-dad8e314416f","a2ebb16f-66ba-4821-904b-4a2de1f2bc53"
"6f26f10b-75e6-40c3-9a48-dad8e314416f","15a594ef-e526-45fe-9e1a-e59f42070098"
"6f26f10b-75e6-40c3-9a48-dad8e314416f","3e9b4f66-43ce-4fb5-9a0f-3ad6dab8541f"
"6f26f10b-75e6-40c3-9a48-dad8e314416f","ccf25484-2101-4afd-bb21-a7a5cf5c0f24"
"6f26f10b-75e6-40c3-9a48-dad8e314416f","6780e770-5005-4e2b-ac07-a18863f79fce"
"6f26f10b-75e6-40c3-9a48-dad8e314416f","847a38cf-87ac-4429-9ad2-69054b8f941a"
"6f26f10b-75e6-40c3-9a48-dad8e314416f","e34530a9-47ba-443a-9411-88f08742e318"
"6f26f10b-75e6-40c3-9a48-dad8e314416f","92c46591-d39f-4962-bca6-3e233f10cc77"
"6f26f10b-75e6-40c3-9a48-dad8e314416f","66d6e14e-9f96-45b3-8349-d922ed523849"
"6f26f10b-75e6-40c3-9a48-dad8e314416f","6d9cada5-3cd6-4a5c-83f7-480ebf1f5cec"
"6f26f10b-75e6-40c3-9a48-dad8e314416f","3dc11f49-8bd6-411a-8a66-434d70019ae2"
"6f26f10b-75e6-40c3-9a48-dad8e314416f","ee5315bb-062e-434e-bfe0-cd88dc883cc4"
"6f26f10b-75e6-40c3-9a48-dad8e314416f","d4c68849-3872-462b-8fc7-ca398ed75587"
"6f26f10b-75e6-40c3-9a48-dad8e314416f","8527df3a-5a4d-4419-8c03-60be189ae369"
"6f26f10b-75e6-40c3-9a48-dad8e314416f","8d86eafe-1465-4a94-84bd-1b0731fdd99e"
"6f26f10b-75e6-40c3-9a48-dad8e314416f","bc032ea7-bb00-4251-a9fe-d178ec3082e4"
"6f26f10b-75e6-40c3-9a48-dad8e314416f","7a5afe9d-f211-43f7-9890-7c6e595a5d03"
"6f26f10b-75e6-40c3-9a48-dad8e314416f","24cb5d36-030f-4cc4-abf7-82b1cf2947a5"
"6f26f10b-75e6-40c3-9a48-dad8e314416f","ee408392-a4cc-4ce4-9f65-6ebb46e23bcf"
"6f26f10b-75e6-40c3-9a48-dad8e314416f","a8ad727f-3ac8-4d7f-bc79-0c6870487674"
"1cd505d9-195d-4f99-b91c-169e872644d4","cfde0977-573d-45fa-9ad7-73e7c93f18cd"
"1cd505d9-195d-4f99-b91c-169e872644d4","dee741c9-18df-4c7c-b297-9893c0c9291f"
"1cd505d9-195d-4f99-b91c-169e872644d4","c52f693a-e2f2-4920-9055-f9c21f51628e"
"1cd505d9-195d-4f99-b91c-169e872644d4","f8b0108a-8022-4732-be51-4397d10177e7"
"1cd505d9-195d-4f99-b91c-169e872644d4","6c1f22ce-1b5a-4988-84c5-dc49b6b9ef84"
"1cd505d9-195d-4f99-b91c-169e872644d4","777cbdf9-dc0c-4db8-8276-7725382a56be"
"1cd505d9-195d-4f99-b91c-169e872644d4","437c7cc2-1d4a-449d-806b-ef95783bd025"
"1cd505d9-195d-4f99-b91c-169e872644d4","4ac08c74-7329-484d-bf25-a1b19bfb2af9"
"8270cfe1-3713-4325-a7bd-c6a87eed889e","c0e10154-7702-4365-a766-5c7833f4f57e"
"8270cfe1-3713-4325-a7bd-c6a87eed889e","44bc65e7-5e5e-4c9f-8a61-f8cc77d341e8"
"15e7de38-543a-4f3d-ae1c-13526af64d64","ae4fcd4e-9a62-41e9-b13a-73ed221ef920"
"15e7de38-543a-4f3d-ae1c-13526af64d64","46ee116d-579b-4b24-b7bd-6a8a7bd4e4db"
"15e7de38-543a-4f3d-ae1c-13526af64d64","e90e3b0f-9aa8-4566-acfa-eab296af427e"
"15e7de38-543a-4f3d-ae1c-13526af64d64","453889c3-fba0-4072-a184-f0dd0b55fec0"
"15e7de38-543a-4f3d-ae1c-13526af64d64","e723d604-284d-41fc-9f30-b143fc99cdfd"
"15e7de38-543a-4f3d-ae1c-13526af64d64","c4f272ab-7833-4037-bc6e-3523fa632059"
"15e7de38-543a-4f3d-ae1c-13526af64d64","83814f24-fc97-44c3-9553-0524c45a4899"
"15e7de38-543a-4f3d-ae1c-13526af64d64","5746e925-48dd-4318-96b0-288d7fcb762a"
"15e7de38-543a-4f3d-ae1c-13526af64d64","16f49e8f-1850-47a5-a13c-3d1085436e88"
"15e7de38-543a-4f3d-ae1c-13526af64d64","731c3645-0d90-4727-9f6a-7218b809b251"
"15e7de38-543a-4f3d-ae1c-13526af64d64","5b17afff-bf78-4335-9050-f3a40af50d4e"
"15e7de38-543a-4f3d-ae1c-13526af64d64","0cd5edd9-bc20-4b05-bdf6-e1cf8a32fcba"
"15e7de38-543a-4f3d-ae1c-13526af64d64","b4e239e6-51ed-451e-95b8-03c2e2b24012"
"15e7de38-543a-4f3d-ae1c-13526af64d64","85aba8ee-4aff-452f-9a97-7ae93d1ecd4c"
"15e7de38-543a-4f3d-ae1c-13526af64d64","a35a7fd4-635a-46f6-bce2-989395c0b1ed"
"15e7de38-543a-4f3d-ae1c-13526af64d64","b76e5336-5e61-4c7a-89eb-cfdd2b7bb7e1"
"15e7de38-543a-4f3d-ae1c-13526af64d64","c05750bf-f09d-46a0-9558-86c94e1d3c24"
"15e7de38-543a-4f3d-ae1c-13526af64d64","7bc72064-c223-40a8-9d16-cdb4d1b10c3c"
"15e7de38-543a-4f3d-ae1c-13526af64d64","18a5edb2-6014-4bfd-9f53-d64e2d24bdab"
"15e7de38-543a-4f3d-ae1c-13526af64d64","8aa2a2e0-09bf-4380-9739-43d7f9a513fb"
"15e7de38-543a-4f3d-ae1c-13526af64d64","5d19cf0f-2e0f-43c8-be22-9cc5e621a6cc"
"ec0b0b8a-d05f-4732-bba7-90d95be5b20e","c21561f1-ae39-4148-aea9-af210ca6d0ad"
"ec0b0b8a-d05f-4732-bba7-90d95be5b20e","eac73684-8611-4111-98c2-47e4c702d85f"
"ec0b0b8a-d05f-4732-bba7-90d95be5b20e","716396c6-9094-4c1d-8c93-838cad0a5997"
"ec0b0b8a-d05f-4732-bba7-90d95be5b20e","67cb9695-48ad-473a-889c-87e245f128af"
"ec0b0b8a-d05f-4732-bba7-90d95be5b20e","84673b4d-06a8-4a86-b1c2-608b01ce7d1a"
"ec0b0b8a-d05f-4732-bba7-90d95be5b20e","90fc45fa-324f-4397-8a5f-783a7731d456"
"ec0b0b8a-d05f-4732-bba7-90d95be5b20e","c01fcde0-d310-4390-af73-0344397cf799"
"ec0b0b8a-d05f-4732-bba7-90d95be5b20e","a458cbe6-a006-4f12-8d82-deb2115dc7b6"
"ec0b0b8a-d05f-4732-bba7-90d95be5b20e","00bdfb86-4d73-4bae-904c-7da6e6db231d"
"ec0b0b8a-d05f-4732-bba7-90d95be5b20e","6dd24b0d-ce55-4907-840f-e5a3397f9152"
"ec0b0b8a-d05f-4732-bba7-90d95be5b20e","8ba3ac3a-314e-4137-95df-d3524ddfc4a7"
"ec0b0b8a-d05f-4732-bba7-90d95be5b20e","8220f5b0-5424-4039-a44f-7882a7f699dc"
"ec0b0b8a-d05f-4732-bba7-90d95be5b20e","60d9458c-d04b-4443-97af-521792f90caf"
"ec0b0b8a-d05f-4732-bba7-90d95be5b20e","d8c07808-03c8-469f-934d-13c0a436ce0e"
"ec0b0b8a-d05f-4732-bba7-90d95be5b20e","869f9338-9ba8-4a17-a81c-f8eccd4e7473"
"ec0b0b8a-d05f-4732-bba7-90d95be5b20e","dd533ea3-5210-491e-bd8b-3239a25026cf"
"ec0b0b8a-d05f-4732-bba7-90d95be5b20e","afe89004-7fd8-4975-a50b-eca8ca17dcbc"
"234908c5-8fa1-460e-8dad-d1807f0ad07f","5c1a95c8-dba1-4a00-941a-a2ba35960aa7"
"234908c5-8fa1-460e-8dad-d1807f0ad07f","8d8d6374-d89e-4d14-bfe1-e9ee2e61cdc2"
"234908c5-8fa1-460e-8dad-d1807f0ad07f","85566771-ba75-4acd-bfc0-580d1ceacaa5"
"234908c5-8fa1-460e-8dad-d1807f0ad07f","2ffe7b2c-35b6-4ba3-a74b-abe1a4dfed0f"
"234908c5-8fa1-460e-8dad-d1807f0ad07f","f82c97ac-85b5-460b-92de-787844fda822"
"234908c5-8fa1-460e-8dad-d1807f0ad07f","5c59b41e-87e1-4cb0-95fa-c0ffde436c31"
"234908c5-8fa1-460e-8dad-d1807f0ad07f","2c35dd8b-ce19-4e80-8251-e8dd04dbbc58"
"234908c5-8fa1-460e-8dad-d1807f0ad07f","d73b5707-8a59-48c5-a9f0-613afcf1cd6f"
"234908c5-8fa1-460e-8dad-d1807f0ad07f","18ecde95-f1d6-4d40-9575-2e121401cf7a"
"50679b0d-93b5-432a-833d-1f1c1cc4e811","140227dc-497a-422b-b72d-eb6088526420"
"50679b0d-93b5-432a-833d-1f1c1cc4e811","0ea7b995-900a-423f-9c77-db393bd82905"
"50679b0d-93b5-432a-833d-1f1c1cc4e811","a8c6cd37-f27d-4a1e-a5e5-d93d9a35bf09"
"50679b0d-93b5-432a-833d-1f1c1cc4e811","b243a12a-5ac6-4edc-aef1-eb56a359bfd8"
"50679b0d-93b5-432a-833d-1f1c1cc4e811","89148de5-13ea-4946-89ee-3113436282d3"
"50679b0d-93b5-432a-833d-1f1c1cc4e811","67ea12ec-bc89-4437-af36-39fd19d97b26"
"50679b0d-93b5-432a-833d-1f1c1cc4e811","a064d412-b37c-4785-bdd3-618b07e6a609"
"50679b0d-93b5-432a-833d-1f1c1cc4e811","9f9114e9-c8cf-4027-b7b6-188e062fc674"
"50679b0d-93b5-432a-833d-1f1c1cc4e811","a67eda59-6861-4e81-b73c-9c4322d9087f"
"50679b0d-93b5-432a-833d-1f1c1cc4e811","b803bdce-b922-4883-9842-8525ec909722"
"50679b0d-93b5-432a-833d-1f1c1cc4e811","10da2f0e-506b-4731-90bd-e3bfcf4a56b5"
"50679b0d-93b5-432a-833d-1f1c1cc4e811","1c7c7333-b4a4-4620-98ec-7ed4e217e88b"
"50679b0d-93b5-432a-833d-1f1c1cc4e811","132d4970-73c3-41e4-b1a1-25ff34410c9d"
"50679b0d-93b5-432a-833d-1f1c1cc4e811","076c897d-4e36-425c-8f95-eebfb68cee24"
"bd93f51e-8207-47f7-b838-1e50382eded6","bde6d45f-e76e-4aa6-8a39-767016396f1e"
"bd93f51e-8207-47f7-b838-1e50382eded6","24cfd6d9-f578-419c-84a7-8f86d51a23de"
"bd93f51e-8207-47f7-b838-1e50382eded6","cbd7121a-a2c4-4d9a-ae4e-b09c2ed25650"
"737c9fb4-6dce-4072-a782-a3729b3c6b8a","ee0a7e58-708b-4ed7-956e-8eabd4c9d418"
"737c9fb4-6dce-4072-a782-a3729b3c6b8a","0c1d1861-da29-49a7-b39b-85f217394f1a"
"10925c1c-0929-4ec5-8268-a8a52bd84631","8157cb7b-df8f-4064-8435-6db07552c2ac"
"10925c1c-0929-4ec5-8268-a8a52bd84631","de9e3bbb-9718-4d3b-a1e9-c7c9312aca95"
"10925c1c-0929-4ec5-8268-a8a52bd84631","8a0671d9-ec34-4f3c-9ee2-8c0701c654ef"
"10925c1c-0929-4ec5-8268-a8a52bd84631","4bdb37ef-6fe2-4915-9957-1b58e9a0bec5"
"10925c1c-0929-4ec5-8268-a8a52bd84631","cb6cfe37-f0d3-4acc-a3f5-fae702f52107"
"10925c1c-0929-4ec5-8268-a8a52bd84631","b3644db8-1396-4d53-a63b-d386866bf5d1"
"10925c1c-0929-4ec5-8268-a8a52bd84631","d07c3e2b-89e3-4ac1-95b1-b7f72736f5ab"
"10925c1c-0929-4ec5-8268-a8a52bd84631","2d5bfcd5-a857-4786-9714-891b6266b5db"
"10925c1c-0929-4ec5-8268-a8a52bd84631","902ae68f-06cc-4dbb-878c-45a9519c2cca"
"10925c1c-0929-4ec5-8268-a8a52bd84631","044653c4-36d3-4bcd-832a-f543f6c53425"
"f6d0ccd1-a3b3-4c19-8677-753b3279918f","2b8560ee-b211-4305-8d8f-559bc70ed374"
"f6d0ccd1-a3b3-4c19-8677-753b3279918f","d0731ecb-62fb-4510-a01a-22cb22e37dc5"
"f6d0ccd1-a3b3-4c19-8677-753b3279918f","46626cfb-e971-49db-bbc9-a53fcb0f960a"
"f6d0ccd1-a3b3-4c19-8677-753b3279918f","aaff1cfe-92df-4d07-a899-bcd44fbb1a61"
"f6d0ccd1-a3b3-4c19-8677-753b3279918f","3eb31c35-b275-48d7-8837-93d64352bef7"
"f6d0ccd1-a3b3-4c19-8677-753b3279918f","26b836d7-0024-4c66-8acd-771c47deb411"
"f6d0ccd1-a3b3-4c19-8677-753b3279918f","0cca6078-4e28-4a0a-a01d-1258f7661af3"
"f6d0ccd1-a3b3-4c19-8677-753b3279918f","833a1477-1db5-4226-a1bf-b0ce91d1be1b"
"9a2753b1-2799-4186-9139-8ec4a61170ca","ea951e77-3e77-42a7-a210-4ba08b91182a"
"9a2753b1-2799-4186-9139-8ec4a61170ca","2dc4e4f1-5123-432a-bf0e-e9cee21480ae"
"03c42de9-e1fc-4c76-8e63-5813d7f59424","2877d386-3a27-49a3-b100-f1e36e984130"
"03c42de9-e1fc-4c76-8e63-5813d7f59424","9386f886-df4e-4a8c-9123-8c45852db72e"
"03c42de9-e1fc-4c76-8e63-5813d7f59424","eba26770-a24e-4b39-acf3-291c056f1c8f"
"03c42de9-e1fc-4c76-8e63-5813d7f59424","c6a5d8a8-8999-443e-bf96-6c7299a8378b"
"03c42de9-e1fc-4c76-8e63-5813d7f59424","9c7ea375-cc68-40b0-b688-ec680cb74921"
"03c42de9-e1fc-4c76-8e63-5813d7f59424","70d549dd-16f2-4061-904a-45f57a0868dd"
"03c42de9-e1fc-4c76-8e63-5813d7f59424","81d37f37-4167-4803-a59b-42d5deb5c65e"
"03c42de9-e1fc-4c76-8e63-5813d7f59424","5da32b26-71dd-4bf1-9d13-54f8f0eaeae0"
"03c42de9-e1fc-4c76-8e63-5813d7f59424","e890a417-3e6c-4cea-b6c9-5026c5e0525b"
"03c42de9-e1fc-4c76-8e63-5813d7f59424","7c3b95ca-fad2-45ca-98f1-5d426bd7b8fc"
"38655176-1177-4a65-a6f5-e546f718158a","56b1d685-9b10-4fc9-8705-463babe2bc8e"
"38655176-1177-4a65-a6f5-e546f718158a","43c33e74-b494-4608-bab0-7d6f26d03cdd"
"ba4c31cb-e149-49eb-a410-34b9f5a7d653","30835ef0-29fb-4908-bf44-5afdd30ebdd9"
"ba4c31cb-e149-49eb-a410-34b9f5a7d653","1eec159a-980e-48c9-af69-9a78f7c0e78c"
"ba4c31cb-e149-49eb-a410-34b9f5a7d653","8f1e7f94-b788-4ef8-a825-efc583a80b5b"
"ba4c31cb-e149-49eb-a410-34b9f5a7d653","b12a9e35-a38b-4cd0-aa53-2e57f1dfb7f2"
"ba4c31cb-e149-49eb-a410-34b9f5a7d653","8ba25093-96a3-4301-8b73-7234147c947c"
"ba4c31cb-e149-49eb-a410-34b9f5a7d653","a28d347b-0626-4d75-8f08-02d793e01794"
"ba4c31cb-e149-49eb-a410-34b9f5a7d653","e7683cf4-7f95-434b-8077-f0495a094fbe"
"ba4c31cb-e149-49eb-a410-34b9f5a7d653","cc33cd54-ecac-4bdb-a7d1-dfad55624ce2"
"ba4c31cb-e149-49eb-a410-34b9f5a7d653","6af0d990-7ea1-42e7-b56d-97b91be7bafb"
"ba4c31cb-e149-49eb-a410-34b9f5a7d653","7a46186d-2e90-4522-9de7-1756d23d3531"
"ba4c31cb-e149-49eb-a410-34b9f5a7d653","a4b5111b-6991-4feb-b6b7-596327220f90"
"ba4c31cb-e149-49eb-a410-34b9f5a7d653","d17080e5-df1c-4e71-994f-19b219fefbfb"
"ba4c31cb-e149-49eb-a410-34b9f5a7d653","58cfbeaf-d13c-47a7-b402-4f94f7e65619"
"ba4c31cb-e149-49eb-a410-34b9f5a7d653","1b5e4d86-b50d-435a-808f-aeefaee6426d"
"ba4c31cb-e149-49eb-a410-34b9f5a7d653","00d075f8-4ff1-4bfd-bd79-543c442f06ec"
"ba4c31cb-e149-49eb-a410-34b9f5a7d653","d1804df3-7ea6-4570-b590-f035d3fa1fea"
"ba4c31cb-e149-49eb-a410-34b9f5a7d653","5bb9f952-8726-48c5-9a45-e9de362e261e"
"ba4c31cb-e149-49eb-a410-34b9f5a7d653","2812bf3c-5388-417e-9813-1c723fd8a1e1"
"9bc76c9a-64ac-4dd9-902e-80fccca1833f","7ea9c48e-f396-4a30-a852-a7c47255251e"
"8937b8cc-cb79-4ae5-8ad2-d4be4cab18e4","6ae0220c-5e0c-4825-80d3-8ff05c5fef05"
"8937b8cc-cb79-4ae5-8ad2-d4be4cab18e4","d6e82e65-a453-4fbc-84e0-d9e6f3b0d3ff"
"8937b8cc-cb79-4ae5-8ad2-d4be4cab18e4","f7fae14b-12c5-463e-a437-d5d215af3270"
"8937b8cc-cb79-4ae5-8ad2-d4be4cab18e4","0b2a7ddf-bfdc-4018-b1fd-a4376d6530ed"
"8937b8cc-cb79-4ae5-8ad2-d4be4cab18e4","9a69f99d-a478-4ce0-a196-fa32ee93c07e"
"8937b8cc-cb79-4ae5-8ad2-d4be4cab18e4","a2115d6b-587f-4a6a-aa68-37585d5d545c"
"8937b8cc-cb79-4ae5-8ad2-d4be4cab18e4","c51ac34e-6cf1-4f85-90ff-b4a1ec8e52f1"
"8937b8cc-cb79-4ae5-8ad2-d4be4cab18e4","4aa3007f-236c-4a65-ae9b-ea5ea634a433"
"8937b8cc-cb79-4ae5-8ad2-d4be4cab18e4","a83c3562-df5e-4c12-8c2e-cccb72564dd5"
"8937b8cc-cb79-4ae5-8ad2-d4be4cab18e4","cb1354d2-8153-44bb-95e5-0e681d28e8ff"
"4bbf7581-ba9e-4284-84a6-a66255ce0ca1","33e491b5-277c-4516-a576-3b3a0a497c26"
"9feb4c0d-45a6-4ef4-90c1-8ce5b0f29686","2921c4b4-79b2-4a73-babb-08c611235d24"
"78ff5286-2117-481a-903a-357fcd63cdb3","71eae8d6-e805-4c92-855b-5889976fc4df"
"78ff5286-2117-481a-903a-357fcd63cdb3","bb73ed71-f7ea-45c1-9831-5cb6803c417b"
"78ff5286-2117-481a-903a-357fcd63cdb3","c0cab16d-f340-4361-9c28-03b6248fda12"
"78ff5286-2117-481a-903a-357fcd63cdb3","926eb4c1-b3c0-4683-9854-380b5f0b9ce0"
"78ff5286-2117-481a-903a-357fcd63cdb3","3db75ccb-4807-4e74-9d07-042da83cbf6d"
"78ff5286-2117-481a-903a-357fcd63cdb3","6e621cb9-568e-47d9-80fe-904108627be3"
"78ff5286-2117-481a-903a-357fcd63cdb3","af1a5f6a-4e06-4007-87ea-5ef4845454d5"
"78ff5286-2117-481a-903a-357fcd63cdb3","56e7f593-3ce2-48dc-830e-96199ddc753c"
"78ff5286-2117-481a-903a-357fcd63cdb3","8577e973-afcd-4cf7-b51a-695437a4d10b"
"78ff5286-2117-481a-903a-357fcd63cdb3","7e716a47-12ab-42ae-ae84-2e9ddd7c7661"
"78ff5286-2117-481a-903a-357fcd63cdb3","9882d162-bde5-4aa9-a4a0-203fd6755f6c"
"78ff5286-2117-481a-903a-357fcd63cdb3","7e6d21c4-97db-4c79-85a3-f531a0b79ef3"
"78ff5286-2117-481a-903a-357fcd63cdb3","1bee60c2-f89b-46f8-858c-3ac80bb01f91"
"78ff5286-2117-481a-903a-357fcd63cdb3","a6857cbf-e9e1-4fac-b632-abd1980fc4dd"
"78ff5286-2117-481a-903a-357fcd63cdb3","845c8626-b710-4325-b71c-d8ecf91707ae"
"78ff5286-2117-481a-903a-357fcd63cdb3","6ece1c52-9a06-4ed6-833d-5d39a7125963"
"78ff5286-2117-481a-903a-357fcd63cdb3","22e9a029-cc83-4e72-9f55-3c78343cf56a"
"78ff5286-2117-481a-903a-357fcd63cdb3","d5f3e73a-13cb-4bcb-8868-ebba4a7f33a9"
"78ff5286-2117-481a-903a-357fcd63cdb3","139fdbfa-7304-4c95-ad1a-68585c86f8cf"
"78ff5286-2117-481a-903a-357fcd63cdb3","89c662a7-fceb-41a7-ae8a-57604fd35c35"
"6b11abed-fe67-462c-976b-194d950763e1","9f4bd26b-0ea4-439a-90fc-1a4a5eba0c53"
"6b11abed-fe67-462c-976b-194d950763e1","7917a0b4-3dff-480d-a9ca-05410f1b11a0"
"6b11abed-fe67-462c-976b-194d950763e1","a14ee05f-3b67-44d2-9ff9-3fcf9739bb03"
"6b11abed-fe67-462c-976b-194d950763e1","669095b7-8a18-40bf-959a-88e8a8b4f4b3"
"6b11abed-fe67-462c-976b-194d950763e1","fe9af3cf-e7d4-4958-9b54-838a8c611852"
"6b11abed-fe67-462c-976b-194d950763e1","f20ac64a-3db0-4267-834f-1cc714cdf182"
"6b11abed-fe67-462c-976b-194d950763e1","20f844cb-40ef-4fdd-9d71-7f36abd0c94d"
"6b11abed-fe67-462c-976b-194d950763e1","b7e2e9be-f500-474a-82b0-41a579438ace"
"6b11abed-fe67-462c-976b-194d950763e1","8676f5f8-72c3-4586-a0e4-8d55414f87b2"
"6b11abed-fe67-462c-976b-194d950763e1","35fdfa7c-5ba5-42ca-9da5-c22242b570be"
"6b11abed-fe67-462c-976b-194d950763e1","b22f32d3-847f-4427-9c4f-fb0975cf7514"
"6b11abed-fe67-462c-976b-194d950763e1","19dc70e1-03d6-45fa-b913-05081e8b0869"
"6b11abed-fe67-462c-976b-194d950763e1","af985e04-724e-4d10-a8b2-cdc1bf069ccf"
"6b11abed-fe67-462c-976b-194d950763e1","9037e9e0-1bd0-49c5-9108-35a83468d82a"
"73bcdcda-6cc4-4dde-b9a1-c48dfb9dffc9","d8e5ede8-223e-4269-a092-943aeda7f14c"
"05f9908f-72de-4419-9aee-a6615dca2cbb","1aa25deb-0b24-4c7d-9d55-5ea5cbdb8164"
"84b74f1a-c3d2-484a-a1b8-dc510d488192","3f5fbf53-e711-4067-80ab-ae776264611a"
"84b74f1a-c3d2-484a-a1b8-dc510d488192","3cabcaab-9cb0-42f0-993c-d066f39ff9a5"
"84b74f1a-c3d2-484a-a1b8-dc510d488192","f829aa9a-6063-4298-a143-0ffedd66a080"
"84b74f1a-c3d2-484a-a1b8-dc510d488192","cc34d10d-ea72-497d-9643-2416486f6ffe"
"84b74f1a-c3d2-484a-a1b8-dc510d488192","decd589b-15e5-484f-ae02-0044c9ca212c"
"84b74f1a-c3d2-484a-a1b8-dc510d488192","a78c5db4-81ae-4d96-87ec-aa654baf19a7"
"84b74f1a-c3d2-484a-a1b8-dc510d488192","de03dbe5-7414-400a-aa77-ad0dc744b359"
"84b74f1a-c3d2-484a-a1b8-dc510d488192","8a7502b5-c9bc-4946-b99a-27dbf83a39cf"
"84b74f1a-c3d2-484a-a1b8-dc510d488192","1435b9cd-b0ab-4799-9703-d7a005a78254"
"84b74f1a-c3d2-484a-a1b8-dc510d488192","de6f2054-1aac-4be9-9038-22fda2cab63e"
"84b74f1a-c3d2-484a-a1b8-dc510d488192","6a00cc48-09ba-4315-a9a5-54b92fb9cc39"
"2633f5b2-c15c-49fe-80f5-07523e770c26","b8159ba5-3a60-455e-9a67-006df960edcf"
"2633f5b2-c15c-49fe-80f5-07523e770c26","8e96f657-1d8d-4b6f-a17f-5fa227f57a34"
"2633f5b2-c15c-49fe-80f5-07523e770c26","763af622-e85b-43cd-83f3-327484cbc658"
"2633f5b2-c15c-49fe-80f5-07523e770c26","6575dfaf-b22e-436d-b8fc-a5e7318034f8"
"2633f5b2-c15c-49fe-80f5-07523e770c26","d53e0ff4-1425-4e4a-8b5f-3889d302224f"
"2633f5b2-c15c-49fe-80f5-07523e770c26","5d197cc6-1c22-4965-a9bb-457d357cd030"
"2633f5b2-c15c-49fe-80f5-07523e770c26","5aaaee26-5c5f-4e55-b98d-63f7eb0edb40"
"1283a59c-0d1f-48c3-81d7-02172f597e70","a08b4a9a-f206-4f59-b1d4-59c01dbf8ed5"
"1283a59c-0d1f-48c3-81d7-02172f597e70","b51d072e-ead6-44f9-88c2-eede1f99786c"
"1283a59c-0d1f-48c3-81d7-02172f597e70","fd39c83f-9a20-4dd5-8410-364fc359be7d"
"1283a59c-0d1f-48c3-81d7-02172f597e70","b29a025d-d2fc-48df-9c9f-5b596bf72d25"
"1283a59c-0d1f-48c3-81d7-02172f597e70","015e297a-3511-402d-a135-ac53cc4feefb"
"1283a59c-0d1f-48c3-81d7-02172f597e70","b895016f-6224-4f26-bed5-3744c2b4ff6b"
"1283a59c-0d1f-48c3-81d7-02172f597e70","c0d33d2f-dc14-45b1-872b-b54e44e66dc0"
"1283a59c-0d1f-48c3-81d7-02172f597e70","3f3bd3ff-a9d6-42cc-b52c-1fc322ab2e3f"
"1283a59c-0d1f-48c3-81d7-02172f597e70","b53d74bd-f138-4eda-9620-47de840a4edb"
"1283a59c-0d1f-48c3-81d7-02172f597e70","0f09ff76-b853-4dfc-9155-c82aaf5aa9a9"
"1283a59c-0d1f-48c3-81d7-02172f597e70","067e35b9-9e6f-4fc5-8f16-6505ad88aa85"
"1283a59c-0d1f-48c3-81d7-02172f597e70","9c7a5ad9-ad9a-4cf0-bc78-ea5910a0317f"
"1283a59c-0d1f-48c3-81d7-02172f597e70","af3a9749-2fc1-4d9e-a12a-2971e636bb66"
"1283a59c-0d1f-48c3-81d7-02172f597e70","8efa2e67-69d2-4360-be95-5f46b581d24d"
"1283a59c-0d1f-48c3-81d7-02172f597e70","3c648fd4-0922-40c4-99b3-f2f6c2bab3a7"
"1283a59c-0d1f-48c3-81d7-02172f597e70","04fd8efd-c71f-4360-8c8a-634057d34ee0"
"1283a59c-0d1f-48c3-81d7-02172f597e70","b272985f-f536-4cb0-a880-0be56693d666"
"1283a59c-0d1f-48c3-81d7-02172f597e70","46d24c11-b6de-4467-be74-7b973f524adc"
"1283a59c-0d1f-48c3-81d7-02172f597e70","77277f12-00fa-4e1b-87a1-130b19ee0428"
"1283a59c-0d1f-48c3-81d7-02172f597e70","eff429d0-6e8a-4f36-bd25-aeb47e455360"
"1283a59c-0d1f-48c3-81d7-02172f597e70","7f913009-7c61-47bb-b309-8481d0dd5ce9"
"1283a59c-0d1f-48c3-81d7-02172f597e70","798a1fa3-2b01-4032-b6b1-97724fb1e6b3"
"af74e393-8f45-41cd-915b-734494cb48f2","087dec2b-ce09-4664-93ab-07b30d58d875"
"af74e393-8f45-41cd-915b-734494cb48f2","3220fa7e-7a36-4fe6-b008-fa8ba57fa36c"
"af74e393-8f45-41cd-915b-734494cb48f2","34168eb3-aac9-44f4-a942-2da1517b6d1c"
"af74e393-8f45-41cd-915b-734494cb48f2","5c459e3a-e723-4268-8592-0bc973328b18"
"af74e393-8f45-41cd-915b-734494cb48f2","e06fbc0b-9f82-47df-b20c-a7319501bd52"
"af74e393-8f45-41cd-915b-734494cb48f2","ca71456a-8717-469e-be03-8f78f9afdd75"
"af74e393-8f45-41cd-915b-734494cb48f2","849299b3-e5eb-4cce-b778-df9658ba8dca"
"af74e393-8f45-41cd-915b-734494cb48f2","19b4dd45-187f-4c43-b323-fd0c197f6bbd"
"255da382-a06e-458d-90ed-b6cd9bfb6053","80b47bcf-2a63-4288-8e75-d88a73b52158"
"1a24ea21-4c37-41d8-9e76-ab802d4afb3e","b696b49b-f199-4377-962d-6495feb6a0db"
"1a24ea21-4c37-41d8-9e76-ab802d4afb3e","cdbea156-c3af-435f-aeea-4d3f09a08810"
"1a24ea21-4c37-41d8-9e76-ab802d4afb3e","a863c260-6b78-4a45-a9f9-68a2ceb266de"
"0084d4cc-9d2c-4d95-b0a5-7adcd2ca1c39","81f2747c-7364-4fb2-b81a-6d2cef22f919"
"89100def-05b4-4069-9f49-04c6fd05f646","78bac030-0726-419a-ab2b-dd0345cdd8f5"
"64f11722-b0f5-4f2d-a02d-0f9916e484c4","6bc6db18-81e8-4277-9e40-4396d3b1c2b8"
"64f11722-b0f5-4f2d-a02d-0f9916e484c4","82d3fe6b-7c8f-4652-9b9f-38b52b2775c7"
"da01558d-812a-4ad8-9137-cb2f1bfe0c59","8bbc4afe-a764-4190-a858-a3bd7aa087da"
"ec5f95e5-eb80-45c9-9d95-ab5d5f6d7410","7fc462d2-36db-4250-817d-5ce44f72b795"
"544da235-0ff3-407e-94b6-585bc3e22cc2","4db73700-6470-4e7b-9c13-84a1e3d93712"
"9c115ef5-1e99-4f08-a0a8-ab8ba2f8f3fa","e3e3822a-f9c0-49df-9f7c-0e393deb4fff"
"9c115ef5-1e99-4f08-a0a8-ab8ba2f8f3fa","59b9613c-ffc2-423f-8997-073e1e386f72"
"9c115ef5-1e99-4f08-a0a8-ab8ba2f8f3fa","572a0679-a8ac-489c-93a4-c83603f0745d"
"9c115ef5-1e99-4f08-a0a8-ab8ba2f8f3fa","ee57e5a3-72be-4c7b-b588-da2e1fb4dcb8"
"9c115ef5-1e99-4f08-a0a8-ab8ba2f8f3fa","3a563231-588c-4295-b685-7531fc52a524"
"53684a4f-7777-4de0-8bc5-fa41af5c5e6b","1d9ae7c9-5b2a-4eb4-bea8-6ce9012955d1"
"2d100ae4-a9ef-4c13-b34e-1829f6aca016","f9c28cf8-fb4e-4017-9c54-0dc0387e7545"
"2e02a8e7-39f7-4d87-b122-4da45ab39bc4","1abb30f4-21a1-4aac-8ea0-b86e580638c1"
"2e02a8e7-39f7-4d87-b122-4da45ab39bc4","cd5367cf-fc14-488a-bcc0-1ba1274cbd3d"
"2e02a8e7-39f7-4d87-b122-4da45ab39bc4","1ff87c91-bb8d-47fb-b905-cde024c4d82b"
"2e02a8e7-39f7-4d87-b122-4da45ab39bc4","2ba0936a-801c-4f35-a083-7863088e2f40"
"2e02a8e7-39f7-4d87-b122-4da45ab39bc4","3b944eb5-5515-458d-8f72-92fcd6f98634"
"2e02a8e7-39f7-4d87-b122-4da45ab39bc4","a3ebdae5-df34-4f1e-b9a9-ddf3764e7454"
"2e02a8e7-39f7-4d87-b122-4da45ab39bc4","01007e96-9662-41c3-a0c7-13032ed23c8d"
"2e02a8e7-39f7-4d87-b122-4da45ab39bc4","63d3d8a5-d07a-4abc-b854-acf812b1d4fa"
"2e02a8e7-39f7-4d87-b122-4da45ab39bc4","b13fa0bf-7f00-40eb-9381-a8f64fb10fe0"
"2e02a8e7-39f7-4d87-b122-4da45ab39bc4","b07145e9-6427-4bd2-8525-d9ed356e1994"
"5a64b50a-e345-4c4a-8778-20c6c84ef53b","df0b954e-fce1-425d-b545-62aa101fd023"
"5a64b50a-e345-4c4a-8778-20c6c84ef53b","c54c99ed-2014-485a-a74e-dc7b317a10f6"
"5a64b50a-e345-4c4a-8778-20c6c84ef53b","44856838-d0eb-4260-96ee-5349ffbe4e00"
"5a64b50a-e345-4c4a-8778-20c6c84ef53b","f739b59d-6a4e-4598-9e4a-56b86e45ee04"
"5a64b50a-e345-4c4a-8778-20c6c84ef53b","cf308f70-3cf6-4996-b42a-e05abf8eb9ac"
"5a64b50a-e345-4c4a-8778-20c6c84ef53b","261bc8e0-ef1d-48fb-9ba3-d0fce3f2afdf"
"5a64b50a-e345-4c4a-8778-20c6c84ef53b","3e292826-fa24-4c81-8621-e7f93b302b7a"
"5a64b50a-e345-4c4a-8778-20c6c84ef53b","2eee5860-3ac2-4cc8-a76b-8edaff37d3fe"
"5a64b50a-e345-4c4a-8778-20c6c84ef53b","0fa42b36-b827-42b0-8e2f-36cd09d7ac45"
"5a64b50a-e345-4c4a-8778-20c6c84ef53b","07426dbb-aeb9-4b6f-8fa0-cf522840edc8"
"5a64b50a-e345-4c4a-8778-20c6c84ef53b","8e01c8c9-f0ad-4785-9b7a-b69e816b9d5d"
"5a64b50a-e345-4c4a-8778-20c6c84ef53b","058385e8-4b2c-4a24-bd85-3e183771247c"
"5a64b50a-e345-4c4a-8778-20c6c84ef53b","2d5cc577-53cb-416a-a9f3-09e0b54e9a28"
"5a64b50a-e345-4c4a-8778-20c6c84ef53b","68a24984-b5bb-43a0-a8fb-297f7f8c5c8e"
"5a64b50a-e345-4c4a-8778-20c6c84ef53b","97b0313e-e4e7-4c0c-a713-65e89c421dd4"
"5a64b50a-e345-4c4a-8778-20c6c84ef53b","ccc7c01b-a3e2-4f5d-b3c4-857326e230d1"
"5a64b50a-e345-4c4a-8778-20c6c84ef53b","f6c7e8c7-04ca-497d-b06d-f4469ab81388"
"5a64b50a-e345-4c4a-8778-20c6c84ef53b","f6b75fd7-1c56-41e7-b836-93ac3c2cef37"
"5a64b50a-e345-4c4a-8778-20c6c84ef53b","36484f94-5c44-4ba1-9838-31afcd9c319f"
"5a64b50a-e345-4c4a-8778-20c6c84ef53b","3b0c6e9b-9185-4239-a127-a7fa1d761530"
"5a64b50a-e345-4c4a-8778-20c6c84ef53b","b729b7e1-9baf-4e5d-83b6-e99dfedf2e7a"
"5a64b50a-e345-4c4a-8778-20c6c84ef53b","ede2b7bd-2783-49c3-9796-5f2ec31c9e9d"
"5a64b50a-e345-4c4a-8778-20c6c84ef53b","3515f0e5-adca-47d0-8ab1-1d15217216d1"
"5a64b50a-e345-4c4a-8778-20c6c84ef53b","767be467-e390-4ff9-b005-675e1bb43c35"
"ccd8e532-73c6-414f-bc91-271bbb2933e2","e96772bb-6c4b-4819-b41c-2e94a13bcd2f"
"ccd8e532-73c6-414f-bc91-271bbb2933e2","64cc2845-0763-4336-bd7f-ece605d6bb63"
"ccd8e532-73c6-414f-bc91-271bbb2933e2","7a3fa0e6-fa13-4264-ac0f-56ad83d3affc"
"ccd8e532-73c6-414f-bc91-271bbb2933e2","f690bc2a-92c1-4b97-980b-b42765e3d9f0"
"ccd8e532-73c6-414f-bc91-271bbb2933e2","cf73a256-b10c-437b-a8a9-53d7d8092b53"
"ccd8e532-73c6-414f-bc91-271bbb2933e2","ff8d342e-82e9-4bd6-be2c-3298f5dbde21"
"3dafe9ea-83ea-4059-8b23-2a40cf5b32ef","d7ae7099-090a-41e0-8ec7-4808aa60b620"
"3dafe9ea-83ea-4059-8b23-2a40cf5b32ef","01d896a1-ac66-4888-8bab-5b5042580b4c"
"3dafe9ea-83ea-4059-8b23-2a40cf5b32ef","cc60abcc-1e90-4c98-ae8b-dd7adc627896"
"2aa2a52c-3e35-4bed-8edf-5dc99550883a","6e976db3-a3bf-4527-a534-3e793119a8b1"
"2aa2a52c-3e35-4bed-8edf-5dc99550883a","80fdeed3-ddc3-453d-9888-bcce4cf5dfc4"
"2aa2a52c-3e35-4bed-8edf-5dc99550883a","75786c3f-5ee1-4a7a-9451-deaa03f95b29"
"2aa2a52c-3e35-4bed-8edf-5dc99550883a","67f8a9a4-50cb-4483-9f1e-3d4b30234359"
"f32b7322-b69c-4e63-801d-8f50784ef778","d94b57f7-03d4-4ac5-a6f2-6a3e967a5fe7"
"f32b7322-b69c-4e63-801d-8f50784ef778","78d443f3-45fb-4882-882f-95356cf5cfbe"
"b143534f-54ed-4b76-8983-71100917ec4e","6f5999fe-8e23-48c2-a363-5953e4457cb9"
"b143534f-54ed-4b76-8983-71100917ec4e","a0d996df-f1fc-41d9-9dec-430e4100cc90"
"83c7b228-648c-455d-97d6-3fdec20264f1","c4db9ed2-0287-4828-9b3e-7dc5c7546b05"
"83c7b228-648c-455d-97d6-3fdec20264f1","15d4f1d1-b299-43fb-9259-16f1c3a9a588"
"83c7b228-648c-455d-97d6-3fdec20264f1","42c1cdd1-87a0-4abc-be65-4e54424f90c9"
"83c7b228-648c-455d-97d6-3fdec20264f1","45d229db-121a-4595-b2a3-923d7d61a5ad"
"83c7b228-648c-455d-97d6-3fdec20264f1","a76f882f-1e7a-457f-892b-ad8e5e68d0e4"
"dda8d130-70b8-443a-bcca-8965af61d91c","3c8fa604-d862-41dd-b9e0-757fdff4cfae"
"65967e36-f7db-476f-9d00-fd080a5a8483","3baf78d8-5a55-4848-aea9-e777061adecc"
"fff3549c-df24-4aef-accb-a33ae442a828","5a3caddd-71d3-4594-abff-92e078a055df"
"d44bb590-f3a3-458f-a32a-9b8ee4ff0c39","875b0ea9-3e9c-4323-be57-39cd0d80c61f"
"d44bb590-f3a3-458f-a32a-9b8ee4ff0c39","30249107-ea88-4ae2-8ad3-1c4a7226f198"
"5be9c8a9-7eb2-4de7-8ac1-2444cb7d3168","27b4649b-55e8-49f2-a5e9-eba94bf6916c"
"5be9c8a9-7eb2-4de7-8ac1-2444cb7d3168","9ab21bae-7107-4b34-aded-f9dc80065277"
"5cf58306-329d-48dc-9fde-a8aca7c0cfc3","64600423-5d92-454d-adda-afe68a8f41c1"
"5cf58306-329d-48dc-9fde-a8aca7c0cfc3","72ac00a6-4349-4fba-bcc6-325bfc2b65d5"
"af98f1eb-affb-4b55-b8ff-1964b29cf894","f183ec3d-7e90-4a76-8fab-5afdbe84139f"
"fe4f4f98-84d9-43fe-8058-fcedb93055ba","fa84b60e-b6ea-47de-a1b3-422f59dbb3cd"
"aa923ff7-b740-49bd-ab6f-4abcd124c6a0","d3b3364a-4e5a-47da-9274-8e777f459f9f"
"aa923ff7-b740-49bd-ab6f-4abcd124c6a0","d7a780d0-1a32-43a5-8ee5-83431d9ad045"
"aa923ff7-b740-49bd-ab6f-4abcd124c6a0","2629d641-e16b-495b-aab5-5c436f476d23"
"aa923ff7-b740-49bd-ab6f-4abcd124c6a0","ac459d55-e5a0-473e-88b3-3d84ae9837d6"
"aa923ff7-b740-49bd-ab6f-4abcd124c6a0","a7a51554-bbac-4395-8d79-528bc756aba4"
"aa923ff7-b740-49bd-ab6f-4abcd124c6a0","b6d83ec4-42c6-439a-9a98-f8d43755d93e"
"28795e86-51fc-402b-ac17-8ab964fd1d7a","19ac2b39-5311-4a50-8dab-5984a99f1428"
"35214347-cc9b-4a78-ab42-d74fb0ae325b","2ceb9d59-b4b2-42f7-a23e-609dea155e06"
"3153821a-855b-448c-bd0b-b40b4c5f4f91","63347b1e-db2e-4c33-ae1b-411ae6e7931b"
"3153821a-855b-448c-bd0b-b40b4c5f4f91","3f5471be-f4e3-4bde-aa3c-632dd9072b2f"
"f0455aa5-b1f5-47b0-afdb-accda588a9c4","73bb912e-36b9-407f-bd17-4f6939b5a36c"
"4b85084f-20f0-4592-a3c6-2f38acb5c0b3","7ccc56e3-6503-4bf6-b3bf-b0fde9a011b7"
"18d50628-9f17-4b64-ab60-39a50bef5291","7228983f-eb42-4eca-9ebb-0d94090d19d0"
"18d50628-9f17-4b64-ab60-39a50bef5291","b4a0f98a-5500-4849-a12c-51b8fa9411fc"
"18d50628-9f17-4b64-ab60-39a50bef5291","6d48f25c-5488-4b40-8aa0-dbd0f29c986a"
"18d50628-9f17-4b64-ab60-39a50bef5291","4353cc32-6a89-47e6-ba8a-cf9b5927c0c2"
"18d50628-9f17-4b64-ab60-39a50bef5291","e545c4d2-ad8d-462d-8efc-362088a952aa"
"7e2d75c5-e6c1-4233-ae12-8d665e7df9c5","7d9450f8-d70d-4e10-996a-4e9ec3f644e9"
"7e2d75c5-e6c1-4233-ae12-8d665e7df9c5","b4188335-c09d-4f3a-a79f-3b1436c2849f"
"69c55941-42d0-4d07-bc3f-9a98c51b8fe7","ac6e0131-5027-4ae4-a54e-68c3fc0f6d54"
"69c55941-42d0-4d07-bc3f-9a98c51b8fe7","47309eec-05f6-41ab-a798-02f92cf90c0d"
"69c55941-42d0-4d07-bc3f-9a98c51b8fe7","1f76dc58-fce4-4f24-996f-475084b23f4c"
"69c55941-42d0-4d07-bc3f-9a98c51b8fe7","16774aab-33aa-4511-a9a0-abe5d53ae461"
"dc56537e-0e06-44dd-8fe9-50131609f0c2","4b7bd365-9bab-4947-ab8e-ac770b980240"
"dc56537e-0e06-44dd-8fe9-50131609f0c2","7b1b9136-4007-427d-a793-ec261f29118a"
"dc56537e-0e06-44dd-8fe9-50131609f0c2","2afc24cf-8586-451f-9347-a21dd3b41020"
"0b8373ea-5505-4c96-99ff-b8da87a2ce3e","7517781c-31c3-40bf-b949-2b6058fb36c5"
"ec497fa8-833a-4d68-873a-539c20989c22","ab1873ea-21ea-45da-838a-bb41587bf855"
"ec497fa8-833a-4d68-873a-539c20989c22","9ac7427d-bdaa-4368-802f-39f02bb50c95"
"ec497fa8-833a-4d68-873a-539c20989c22","90265470-2321-4392-a6f0-a570c1213c82"
"ec497fa8-833a-4d68-873a-539c20989c22","ea86789e-5747-4a3d-9b52-161b8cdd25e0"
"ec497fa8-833a-4d68-873a-539c20989c22","721ffd5c-41b5-42ed-a99f-570899425c11"
"75d7a8c1-d871-42db-a8e4-7cf5146fdb62","a9f2bdc2-fdcf-4fd3-9d2f-7b093c5d499b"
"75d7a8c1-d871-42db-a8e4-7cf5146fdb62","4e45bf4e-55d8-4cbe-a3f4-653e1735f229"
"75d7a8c1-d871-42db-a8e4-7cf5146fdb62","72086db2-b0e4-4c4b-8810-8e628cfa361a"
"049b17f4-e576-40b2-abcb-cc4f5d74068a","aa20f063-26ad-47e0-814c-290a2ce6c165"
"f33f9b11-2fb8-4cb9-9faf-d3dea2e1f932","ce8357c0-5479-40e5-9e8d-fd8063705df5"
"25de4900-c715-4cbe-b480-7355c7172530","4160dfb8-4f6a-4161-aadc-1133adca99f7"
"e9a44b89-3d84-4bff-8c78-c53cd2ad7cf8","1b2dec92-7b6a-4881-b4d9-3d8c6e7b208f"
"f51b8132-f142-4bab-913a-705ac6f05107","fb868803-741c-46e7-bf1f-bb7ad7b8ed0d"
"8775599f-4f9a-45f0-900e-7f4de68e6843","a94cbaee-16dd-4742-8356-b9983ecfefb8"
"8775599f-4f9a-45f0-900e-7f4de68e6843","b958080a-e69a-4803-852f-d50fa29da4fc"
"e4c2dd82-8546-4599-ad16-eff0542b4e1d","9ff76415-039c-4036-bc07-9037e5cd350a"
"b9ce0a8b-6bcb-4e96-9a0f-4ff243bd2545","cc36c5f0-769c-4442-832f-cb7f5e3dc8a2"
"280fcb4f-798f-40fa-a2c9-9e84b322ed87","2810043b-301a-4d64-84aa-df0b9b64cbe1"
"52220e45-75e8-438e-b911-6760c31e217f","e467da02-f6ab-4d1f-905a-a27f779a60fb"
"6d8a5e07-f3f5-45a0-a8d9-90d66a44115c","d878ab07-abcd-4477-bded-271aeee7032a"
"771dfc3e-58bf-4d14-9583-372ad5db9c88","e5e0f7fd-b717-4b84-bd14-fc85c47170f9"
"771dfc3e-58bf-4d14-9583-372ad5db9c88","1cd3fce6-38f3-4a81-983d-5cc46158a3d8"
"2ba7c8d4-db08-4f49-b6c0-9def1b7cf3ef","0c00d47a-fc0a-41f0-b65e-308be1b77dbb"
"2ba7c8d4-db08-4f49-b6c0-9def1b7cf3ef","b5a9df69-5b82-4388-933e-af778c99c936"
"ba34b1d8-ab70-4f80-96b5-97a5b161f9df","4a9bdb55-bfb9-40df-b6eb-d9cc8ed986ed"
"067c4376-ef7c-402d-adff-70aa4b036a53","42c0c694-4305-43ca-bc1a-6a8151bb12fa"
"067c4376-ef7c-402d-adff-70aa4b036a53","b414c884-2531-4e89-bc45-bb678d04369d"
"432120e1-fd7c-4da0-8c59-eb4c1723bcbd","49cd1c2d-0e9a-4fa1-a418-431fb410c853"
"4a7d25c5-ef2f-42b8-bc45-57a4f36e3ae9","cb37f198-128b-46ed-9702-2b4aa0ed866a"
"4a7d25c5-ef2f-42b8-bc45-57a4f36e3ae9","3f5b58e2-3ea9-464b-b7c5-d34e32926198"
"4a7d25c5-ef2f-42b8-bc45-57a4f36e3ae9","7e71a4ea-c7fc-40c0-a9ca-1f553a03a644"
"de470b50-f0d0-47fe-810e-480d69089ea3","ed4d53ec-db6d-458e-a623-6213be500600"
"de470b50-f0d0-47fe-810e-480d69089ea3","55fca94a-6b2d-490f-9f99-607c3ecc4315"
"de470b50-f0d0-47fe-810e-480d69089ea3","24abde50-b45f-46b4-a874-9370592f724b"
"f58a382e-f45f-4a3e-9104-31bd28d19534","577121ff-49c9-4d2d-898d-796c19a64c54"
"f58a382e-f45f-4a3e-9104-31bd28d19534","b8569cff-5301-41d6-9724-5a22046e1f60"
"f58a382e-f45f-4a3e-9104-31bd28d19534","974a45b1-e803-421f-82c1-7030210c11cb"
"f58a382e-f45f-4a3e-9104-31bd28d19534","cfcdebc3-c38e-4200-847f-ac1bf5a4b14f"
"f58a382e-f45f-4a3e-9104-31bd28d19534","2549707e-26ab-4e28-858f-9d85bbf462a1"
"ff895330-d318-44f3-930d-0146522a005e","0672a8f7-c422-4ce5-9051-2c3f96d29dde"
"6401bb05-050b-4beb-8824-066cb2938eb4","4ef96041-3f0c-4ee4-9496-1d9d1c4afd55"
"6401bb05-050b-4beb-8824-066cb2938eb4","d9ccc095-0dfe-455e-8058-5c97fc267dd8"
"6401bb05-050b-4beb-8824-066cb2938eb4","55a9d950-edd0-4fb4-bbcd-f86aea833191"
"6401bb05-050b-4beb-8824-066cb2938eb4","7f17ebd2-9356-49d8-8bb0-d895917b8de3"
"6401bb05-050b-4beb-8824-066cb2938eb4","91d6ecf2-4a8b-4323-9f91-7b7f6f675fb2"
"6401bb05-050b-4beb-8824-066cb2938eb4","d6aa7ddf-bdfc-4b3f-862f-10eed1e689e1"
"dce43ec1-af0b-4fa5-b5da-d9716ed44f1b","42d80cc7-430f-4b8c-aa5b-128d71e8b0bd"
"dce43ec1-af0b-4fa5-b5da-d9716ed44f1b","d346ae22-c333-4196-a8cb-68c506cf2c8e"
"dce43ec1-af0b-4fa5-b5da-d9716ed44f1b","6218dfa9-8a14-444c-9ccd-56a946f377de"
"3fca92c4-e899-42a3-8ce5-d62246b84357","f4e4ee3b-7855-47b3-a84f-c824c631535b"
"52b264cb-94b8-48cd-b53e-bab0fb96626d","3468bbb9-932e-43c7-ac9e-d2af12c39e6d"
"03101d6e-e317-48fe-ab55-f82ed4f0727f","602124b9-ed8a-4451-b9b8-4c6a0690fddf"
"78b66dc0-3fec-4dc6-85ae-eaff34ab3d0e","35ca8335-5b97-4a50-af22-5a1945c8c15a"
"78b66dc0-3fec-4dc6-85ae-eaff34ab3d0e","5139d52e-a9b8-450b-8ddd-a0720925b604"
"6b664b11-906b-4bd2-8dfd-8f6007bb9816","2b6299df-10ef-4ab2-956b-94f654571237"
"648bc195-9ce7-4ed2-9530-8577ee594663","71679796-3afd-4c2e-b33e-8e9237bbd7e7"
"d5da7004-7b61-450a-9c7d-a39500de7acf","ea6fd501-154b-44aa-a2d7-2d2014f034b5"
"20298d29-1b7a-4631-8e1d-e0a5d34bcf58","7c003a73-8754-4508-a2ed-e73ea5af6e03"
"501c1070-b5d2-4ff0-ad6f-8769a0a1e13f","e8cdf80b-013d-45c7-8b22-82c14da27232"
"14c9abdd-4a8a-49e3-bd38-8a685dac7977","02fd3304-1803-4ebb-8bd2-31e6fb3ad98e"
"9084dabe-524b-4df2-a895-09135ee825d2","41eda14a-de3b-42a9-852e-167a09a4effc"
"9084dabe-524b-4df2-a895-09135ee825d2","cc21225b-187c-4baa-a70a-d71e40d0df29"
"061e26a9-0fc9-4e05-a73e-2d58a18afabe","09a09a69-f01a-43d9-8cce-9b1c517183e5"
"061e26a9-0fc9-4e05-a73e-2d58a18afabe","457d810e-89c6-4983-88d9-f3a798d4a14b"
"11437c2b-f0a0-4db5-ac17-56dd7a223080","dd2d20e7-104b-4e15-934c-862762c68880"
"6fc2b7b5-0526-4df5-b942-b1b93f3cf248","7ba8df9e-2156-4e57-9026-549ba9e31b47"
"74b08738-109e-45e9-b689-13368a2fca8b","9a9a8c05-4267-4a95-8c6c-d514a0ef5cb7"
"a7e6a475-8d10-4c8a-9d75-58678a543bfa","18a0f040-7ac7-4dce-ace2-200ad26e3e48"
"a7e6a475-8d10-4c8a-9d75-58678a543bfa","f0871b39-6cec-4b62-b9a5-3b287374bb47"
"e46002a1-d7a6-4681-aae9-36bc3a6a1f93","1859072b-8c90-4a3b-b2f6-3b14ab87f417"
"e46002a1-d7a6-4681-aae9-36bc3a6a1f93","dd07544d-34d3-4a77-8e54-b63e37adb309"
"e46002a1-d7a6-4681-aae9-36bc3a6a1f93","10f543e8-651e-4cfa-9eef-5199fe96d51f"
"e46002a1-d7a6-4681-aae9-36bc3a6a1f93","efe35b47-252a-4db1-98f7-18efbd2b8b46"
"e46002a1-d7a6-4681-aae9-36bc3a6a1f93","cb5a45bd-1e3a-4a6a-bb4d-5c7b5365e4bf"
"e46002a1-d7a6-4681-aae9-36bc3a6a1f93","a37fbaeb-6d1e-4fb0-8855-f5e9a70a5445"
"e46002a1-d7a6-4681-aae9-36bc3a6a1f93","9f8b2ee5-3d8a-4e9a-813b-4877a76e59c3"
"e46002a1-d7a6-4681-aae9-36bc3a6a1f93","7944a1b2-52d7-4d51-9083-12f1fc1f0444"
"dd98e458-1514-4a77-8264-279c9575247f","34b586e4-aaa0-484a-80aa-9bae0b14ada1"
"e593a63a-bfb7-45ac-aa27-5c320ac7a952","99172889-30b7-4326-be6b-ed3ec09df75d"
"e593a63a-bfb7-45ac-aa27-5c320ac7a952","339f0d06-caae-43f9-9485-2d6a3cea53f9"
"e593a63a-bfb7-45ac-aa27-5c320ac7a952","bd12ee1f-3379-4ebd-9ade-d39c2dbf2de0"
"0efcbead-01a8-4b51-8e8a-d192f79ba6fa","ace77b4a-0dec-4789-a9b3-807977572b2c"
"f9c45c04-838e-413a-9737-fc5d1344c88c","4ddf5595-e371-4a57-b5c0-6706a2e9c833"
"cd47c826-7767-476f-b755-eb7d728c10df","1eb99879-d7af-481e-9bc6-37612997d69e"
"cd47c826-7767-476f-b755-eb7d728c10df","17e87906-d5e0-472d-8cb4-493b4cbd35fd"
"cd47c826-7767-476f-b755-eb7d728c10df","aa2da503-9d97-4fed-a72c-700cab6dd81e"
"cd47c826-7767-476f-b755-eb7d728c10df","de0489a1-2990-4037-aec3-b4d80ec41c9b"
"cd47c826-7767-476f-b755-eb7d728c10df","99a87328-a2fa-4d80-99ec-f3f8ccff8872"
"cd47c826-7767-476f-b755-eb7d728c10df","b71e6e58-9d63-484c-b18f-1502e61a8af0"
"a9d5a816-c2d6-4018-898f-6ce3f62b917d","2fe05469-0a69-4fd0-a512-f82f56e203e4"
"ee5e0196-1fa3-4af3-b6bb-a653ade3b786","2d216366-3b4e-4b6b-9546-4c11df614e00"
"ee5e0196-1fa3-4af3-b6bb-a653ade3b786","a9c17815-8203-4201-952f-ff4e0fd3732f"
"8ecc7f6b-513e-420d-9531-255b48a99a8a","387399e7-21b6-4bdb-b02f-92620ac25dfc"
"0d3564f0-947d-4124-b171-400399406075","25bb5883-2ad7-416d-bb66-0763f8a86709"
"0d3564f0-947d-4124-b171-400399406075","1457394a-c886-4a70-af91-6183c8921c13"
"0d3564f0-947d-4124-b171-400399406075","c8ecfe5b-79d6-4c00-ab78-5ee3576ebe1b"
"7fb8eddb-8838-4519-b764-4136eafd8225","0743f78e-8858-41ee-9c6e-858c20305d0b"
"dc41da97-17d3-4f35-ac82-179f380e63de","4bbfce48-1863-4aab-b97e-d156e297c71d"
"08cba673-60c6-482c-8012-3012ab0362af","33ddc97d-8a2b-4e3a-bb4a-a300e0905256"
"159fd374-26d0-4834-b50f-c353928fd782","03547cfd-1a6f-4132-91d4-3d494a8c4676"
"b1994124-f1e8-4f96-a165-b6f19a04fe7e","8e66a109-3742-4edb-bdd2-17a0f3760fdd"
"5842793b-93ed-49b9-8a99-5ddb7da74708","f86b55b0-0721-457f-bd70-1b7f1b64581b"
"34926d04-db90-43ec-8891-1cae74c17a1e","518ba731-7b3d-4f18-b58d-5c02e0944968"
"1f44902a-7dd2-491a-beed-9b4edfafa9d6","71f7468e-8a16-4c0a-98b7-755ea0515ff0"
"1ee52b4c-8c57-4d60-aead-d9ef4255f1e9","386d4d86-4969-4a8c-b862-ba53414f584e"
"1ee52b4c-8c57-4d60-aead-d9ef4255f1e9","7628e3c8-7585-4c29-9be4-b0783379f71a"
"df12d289-f447-47d3-8846-75e39de3ab57","d9c6b292-15ba-4f56-bc8b-c65eca2f8234"
"df12d289-f447-47d3-8846-75e39de3ab57","48845f17-6c4f-4017-add6-5b658d582495"
"1ee2b231-a72e-4ac7-bef7-72361085f323","67cf82ab-91b8-4837-a234-7d89b085a7cf"
"983b0731-eddf-4f05-9c9b-81059a9f9c51","07db085a-fea9-4096-ad7e-86decb67ef9b"
"983b0731-eddf-4f05-9c9b-81059a9f9c51","fcc5021b-5b59-48eb-9773-68ea541c5c5e"
"d95e4701-1e93-4fb1-8a92-42ba4eed9d19","7f33e5eb-73bf-4353-82b3-f6336c69f49d"
"f7851964-6dab-46d4-b2b4-16bcf8cbaf78","5c637758-910f-4dc1-a867-3bbcb9104560"
"619f1d85-7b3f-451d-b795-3f40e3019fd4","505ace95-47ec-45be-945d-78442cbe003a"
"63d338d9-43f7-427b-9481-4a4b41ba9468","db9f1f20-0458-43da-ada1-507680e764d3"
"c763f370-eee9-4b18-a73d-80d35017fbd8","760422a4-f2bd-410f-a0cf-4555c4c844f4"
"bd137c3c-1e53-4bf4-b825-b46ef0a5783f","cd1f6cad-dd80-4d43-894c-8a3467d55047"
"35c2a341-54b1-4f98-b29b-77bb084d5e5d","954b4c83-bc8c-44ad-bf0f-c1182561ca28"
"35c2a341-54b1-4f98-b29b-77bb084d5e5d","e2c3b0c2-eaa8-40bd-b7a8-9bc8b1429bae"
"98ba351e-edaa-4625-97de-de4d134f4c3e","3d471994-eb99-4d4d-9a7a-2f2a2f8e61f6"
"2761e488-15d3-407c-8be0-3f3c4bdedc9f","20654942-8378-460e-a46e-acf6acdcd040"
"d11a47e1-e8fc-4e36-874a-6ad453df6faf","7cc734cf-7d27-46dd-97a2-bd3eab96fed2"
"d11a47e1-e8fc-4e36-874a-6ad453df6faf","8d217240-450a-46aa-bed6-8a767041dc8d"
"d11a47e1-e8fc-4e36-874a-6ad453df6faf","efcadfe0-335c-4c2c-b8cd-707954df0118"
"d11a47e1-e8fc-4e36-874a-6ad453df6faf","0b9c2c2a-0678-44ab-8a92-954283025bb2"
"1b5fd395-afce-4d31-aafc-eb10635c016c","90842d08-005a-4fb7-9953-d7f34ba22383"
"1b5fd395-afce-4d31-aafc-eb10635c016c","82f5beb6-1374-4ce7-8f97-adc4adad4010"
"69a2691f-d7a5-4c19-90f2-5ea4c3e12e6d","c0a4c32f-52be-4ed3-9f6a-fb61cec538b7"
"78582e7f-1971-403b-b32b-7aaa9e665219","1d77dadf-e11b-4213-ba04-0bf7369ebc32"
"4eff0bff-ca8f-4814-b18d-d7ecb6b5bc7e","a1f2ccc6-ba1a-4420-9171-27667499d09a"
"82abb852-2f68-4b85-b9b2-8887e2a9cdac","9f2f29cf-d858-48e7-ae7d-48f3abeae928"
"43b3f0f9-489a-4566-8164-02fafde3cd98","034d9a4f-952a-4731-9623-e2710896d8e7"
"bd8cce07-a594-468d-9b02-064e352e17e4","85f3ff90-f1dd-4b4a-9206-228a84b239f3"
"250bfd38-00d4-4635-9507-8838d79ebb72","9f03a525-90be-4dfc-a936-92382fd544aa"
"1b60d67f-3b2c-4e7e-84ab-85c9ba5b2f1c","c19016f6-2ef0-4139-a1e4-7b1a4ed9cf03"
"8a6c2524-65bd-4b1b-a2c2-dba95e5d8c6a","2f5dd3d0-e85e-452c-ac84-95c224455001"
"fcb86ed6-f18e-4059-9779-7acc73d8b8ab","416481d3-689f-47c0-a1f0-e4984d55cb0f"
"fcb86ed6-f18e-4059-9779-7acc73d8b8ab","031615d7-1195-4872-8d65-9e8c7ca678fb"
"a4978904-3e71-4049-a3a1-c7000c534a31","1364aa06-4fda-430d-868a-4f25f0cd2617"
"f5982c19-deca-42dc-adf6-788a5919e1e4","9388175e-01e4-43d1-bf29-6a28087df001"
"00bfb0b2-bce5-4ba1-b40e-5a83201bfd41","232312d0-d1d5-48d0-8f3d-bd98b1845411"
"3e4bdbbc-603f-4192-9b34-67eda59e7153","f44e7039-109e-457c-a3c9-b3f4621a9b6b"
"fd4fe610-eb5f-49f5-9e1b-06837a1343d8","1fa2adcc-95c8-407c-bcdd-2a1f79343252"
"638d1b1c-6c05-4b65-aa2e-ace42ee26e95","19f2b180-fd0d-4091-94f0-bf981d2ccf1a"
"449b5e8b-cda2-4a8e-b27b-9b7917ded9eb","2250caac-b80f-4c91-9f3a-c22057c5911e"
"0aed7a40-85f3-4c66-9e1b-c1556c57001b","4964269a-3d6b-4af7-bc76-f23d75b7cc15"
"0aed7a40-85f3-4c66-9e1b-c1556c57001b","060cf14b-b6ed-4a42-9ba6-bd52c28dfd1e"
"fc4e4402-8718-419c-bc8d-7217ffc6f7d3","d098c8a9-8dbc-4b2c-b1ef-3ede7662f0c4"
"2f653012-899b-4db2-8945-60f9304c779e","ee5b8906-39e7-4f74-b88b-c1a0eb5592db"
"ad8fb850-1592-4749-b903-d6bdb385adb1","0cca829c-6c46-4f84-bf4d-f42e893f3311"
"aa134e35-eaa7-4109-b409-3d3545bfdbc5","c38bdbc0-4d0f-44c1-abd7-e4a5d1a4a87b"
"aa134e35-eaa7-4109-b409-3d3545bfdbc5","a1a8b4a4-ec1c-4bbe-8cda-352d4c195dcd"
"ffdc730d-94d4-4af1-998c-03fb9dabc201","c32bca42-cc4b-4965-b675-62a243b527ea"
"511be32b-ec89-4a77-9add-fa9408291443","a1ef3120-96f0-4f2d-9732-98615a531f1e"
"108545e7-89dc-48df-aa6f-28c0ca8ee17e","1174b2c1-b40f-4a78-adec-008421b40202"
"a5f453f0-eda4-4acc-b115-1dd1577fec00","51a4b7ac-0126-4a14-a5f9-d1e3382dcc24"
"40d78211-eba2-4757-9427-598f366f3fa9","0f380e27-dcc4-4272-97aa-8057b33d0d7d"
"73abc92d-d5bf-4860-93fc-64c15e28aeec","a37697f6-2d33-40c7-9f79-7e64a4aa3d3b"
"dc4b3846-1e31-4c19-a196-e8b1d091037f","d9ad2af0-e6da-4aad-9772-29d14f5d0e74"
"e95c8d18-09be-464f-a3cf-5b2637f0eff6","45f87e73-e4ce-4d93-9a20-a3d96c855a36"
"d64970b5-c111-42a8-aef4-66705a3b73dd","ebd9824f-824f-42c0-af1d-c30510bea629"
"d64970b5-c111-42a8-aef4-66705a3b73dd","0765582d-1740-454a-9055-d8f38f152497"
"d64970b5-c111-42a8-aef4-66705a3b73dd","08be6bb5-d7fc-4820-9a89-d6b9befadc09"
"d64970b5-c111-42a8-aef4-66705a3b73dd","6c5f5f7d-7df2-4181-bc94-cccce3bfb4f1"
"d64970b5-c111-42a8-aef4-66705a3b73dd","c72a5498-dce1-4a3e-9f76-42f24fb2a9a6"
"1cf80dba-739d-4ddf-9354-fd28e0171f84","59dfe782-18c1-4b3a-865b-902390cce669"
"e14175fd-b974-4c8a-887c-6deb9cd2c96d","bb80cf38-16d6-4739-8459-ae3614c245ca"
"e14175fd-b974-4c8a-887c-6deb9cd2c96d","c6203c16-2158-4a22-8090-66e741c7e255"
"4168c391-0e2d-498e-bcfb-07c8bce9218b","49f9e34b-0b20-4420-8e37-bd44d5197e8d"
"9c4d2d6f-3684-4677-b2ec-700ebb73e760","f7ea41d9-fe2c-4cac-b8c4-dd69408ddb8a"
"0e93ab3a-8aef-458b-a68d-ab942f5a3306","f3603e4b-080d-4b96-981b-fb13b5f721f5"
"1ac8085d-9196-4e1a-b5c4-0db5fd093f9f","a1a9a3ca-0eca-4214-8c6f-3183a27ca3a0"
"1ac8085d-9196-4e1a-b5c4-0db5fd093f9f","01f2ab33-5004-4187-a01b-61cebf072350"
"447503bc-8606-4d1a-b074-a2f59140a453","65c8a771-aec0-4529-bc80-6ed7b17eb368"
"0ab08583-07d1-4db4-b1b1-39fb74ab84b1","2a291039-498d-4431-ab04-ec01871262c2"
"987139ae-a65d-49bb-aaf6-fb764dc40b19","9b998d93-9807-4668-bc64-59268df7a884"
"eac74c9c-a5c0-417d-8088-8164a6a8bfb3","128f9d6f-ba73-41dd-be20-26837be86c28"
"a3d71a15-3f5f-4114-94ed-bd50cd77f33c","d6951e3f-6e71-4435-b596-2f7527f8f98c"
"a3d71a15-3f5f-4114-94ed-bd50cd77f33c","b11a1875-65ba-48da-8e1f-b881bae2093a"
"1552b1c3-793b-41bc-8910-1b8edc374f09","4533449e-cf84-4dc2-8413-889b3ff21dcc"
"5c386c20-aea1-4e24-bdb6-e4f59ac12eb4","e1466961-c080-4647-b16a-eda3656cb55e"
