"AffiliationID","AuthorID"
"99f7af47-8850-4ced-bfd6-b4852ae4eb8b","3096366"
"9fd4f32b-d20b-41c5-9638-cf17000b3040","104097896"
"674a53f9-5790-4928-be15-2f26318bf35a","144759274"
"15ebdab5-d2d1-4dea-b184-f5c7fd68b4b5","145308491"
"9710eb0c-c3e3-408d-82cc-da2ab52be93e","2090917659"
"2d8f19dc-f950-4cc3-9b72-3025c22bdd26","2282941415"
"14f7f6d6-702e-4932-b132-87df2dd174ed","98445528"
"b097a354-df7a-43ed-83c8-e22bf67ae146","2114644943"
"615cbc01-943a-49f2-91fc-970053c7ba9b","2282718762"
"29176fce-22ad-4809-99f1-285e6a95c430","2264995948"
"d951bad0-50ef-4c12-8e4b-44791745b86f","2223603458"
"f705f351-2d0f-4964-b6c0-fdeaea8dd5a5","2105728565"
"743f4363-9f4c-4ef3-aa6b-5fe92fae2286","2171694557"
"85d345e8-41db-4245-94ae-602a676b1960","2221711729"
"28e6b3c3-ba35-4a35-8870-284555d5dd42","9387305"
"f63f2788-fed0-4ead-96de-bdce203b769a","51044974"
"7c35261b-5705-4211-9302-16e147d7cb4f","2144728284"
"d8093bdf-d01f-4e4b-9b9a-959fef58279c","2219854676"
"bdad68d3-8959-4462-8ebf-a417964d726f","2111856667"
"06ab5d2b-7d08-4216-b12a-5d8775f20037","30982161"
"4e5d730f-172a-4715-946d-b0572ff9c6a3","2212327819"
"afecd81b-d3a4-4615-9f71-bcec1f115d20","1748695"
"6849ec8f-612c-4930-a8e4-8767165ee3bb","2069178696"
"288c1d2e-b435-4be3-80c9-6822a67b2df0","1736739157"
"77d6bbe0-7b91-4869-b890-ff36ce8d2f2d","2113309583"
"d64502d3-338d-40cf-a781-8885cbff544a","3387396"
"c0349fea-79ca-4c56-a933-fc6dc304476d","2203642402"
"f6a8a0df-f04a-49a2-b4c8-46afe5289da8","9695144"
"da97835d-1493-4ead-be5e-aeccc5c46c72","2205960"
"1f90d829-2aa3-4e91-886e-f1c93d3d32a2","50200438"
"556381c0-a068-44f6-971c-b7ccddbf6aa2","28888276"
"c9e3f5e1-4474-4fd7-aefa-e8b98f773dad","2053098940"
"d93058e4-863f-49f0-b089-5cb9dbb06652","5917767"
"b0862034-e09a-4211-bbde-2036db0d593e","2194869631"
"2802867f-05b8-46f4-ba09-4d838e51d993","32602940"
"f9f621a2-0eb9-41a3-b1e4-fc6538389803","2019257"
"36797598-f9a3-41a7-9a44-db73540248f6","2356423"
"a133076a-a6b6-4eae-8b41-4d773313eea4","143667008"
"fed6499d-1426-46b3-a07a-84ba27128a53","2004587733"
"71731dfb-734b-4e2d-af9f-4e13d04392e0","47031217"
"627b198a-8a37-4228-9be0-3c528e22a98f","144774378"
"777fb252-eb74-41d3-a853-c7f370c2d905","1743776"
"d1600901-c4d3-4e4b-8452-76507b27f484","2144728436"
"d4465269-7598-4436-a594-24f0b9f22353","103010625"
"c80e0fdf-be1d-4313-8184-4dd00fb2c3ab","2186201767"
"d93058e4-863f-49f0-b089-5cb9dbb06652","3266087"
"e5aa6df0-1dc8-4353-889e-2ac24c4052b8","19297939"
"8073ca5a-bd0e-43c5-ac55-dc1954e83aa0","2051716723"
"0a838a7c-3a1e-4a14-a04d-457f109807e7","2155848136"
"d6d7e3b8-96e5-4188-86ac-ec0dd5eb5746","1422449975"
"d951bad0-50ef-4c12-8e4b-44791745b86f","1400769044"
"07412990-0b2b-429e-ade3-4e242650a7cc","97062644"
"f1a8d025-a0b5-4851-84ff-d2bda54b726d","153811451"
"2fbc377c-ae6d-4113-b561-f6232d29dd00","102124674"
"d1659967-90c4-47f7-a66a-be7c97399c2b","1738481"
"a2ac2542-b781-4472-a2b3-7cae64d3e314","2158846283"
"be0232c1-3db4-48b9-936a-8363e0ca19a0","14111141"
"e40ce601-3ac0-4302-b0ab-063abd9dd693","51464250"
"56305f3b-c396-4178-addf-75e8236e646b","2082417"
"4352f209-3326-4dab-bf20-658a9866cc75","1696085"
"d5e09b13-f5ee-4e78-af16-161b6f81bcc5","47659232"
"808efdf8-4ebb-42c4-8763-41e3ef39ccf9","2158053221"
"0cd62d57-f361-4bba-8343-e72e0a526d3e","49317701"
"24875b71-8fd1-4742-91ec-39856f19d5da","66754422"
"2b11c892-bd00-4c53-9f2c-f466e205d68a","2003482211"
"28726eba-7ece-49dc-82b5-3bd25faf011f","2005857721"
"d3d777cd-0457-4fdd-83d4-5f7f6124d554","2162257585"
"270a2de1-b6d7-45aa-8994-7db802f86355","73564508"
"11ef0ad5-5574-49a2-97b0-9e4cd89b47c7","81138600"
"314dd809-af81-413d-8d3e-32b7dd91e455","1573578979"
"dc9c83f8-0a87-451b-a1d8-5ef2c6b22303","2148682964"
"b2ac072f-46f3-4fd5-a135-7a166c9e92bf","2148698318"
"a6b8015e-9a40-4561-8779-12273a6d371c","2148697654"
"0c9c226b-e848-4392-b395-7bf7b1dc2ec5","33565577"
"b87bc18e-be9b-4059-9bd4-5bdb3ed464bf","2148695603"
"7bfa09a1-e8ab-4511-81c0-7d2a4380fe6f","3250724"
"515bf862-c0d4-43c5-b332-63487ae1e965","2026973452"
"84bcacbe-109f-43ec-a555-a7e25cedefe9","2143394970"
"f63f2788-fed0-4ead-96de-bdce203b769a","2158128778"
"e21f41bb-5f50-438f-97af-a9e0ab0a937f","2088865756"
"53a5bf72-2d1e-4c21-b736-785b7e46c891","2879094"
"9da05f66-ee15-43c7-a3c9-d909a35f9b39","9379106"
"a0435e6c-dad6-4c72-9186-31389a412024","46202700"
"759fd460-c3a3-43ed-8ebd-393013404a55","145487136"
"07530abf-cf89-4dcc-a6e7-156838b6364e","2130392"
"b1d592ef-aa9a-43c6-b9b9-92668f461f7b","34943237"
"589facb2-0815-411a-9960-f9534433b49c","1897961"
"4a32d017-1707-4c96-b4e3-0cc8607e2d59","1877838361"
"0a2b4b69-d94b-47dd-b2dd-21716c72dbd3","152256494"
"a1080363-97e1-4c4b-a058-9add031ffd59","1775444"
"77d6bbe0-7b91-4869-b890-ff36ce8d2f2d","19316702"
"59be8c39-c1d6-4e29-a662-215a5214ebd0","48871289"
"b6d74474-c2d6-428c-b700-9c958ccaea3f","98282506"
"34ab5f1b-1634-4ac7-ab39-f7ed2270a731","7736905"
"aed6dd81-d57e-4e4e-a139-c473a4d47e23","2102459"
"baba7373-63ea-4748-b5de-08b900e704cb","2635260"
"e426eb14-1aad-4b5d-a57a-8684ac707576","144146724"
"1042d2c5-61f0-441e-88e4-e29b7394d709","1791875"
"07123a92-abb7-4d9b-8c0f-7bb81e7d139d","1764105"
"8ca81396-8f02-4d29-a960-466f0a26e98e","144518473"
"ea4459d4-7e3c-4ded-9e69-edf72f24555d","2117171208"
"d3d777cd-0457-4fdd-83d4-5f7f6124d554","1581405958"
"81520b0a-6fbd-4412-b082-6f018df88814","2089905833"
"9c11ab9b-5f15-4cfb-b6eb-a865178c4b01","2079345028"
"1adebf23-2bee-45bd-8d8e-3228d976cb34","1509169350"
"48545355-ca75-4e17-84e8-d2986e925d98","1769635"
"5802db2b-8a23-48b6-b6f8-d265f7c0b0ce","83666493"
"bb87afb7-c039-48e3-bfea-a57c425bedf8","96873291"
"2e7dd7ec-04fe-433b-af68-d8f47fbbe29c","2090266562"
"b1d592ef-aa9a-43c6-b9b9-92668f461f7b","38456323"
"092715c5-3a30-452a-beef-87c3e6e78824","2301321"
"34fd46da-5a65-4b54-94ba-49d596151f1e","151131301"
"2df41d37-6b14-4107-9906-0e87fef16755","2009408126"
"77d6bbe0-7b91-4869-b890-ff36ce8d2f2d","47433391"
"36be287e-add9-4d6e-b43b-0d51a6bb4ec0","50792542"
"73bdfacd-de0b-4699-ba58-ef9c63bee5ca","48005358"
"a1080363-97e1-4c4b-a058-9add031ffd59","1580610076"
"088dce01-d48f-4bcd-b025-8752386f3140","1406246145"
"f368047a-ea9d-46e1-900d-08c3560a3c1a","1582700397"
"24dc4a27-dbf0-480d-8303-c3ad93029379","84530475"
"afbb5d30-22a9-4cb7-80a7-4e14b79a66b9","2932678"
"67e55f12-6932-49ce-b844-66ceb22bcbd6","1581788903"
"c8e46570-3023-4221-a10a-590ac47b663a","21017861"
"ea97fe80-1b45-47b2-92d5-f392daf0c5ba","97584715"
"1952ba54-2cda-4a99-8770-d509b12337f8","1789590"
"64303396-9764-42b3-bf72-441600d49fb2","38999512"
"f2e767cd-dd8e-4be3-9982-cb26c7b15585","82845918"
"a53cb9f9-7cdd-4a36-ab2f-e70e7269284c","1478387667"
"b6dc6226-70dc-4a28-b726-b363994e2f7d","2234466442"
"f0c29ca0-3014-4883-bd4b-5c2058eb75b1","30620616"
"e92869a8-733c-45e2-bd90-1fab4a88ea71","50250676"
"064d9c71-4fb4-4082-91d0-068d3748194d","1677306321"
"0142c62e-9ab2-42a5-94a4-15458dc31d9f","146109633"
"ad34b717-d88e-4e0f-8053-4c18547c226b","1581899441"
"2c15c586-f627-4d8b-9091-09c98e91153d","2155273776"
"38b5bde8-cf1e-4af6-83d1-b3fe620c45bc","1813929"
"9c51521a-3508-451d-8912-a6ea8e0f0d4d","3114046"
"ccb1f5fc-d03d-4f84-9034-ce1f0c446df7","97645985"
"be96ff6b-cc34-4027-9b21-11532bb8357e","2061332108"
"89af3d67-a70e-44b9-ac88-88791b06e2cf","51187251"
"dc2dc8d8-4e7c-4643-8535-52a0e94cc751","31141556"
"e5a90dc9-0fb6-4b25-be78-eb7b9c7ba660","146995924"
"981a3c82-c794-4b42-b178-b82aa0caa1b9","2108154296"
"fe01ee34-7762-42c7-9887-28f018f4dece","48094591"
"61f8c513-f283-410b-bbfc-1a0e626a931f","102257520"
"a495e0d0-8e6f-4f02-8cbd-8bd9ada668a5","104182322"
"11ef0ad5-5574-49a2-97b0-9e4cd89b47c7","23223860"
"0184d7d0-b37e-4334-a4d4-50f1c3d4cc28","2195584915"
"8a97b56a-be4b-404d-b8a8-2acd6d265c34","2059578590"
"59be8c39-c1d6-4e29-a662-215a5214ebd0","32305938"
"743f4363-9f4c-4ef3-aa6b-5fe92fae2286","1391800342"
"6263c09a-123f-4686-8367-9a16712ae865","33895397"
"ccb1f5fc-d03d-4f84-9034-ce1f0c446df7","145653641"
"427c9840-8e44-4b6e-b34a-7aed54b44a6f","2118213071"
"f7e1ffa8-b059-4e48-a3b1-b058531edfdf","2110996073"
"411af658-d2a4-45a6-9fbb-6829bf84c203","9286875"
"3a23af28-f92a-40bf-ad49-2c8c851c0124","9166799"
"8738989e-ca6a-4225-a292-9c549cf5e1fe","40406032"
"d2eec381-d59e-4ed1-9490-08b1801667f6","2208117927"
"3d032de0-d81a-494e-a2ed-8e70c9d1bf3b","2577376"
"aeeb309a-cdb0-4c42-b8ed-3e9c48ea8caa","52132958"
"9ac9f332-e7a0-4652-92a8-ceeed1127268","18080300"
"10a9f4aa-84df-42e9-a933-f1c643980acf","2159973534"
"33e33a10-c262-49cc-940b-a4e883c1a623","2536384"
"8322226f-f232-40c2-b291-d246b2f883ac","9893099"
"2d325bee-5da8-49a0-9630-dbd861064afb","2109415001"
"8bc7f520-be07-475d-9df8-13083b4dfac2","38598506"
"8ca1a375-5573-40b0-8251-3077251ea21e","144324924"
"630a0c5b-b8b2-4ec0-b3f4-ca85df8ef69a","143635152"
"1f912ee6-1535-4ac7-b286-f3aa368b1116","2077120819"
"4e071346-4a26-4599-b132-f3eff7f00c0d","101549772"
"11743bde-8362-4072-94d1-489c0727fa98","2568984"
"773c7b02-0a7b-404d-80ea-bcc8d418fd81","48632043"
"23eb9678-d4ec-4211-a4f8-806c1ed62533","2064941329"
"3c903cf6-eff9-42c7-837f-169793fe69d4","2071041560"
"c3d48595-1462-48fc-865a-0d89483c6fbc","145195148"
"71731dfb-734b-4e2d-af9f-4e13d04392e0","1398228799"
"4d99c22e-4575-4178-a9d8-86a19d0bdc5c","1722151"
"937ed8da-a0e3-4ca7-a6f4-c03136134a18","49863869"
"20dfd103-29e9-4a76-82e5-b3195492205e","2120835396"
"7ff801cc-fd4c-472f-b9fd-ea87fe83f600","2067615"
"90ceacb5-b59f-4ef9-bb15-9080439929d2","2095156"
"b0458139-ff77-4d79-8c89-ac74c87db5d8","46658495"
"988db828-1f22-458b-8eea-a935f0997341","145019810"
"b6aae535-9c21-4d7e-9f8e-d538cb236a71","1745464"
"ce01cd1f-240c-4cc6-9a60-dea11374202a","30315313"
"2802867f-05b8-46f4-ba09-4d838e51d993","65949599"
"2075c67c-7716-4367-b526-4a16bf7fbc17","23203111"
"6da14071-b11d-41cc-ab3f-078bead61d9c","2077396425"
"b0f75bf0-2a5b-4b20-9939-d2438deead8a","2153688199"
"d1a2a917-f049-4d42-935c-ef893d8317e9","71912914"
"15115009-491d-400d-a8fe-b192baaa1fc9","3067895"
"92c2690b-f0d6-4e0c-9413-c59a026e909d","3291281"
"131d4335-e189-4006-9896-1cb23fdbe354","24313183"
"48545355-ca75-4e17-84e8-d2986e925d98","2064712727"
"d340bbc8-079a-46d4-bb13-6919676cc741","34615946"
"97ab470f-ef5a-46b8-ab4e-e1182ec020ab","73357049"
"18595c95-5e92-4c80-b67f-789dee7c02ba","72133581"
"a46d901d-b126-4a50-b6ae-bc3457257682","31043207"
"5802db2b-8a23-48b6-b6f8-d265f7c0b0ce","144777717"
"70aaa2e7-df11-4d1f-ac8f-230470d8ac50","12451583"
"1a7d60ca-39e5-4e86-b106-8474e1c5feaa","9015132"
"1d9c46d3-5c88-48e3-8d10-b07184b5141c","2073261421"
"b17e75cc-fd10-4d3d-870a-bfd830d8b8be","1747836"
"f5be4d51-2a14-4654-b574-786a2bc25967","20798785"
"fb81f3c9-7179-40a3-bffb-ef52336ca423","30986057"
"2bdaf1af-5877-4395-a5a2-5bc2feb54703","9275186"
"0485e207-0cfc-4925-bb85-ac1259e4354d","47599362"
"65cfe45a-3290-4ef1-be43-068b4b4dbef6","1860673"
"8a4ebfe6-7b2a-4333-aad5-ca4cc4147a6d","1985602"
"8a97b56a-be4b-404d-b8a8-2acd6d265c34","48890017"
"10a9f4aa-84df-42e9-a933-f1c643980acf","2666884"
"391140da-ff07-4fa1-bb0c-e11f3bbc2733","2775001"
"c79e8958-1da6-4a92-8dd8-6994b3612863","1423466294"
"8e47eb3d-4fc4-4500-b199-45ed084e97ad","2817616"
"38a6df52-378a-4c75-b860-970205e920c6","2673418"
"fe01ee34-7762-42c7-9887-28f018f4dece","145574672"
"54d2f595-adf1-4418-8b42-b87f3e1dd01d","2150909977"
"a6a81703-b88b-4252-9408-f4cf9434d619","38751365"
"fb84950c-d241-465e-a7cc-01ef72988fb6","144441675"
"544acfd1-81ca-41e0-a83a-b1eb1f201645","2148773152"
"58c6eebb-bad1-40f0-b044-baa22a00e180","2606668"
"fed6499d-1426-46b3-a07a-84ba27128a53","3224657"
"636fe79b-5093-4cdf-955d-5d1461f7ff2e","30668517"
"07412990-0b2b-429e-ade3-4e242650a7cc","9443352"
"497ad485-b081-4ee2-a9ce-3b76bc0a4b0d","2065100163"
"a43f7501-f6ca-48b5-a805-1fac52b420dc","29732229"
"6dd23296-c925-4f5c-9d2c-5d05920eb75b","143673663"
"88b7751b-fbb2-4093-b8b2-844613265400","144339652"
"bd217f77-1ba4-48e0-9201-5d85bec123fd","2854055"
"045768b5-1e03-4523-9ef1-d2c5a8b5358c","3181063"
"a2ac2542-b781-4472-a2b3-7cae64d3e314","1774185"
"d99b63b6-81c5-4dca-9281-e7783203aa47","9160841"
"938df3e8-429e-427b-a7a5-b3912a5fd28f","66240307"
"f86e40d8-f9d1-40c7-add2-71df7d7e2257","3085386"
"5ee9e9cc-69d1-4814-bb02-b3adf20f82b1","37529078"
"c24539bb-89b3-4fd0-b52f-f3086038795f","2486530"
"072d8147-8b94-4aaa-84b0-775ffb7b3e23","145023507"
"0cf099a8-231c-44c9-958b-2a0c6d65b107","51338246"
"8c915872-00f9-4a26-abfe-19c188992107","2537066"
"54eed733-b386-43f5-b1f4-66ccb70461e7","2121028774"
"8e47eb3d-4fc4-4500-b199-45ed084e97ad","144512060"
"20d87ad0-540e-4138-824d-ae2c58500e03","145748887"
"85627a86-4d33-48ac-8423-d6987a053ac8","1404912904"
"3dc1d686-07e9-415e-9d19-496a9e39c0b6","1800847"
"c6ffc610-be06-471f-9cd1-27e36b5c3056","143721746"
"9b913c63-a680-4e5b-a852-28f02ca66865","7632737"
"9f864334-d114-461a-9bd2-8d6fb709acc8","2663035"
"b0458139-ff77-4d79-8c89-ac74c87db5d8","51202512"
"421f3763-fb86-4502-8aab-7345daceabc2","49528487"
"dddcce92-708f-4251-b2a4-f6d8fa197984","50327708"
"f088498f-8c32-48e1-b68f-5c3c9f90c92a","2815515"
"92d1f6d3-539f-40fe-9640-02c4b8d5296d","3008866"
"aa54b23a-ca02-4eb5-b15d-e20263e6a0a6","2127851"
"9f7182dd-18b9-4d89-992b-c2a7b1dd22b8","104528875"
"96dc827f-34ad-4fae-8609-4b81b36ed897","47856865"
"c3515e2f-a96b-4305-b557-25ee3886b248","3387739"
"7fff28b5-8f91-4612-9aba-e2b8520e2fb7","2258713347"
"d1659967-90c4-47f7-a66a-be7c97399c2b","143784971"
"2389729f-a207-4ea9-9370-c1fe11a1f2e4","2258713876"
"a5aef657-ee49-4363-aef5-cb8f04b3365a","2258712019"
"7f44145d-2bc3-4912-9d72-1de4a59cc757","2267745160"
"a54fe715-7be7-4beb-970a-37a42e485a14","2136239414"
"67fa12aa-e125-4264-9ae1-7250e6c54ad8","2267744939"
"589facb2-0815-411a-9960-f9534433b49c","30706790"
"073d4adb-c410-4ad4-a72f-7f3290ba024c","2237916258"
"8af7768e-9ad1-40b2-81c4-4c8d7007148c","2237941621"
"f4cc456b-7270-415c-9b99-9bc2d7f907a7","8720497"
"642967cd-601a-4b1c-b135-7047d3ecca2e","145591250"
"5fe7333d-a295-4197-ba3b-3c831bc3796a","151103390"
"3abf6f42-0e13-44d4-b895-33b1fb5aaae9","1774966"
"483db2fa-4d23-4190-bb96-3ec20eb2e4ad","2254486332"
"389e3db2-460e-43c8-9d76-d46568bfd2e7","9109307"
"06ab5d2b-7d08-4216-b12a-5d8775f20037","2244595786"
"ea97fe80-1b45-47b2-92d5-f392daf0c5ba","2072495502"
"b097a354-df7a-43ed-83c8-e22bf67ae146","9137866"
"42404282-172d-4c75-b90e-a9f5acc492dc","51975731"
"93d0e2ba-44d9-4477-a340-8994fe872f9a","2007308519"
"c7adcdcc-bf9d-47bb-80d7-ec1a26a01b55","1692577914"
"de45ba3a-d0d6-4c5d-97bc-f66fc1967953","2265005"
"7256c71a-b6f6-41e0-9baa-b4aa511ab126","2257344111"
"97ec40c5-94d7-4bf3-aa94-1419cd2005ce","2140952926"
"723b5af3-d2c0-4ca7-9410-8c7b5fa57060","96728619"
"494e2ea8-d833-4d29-a35b-c928071b0476","3191024"
"d6325c30-bd4b-4ede-a987-c8acd50ffc24","2113915201"
"e429dee7-821f-48ac-beb9-aa8720968344","145380334"
"0ad3ebce-9ed0-43c3-b6af-51c4d4b33c2e","51236870"
"852eb3b1-b1dd-4ef8-9ab7-8cdaaf9d166b","2240533889"
"d1a2a917-f049-4d42-935c-ef893d8317e9","2261570278"
"1f4d7102-4ac8-48fa-a047-95c573d9737d","37760365"
"b1772d1c-8ae2-4c2f-9b50-1fb693f4dec1","49944053"
"9dcbcc01-c2c3-4184-b9b9-0a7a497d7261","145800351"
"a6394469-0117-4cd9-9191-8d9f7431c565","2287075416"
"9ea0b5f6-e8b0-4fce-875c-13053daaeea5","2248099910"
"53086b3d-5cd6-4617-8ea8-81b19c1f1d44","2255571620"
"ce01cd1f-240c-4cc6-9a60-dea11374202a","2065328785"
"af10f605-9391-4ee5-9585-454a5fe27583","2237224857"
"eac32083-3990-427d-abd7-a4ec96bc32cb","2844308"
"1ba8fedd-6c4b-46da-bc4f-b36edea3f336","2240523048"
"8de10b72-4500-4df7-8f04-19d0a6d188cb","2232652605"
"dbb00431-4f98-4093-af26-129a92a0ff36","2092337676"
"79881d3b-2cd1-43c9-974c-c55acad769d2","2287373203"
"7fff4205-1376-445d-8a82-d5adea10d9da","11026937"
"c8e46570-3023-4221-a10a-590ac47b663a","51234376"
"981a3c82-c794-4b42-b178-b82aa0caa1b9","150076840"
"d3881c05-5809-444f-8807-139e8bf69303","2266932123"
"d6f5a116-29c1-481b-ae75-11bbef27606b","2901009"
"bca031e6-b775-4885-9e6c-a7d143aaa316","9201777"
"743f4363-9f4c-4ef3-aa6b-5fe92fae2286","152491301"
"23ac1829-4894-4547-8d8b-b98f8c178a2f","2174260248"
"9f447f56-e9ba-4076-8aa9-dba28db14740","3159528"
"4e0f63c2-9910-4225-9fd4-c980293593cd","2266525617"
"0fc38e1b-f951-425a-8980-31df461c3443","2247273522"
"54eed733-b386-43f5-b1f4-66ccb70461e7","2242939938"
"2e294b4f-5cb5-4340-8df3-1249e70bfd6e","2264283485"
"49e4e163-f98e-46cb-a580-00f0f11696f0","2243362171"
"6cee48bc-a79d-45a2-b492-3b2388a1413c","2243288471"
"f63d75a8-cddf-4ffd-b9b0-582786f7eee3","66230713"
"157e6411-1a22-4819-8461-ec44f45255b0","2265517151"
"c3f2c47b-d704-4166-b403-890859caf0ee","2279912457"
"427c9840-8e44-4b6e-b34a-7aed54b44a6f","2281672971"
"a15075c1-7b24-4243-936e-e42289fcf735","2143424956"
"6ee03a72-2561-44bb-ad3d-e9a7a57b3e65","2288343827"
"7c162029-d42c-42a3-a977-9d2aab09774c","2289004849"
"2795fd96-ee2b-49b6-9e75-76388c99881d","2244010986"
"02bb20fc-2c2e-4144-9991-7992317db2f5","2202558480"
"93c79076-2603-48c5-9368-7d8087d27cfb","32045110"
"3b5f08c5-52f8-45c4-80ee-52f4adaa9de9","1820937489"
"e9d6be55-673e-4b9d-9d79-9c1330a722a6","2275724559"
"4e0f63c2-9910-4225-9fd4-c980293593cd","2261545873"
"880d6e72-3793-49ce-b134-9ada3ae0dbac","2490561"
"7a556c58-b6b3-433d-a902-7782bb0f4a89","2267841721"
"11dae412-159e-443d-bdb7-f123dc8cafe3","2237800047"
"4a32d017-1707-4c96-b4e3-0cc8607e2d59","2187408754"
"061463f5-8e01-47d6-b4e0-a6074d92db8d","2173708"
"dc9757c1-3033-4123-a3fb-6d3126e31922","2110107119"
"c79e8958-1da6-4a92-8dd8-6994b3612863","1736651"
"e9d6be55-673e-4b9d-9d79-9c1330a722a6","1780876"
"336aa88f-7aaf-4ef9-9da1-1b25c2d0e9c6","2109816350"
"e4ca0f3d-07dc-4efd-bf95-1e8cf98d0327","2815825"
"b6992617-3879-4f34-8c64-c8062efd8f66","1765955"
"60c8c0ff-9311-4d45-b843-5a532eb0beb6","1491104517"
"4bb66c8a-67e1-47de-bff3-7ff44aa2a805","2085587"
"0d0cac23-01f3-49be-aa91-5c393729ce10","2152975939"
"2df41d37-6b14-4107-9906-0e87fef16755","2186808210"
"a6d4a59d-8b18-453a-a47a-7597e27ed942","2143713466"
"34f7010f-25e3-41af-8b30-b02a3c23586f","47718940"
"187f03dd-6a08-4180-a5af-d5e2280fe1ca","46242540"
"3c903cf6-eff9-42c7-837f-169793fe69d4","2283005500"
"9f864334-d114-461a-9bd2-8d6fb709acc8","2283013651"
"545a01a1-7b44-4b39-b53d-0c3b919ad306","2278895232"
"43559387-1f2c-43b5-8360-1a43853d6b87","2278971099"
"560b2080-e7ce-4096-ae05-ef7b18deefce","2164146267"
"c2f7c8d9-7d11-4777-9387-b458dc42203b","2257098862"
"d83be1b2-fbe5-4ec1-9872-c001ae1be8c3","1411742508"
"1e30687e-f762-4ab8-9b34-bc212c56f530","2236698862"
"5624f36f-ac2c-43bd-92b6-12f04a088df1","145383448"
"cd41a5c6-49b3-4deb-b1bb-0767f4c3d4a9","40895234"
"18a9508e-a84f-443f-856b-3e3d6a08d0d3","47931433"
"c063fe73-01ad-4a52-9de7-a2a71c402829","2238972470"
"ebcbf375-887c-4815-9928-79fd24432e6e","2047412485"
"6db92b3b-f1b4-4864-90cc-5ac58f46dff9","1735108"
"8c285dac-09af-46f6-9842-4d12143db9ed","2148532314"
"9e022e3f-6ad5-4960-aa19-1d282ea81d2b","144258300"
"909e3b25-735e-422e-8ea7-0e4d22eb78ab","2110980440"
"f63d75a8-cddf-4ffd-b9b0-582786f7eee3","2186514025"
"e73f4881-d741-4fe2-add8-caa5c2c5b95e","144139947"
"33e33a10-c262-49cc-940b-a4e883c1a623","1398416510"
"05c18e17-a439-4521-8da1-4ea2fe23811b","50534620"
"68349ece-dbaa-4528-8d9a-c6a09e750d91","7758609"
"28c2bf44-b191-4503-b1cc-e042fd7aeef5","2140910979"
"6dba07e3-9cc1-4269-8059-1da75223c4d1","2182456548"
"5efdc9a4-ed53-4163-b110-cdff2609d7b9","97856466"
"984aeeef-cef3-40ba-9a3d-006d90d51a93","50190652"
"880d6e72-3793-49ce-b134-9ada3ae0dbac","2132254401"
"d5d6c5df-c13c-4ce9-b78a-5f7a8ba47f42","2242136589"
"ef1b596c-0a27-4644-93fd-724d57ffcac2","2243332374"
"10891b53-6f7a-4d94-98e9-96ff00bf00fe","2243405478"
"3abf6f42-0e13-44d4-b895-33b1fb5aaae9","2112769146"
"032353bd-8499-4065-99bc-3aea99f193f9","2142868647"
"4626c188-dc7e-4f41-9214-0338f1d1dcbf","2277183884"
"b3dadded-b5a7-4833-82ab-bad938c04db8","2128818"
"c8e46570-3023-4221-a10a-590ac47b663a","2277233693"
"dfbb3d8c-48c2-4a22-82f4-ce222f4ac699","2000505011"
"c541699d-95bd-4370-8540-753c8aeaf103","2267749673"
"804a3e29-29b1-4a83-b536-4e85151cbafd","2267689696"
"1474d953-4711-4ccf-8eda-b5a3e85dcdc0","2219685724"
"f2e767cd-dd8e-4be3-9982-cb26c7b15585","2228717907"
"d5e09b13-f5ee-4e78-af16-161b6f81bcc5","2260494117"
"19adc6cc-c5d8-4aef-917a-51aaf55afe21","38952862"
"0e7abaa4-7347-4cac-899e-3e4ddcdc3c0d","2914033"
"a8c53ea5-a1c7-4f82-be53-ef8290f2b97b","7185056"
"1265bc3d-3284-43cf-9e95-d7468cfe5228","2149326949"
"2d7e0acd-2fcb-4388-9dd0-7977b4cddeb9","2881739"
"02bb20fc-2c2e-4144-9991-7992317db2f5","2109204959"
"e154ba23-06a4-4a04-bfc2-b7f455ea5ca9","40106328"
"7bfa09a1-e8ab-4511-81c0-7d2a4380fe6f","145061146"
"039e36d9-d6a6-4088-9567-90d27695d34e","2140407684"
"2389729f-a207-4ea9-9370-c1fe11a1f2e4","2053892637"
"62189a36-fea0-4d2e-95d5-08ccf4149387","145111960"
"8718662f-f440-49bb-bae5-36754ee3c196","65783011"
"3ca8d87f-2ea9-4fb4-9415-8f186e07cdae","2193205741"
"179d4daa-1b3d-4672-bd53-aa4b3dabfc10","2146631159"
"6da14071-b11d-41cc-ab3f-078bead61d9c","1883762"
"1e5cda7b-3986-47b0-8027-9a11bf33435d","2144153468"
"a6cf6bdf-8c7a-4785-b2e7-7f6403f89737","2115386727"
"e367bca9-cb24-4cc7-b342-bdca12edd311","2155577625"
"5b488ccb-44bc-4a43-87df-241ff2a4f214","2107914028"
"bd78d666-c607-4704-bc15-201dc9feb608","2068172879"
"c5a27a3e-9ada-42f8-b64a-92aa7c06bdf0","47230543"
"8cf56058-d893-4f30-ac33-6b0074eb2e92","2664250"
"7be44040-81e1-4ac3-a735-b1f0e39770ef","2118508706"
"83ac783a-8e2a-489e-a44c-aec06c7602ac","2108251927"
"44afaacd-b18f-4869-9281-fea87355a426","2110720245"
"0f0ee860-8d19-4d9e-a08f-8ee5b19c7b44","103709758"
"0a76f2da-2da0-4c95-bc48-e12e9ce1267d","51432711"
"e77a8a52-0cf4-4cbb-ba1f-aa4eaa7e7abb","2205336954"
"baba7373-63ea-4748-b5de-08b900e704cb","3513587"
"5d0fac96-3720-4f24-8dbb-c20cddfa2b9f","2214902247"
"a7b1bca2-16b4-4a23-a418-093862b05a13","145960787"
"38b5bde8-cf1e-4af6-83d1-b3fe620c45bc","2114714263"
"f2f67eb9-b6cc-46a9-94f1-566b259797c1","2112122715"
"b6d16c38-3de9-4ab6-89a3-d6e8e48141cd","2145021452"
"45ae83e7-5c16-4930-9641-0d8b80a06a82","2118431380"
"402807c2-4e79-460b-bf9f-28844d8d462b","2202980118"
"b1572913-c117-4a78-a684-1a31a2ed02e8","2533489"
"f63d75a8-cddf-4ffd-b9b0-582786f7eee3","49870267"
"f2f67eb9-b6cc-46a9-94f1-566b259797c1","2195148080"
"e7185308-26f6-4ea6-9743-a28e8df08c7a","150904362"
"b352024b-4b33-45de-b371-e32f5890f87d","2215654198"
"0772c5a5-9413-41b5-87ec-9ec8dbce7f03","2152688291"
"c2d5cb2a-c77f-4ae8-9d9b-b09d87f7fd94","2215687425"
"f9245de8-84a1-4ef8-86b7-dbbac52ec46e","2215655269"
"b097a354-df7a-43ed-83c8-e22bf67ae146","144326451"
"6acb805d-9d91-4d20-a3ff-b2340b09be3f","2108127909"
"d34d9747-8034-4966-b162-3e653c8b719e","2182772517"
"9e2122d0-e113-4724-8727-6ae61af18390","2101187033"
"da80adfd-8169-45cc-93bf-72e160467a37","118506820"
"c3515e2f-a96b-4305-b557-25ee3886b248","40648779"
"e0a666bb-8fc2-4e43-82e9-dfbdf3695242","145179289"
"68ffdbbc-cf0a-4096-80a7-44fbc14c8feb","2090405421"
"a799a953-d83e-4075-a7b9-006c0623e2ad","2117874842"
"e6f3b12e-975f-40fa-9e94-e052a1ab5d78","2149668025"
"310b58a0-4e52-42e5-a911-0b006dd2ad53","2136113404"
"465ffa0a-6055-4320-8a58-5b914f0ed4da","3117762"
"f3e326bb-7a46-4aa9-b8e0-4e2a407b3ab6","1412767645"
"1cfa373d-ca43-43ee-9bbb-5eed104bd725","98475064"
"95609bf3-a15b-4f87-a228-46aec2cc6444","31012220"
"b9b67fce-8c7a-4834-ada1-8c58048a2c01","2284639971"
"d2eec381-d59e-4ed1-9490-08b1801667f6","1744642"
"fb84950c-d241-465e-a7cc-01ef72988fb6","152264013"
"e703392f-7c62-42d8-a246-df40dcb75ae2","2074969985"
"e2ed5213-2ef7-48f6-a32a-2d43a715da6e","9723454"
"64303396-9764-42b3-bf72-441600d49fb2","2200718"
"2b11c892-bd00-4c53-9f2c-f466e205d68a","2144931831"
"7523a06d-7002-4054-9d48-17efe75b986d","2146089265"
"44742cb6-3fdd-488c-9f25-e168f4b6a8aa","2145806597"
"981a3c82-c794-4b42-b178-b82aa0caa1b9","9116726"
"96f46eaa-e439-46e7-b4b3-ac1e53dfd603","2117951047"
"a83107d0-1d37-4d50-9e87-58e325357f90","2129479112"
"9433efac-6803-4f14-8cbb-782aeb059dcc","2108887123"
"0a76f2da-2da0-4c95-bc48-e12e9ce1267d","31230324"
"34f4e38c-bebc-49d3-9aef-c4c1a4d973b8","30702899"
"64dadaae-d5d4-43ce-88cb-284bb99af18c","34489452"
"8e044a84-a2e9-42f6-9022-53bdd857ae88","2201897"
"e5ab11f1-fc7b-4995-9f69-ef0a8a4545c1","2142254956"
"1b1ed0e1-a5ea-4a8d-8760-65f832e92119","2115408141"
"bf7c3d92-0af9-4eb3-a19e-de6ebd646742","2153514798"
"9978fbba-1e7f-448d-9da2-090c6da8c01e","34346728"
"ae8833ea-f7ce-4290-99f2-8c461c08d1ec","2146159517"
"541bb951-0174-4544-8018-44a212e2719b","143794148"
"446edea9-40ac-4342-b5fc-8375e9afb608","2157881653"
"2b11c892-bd00-4c53-9f2c-f466e205d68a","49536866"
"462f1206-12ed-4bbd-a9c0-4292f9da1aa3","2241179055"
"f91a118b-f34c-477d-999b-76c304f63131","2244784766"
"f3ac2533-b6e3-413c-803a-b2cfc0bde002","2290615693"
"7d222836-ec7b-4234-8a81-92dc38e00aa3","2290908632"
"e514d9fc-a54f-48a6-9641-fbd2d14c4554","21120297"
"5d4d258b-df43-4c54-b031-3f237ef33e89","2254879316"
"1695a1cd-0a62-4def-8edc-525c382b8cbf","1990710461"
"718373fd-24fd-40da-8b03-3f84ee559028","2165247903"
"36797598-f9a3-41a7-9a44-db73540248f6","2201624163"
"92c2690b-f0d6-4e0c-9413-c59a026e909d","30268445"
"1a7d60ca-39e5-4e86-b106-8474e1c5feaa","1403376232"
"9dcbcc01-c2c3-4184-b9b9-0a7a497d7261","2145786432"
"72e17088-6d78-4a0f-8108-d8329ff68101","2238438871"
"89f2d253-bbf3-4fdf-a781-bb93f7c12f89","2238300452"
"10891b53-6f7a-4d94-98e9-96ff00bf00fe","2238241055"
"6632be86-6471-4208-9483-12a7765a79ea","2238269069"
"a43f7501-f6ca-48b5-a805-1fac52b420dc","2238389156"
"9f447f56-e9ba-4076-8aa9-dba28db14740","2238277710"
"a4267b38-74cc-4c9f-a2cd-e88a463f6907","2065070259"
"2e492194-8ac3-4f24-8db6-969637c33346","40152708"
"13b9b58a-a067-4cc3-990c-a632eff0e6ac","1643267441"
"9f7182dd-18b9-4d89-992b-c2a7b1dd22b8","82828785"
"f86e40d8-f9d1-40c7-add2-71df7d7e2257","100905841"
"181162e0-b14c-4ed0-8075-121e82fb9949","30955230"
"a6187b98-3020-44cc-9c24-2647f227497d","150158920"
"9b913c63-a680-4e5b-a852-28f02ca66865","2086205950"
"ad173146-cf86-49c1-8c5c-eec4bca3ed05","89121677"
"32d0530f-16e3-4504-a8ae-299b00391253","145111333"
"89da5d88-69ae-4377-929b-96095e491f0f","2084533808"
"c4258832-e784-4156-8bbd-7cba89958cb1","1707882"
"e6add270-fa98-4d15-b524-aeab830ae533","2804997"
"483db2fa-4d23-4190-bb96-3ec20eb2e4ad","2209387420"
"8af7b909-107d-4ac4-9ee5-893302cdfca5","2209099037"
"3e8e43a3-17f8-4ea9-b47d-eb9822476bd2","2096006511"
"5fd432b7-291e-4e34-a0c0-7a64981d1129","2199958379"
"a2742255-ecd3-4f06-bebd-fd932772f39d","1889519"
"f3f19716-6a4b-4b5d-b363-4c0ccda17ed7","1403115893"
"310b58a0-4e52-42e5-a911-0b006dd2ad53","97824871"
"25421ec2-974f-486c-a104-ee0fa18071a4","2158629450"
"e9d6be55-673e-4b9d-9d79-9c1330a722a6","2108979650"
"743f4363-9f4c-4ef3-aa6b-5fe92fae2286","100570345"
"9f864334-d114-461a-9bd2-8d6fb709acc8","121635693"
"89af3d67-a70e-44b9-ac88-88791b06e2cf","89523351"
"3f81487f-d6e7-480b-ae2b-f53db11b8f6f","2147156561"
"a6d8211e-606f-4ca1-a608-9fe89122d057","1489229822"
"5900e5bf-b606-451d-aa36-54c99506d3fd","13320652"
"244c3797-88ae-4684-a4c6-1f8de8f8e8e2","12593307"
"4ec7536d-925c-4ca5-85c0-2d52e36d75c0","2153014426"
"141ecdf6-b7cb-4246-8666-9029c78f412a","4141572"
"412f1529-b909-49ea-a867-982490bb0a27","122774412"
"af57a6ad-e470-481b-a1d0-16116bcdb49f","97913910"
"8a4cdc41-cc77-46b0-8e78-693b3cf53d19","2153606533"
"e7358aed-91ec-417f-b32b-07d2b08c61c0","20702131"
"a2add6d9-5c8a-44a9-9d43-0856616da9f2","8010752"
"971f6d8c-b5e7-41d7-8323-8e88a8eab5d4","2067372946"
"5fe767df-5fbb-4181-a11c-a1afffb693b2","2112776947"
"60932560-0c0a-4660-ac64-32266303be12","2062982370"
"b2ca035e-bc65-4324-9f36-8eada04bcba5","2041295856"
"253ede9e-e5bd-4391-84d8-8bf459620cd8","1729569038"
"62989331-78a0-427e-affa-8e308bb3524a","2233626695"
"a1870464-3839-4b33-be1e-f77240783ade","2099511804"
"957ccead-9b31-4862-8dd1-bb4df3f85600","2180749741"
"e789f595-df6e-46fb-b9af-8a007ab58029","2180738553"
"c541699d-95bd-4370-8540-753c8aeaf103","2104175121"
"e2ed5213-2ef7-48f6-a32a-2d43a715da6e","113048883"
"6e768fb6-cf08-4553-8ad1-6f218485707f","2267816114"
"defaae1c-2732-4dcb-ae31-a1503fdde174","144333721"
"742dec8d-f879-41ae-8f9c-d03c92978c37","2276252645"
"b62a130c-7609-4510-8d2b-ad9c226ae360","1742448834"
"f2839f46-c59c-4f7e-91b4-bc1ea6e9c9fb","2146517226"
"e428103e-8088-4f26-a601-75079162a7de","2068455046"
"23ac1829-4894-4547-8d8b-b98f8c178a2f","153585881"
"c9dfcea4-d7a9-4a50-8b92-38897e0d96b6","2152765081"
"d96bc873-8d46-46db-96c7-f09d9cda3fe9","2249603640"
"d2a72f8c-598c-4926-a44f-828040bf260e","2249603415"
"cd4c4279-529c-4d3b-aed8-da0cebb1632a","2249571993"
"ce055c53-23a3-4fc2-bdeb-59a3abeab00f","3157005"
"c02724e3-a492-44be-ba40-d7d30ad51a44","2057626680"
"95d75337-e6c2-42f5-ad49-387847a0ceeb","101686462"
"8de351c7-7359-4bfe-8c84-50d861b77916","2152849327"
"f3e326bb-7a46-4aa9-b8e0-4e2a407b3ab6","2150357341"
"18a9508e-a84f-443f-856b-3e3d6a08d0d3","2186385625"
"2522f0a6-dc39-42ec-8984-6ad54cdba50a","1965927884"
"7b9e5bb3-599b-4a94-8305-7ba9e003e049","2160992047"
"9da05f66-ee15-43c7-a3c9-d909a35f9b39","2089922878"
"3ec7f9d6-211d-412f-b69b-014898effa6f","3407938"
"0eb2021e-687e-4556-bed4-6d395273aff4","1646599422"
"2b955aef-19c7-4a18-ae5b-ea312ee9e892","49928871"
"4112cbde-1b48-47ae-bb7d-ef8dbbfdb706","2229431107"
"69c39128-770e-471b-9d7b-9a8b73b23797","5158057"
"a0a05a51-94df-4782-b3c5-bf42b83917d4","72606039"
"3ca8d87f-2ea9-4fb4-9415-8f186e07cdae","1476814392"
"8bc5d55a-e1a9-4f72-a61e-e260938b8f0f","49680564"
"993c1522-616e-486f-913e-ca3499eb1f69","87499850"
"a33e7789-30d4-4d64-bf9d-c4e3d5c54a9b","1664247949"
"69879916-db2d-47db-85c3-5d1e2c0896b2","145715828"
"fc089bde-b06e-4761-b96d-d0ae8cee672b","2146265291"
"e786f43e-919f-4f26-a06b-7215bafe38e9","2188587"
"5c668894-fcc5-4df4-93e9-fdeae554ef47","2287233253"
"037d306c-36a0-4540-ad04-2ceb6b375dbe","2241826907"
"fbee594e-3a49-462a-8147-4ddfc149618e","2270668624"
"9dbec097-0106-4c41-90a8-1e6ba67b4022","1764675"
"0cf099a8-231c-44c9-958b-2a0c6d65b107","144566889"
"c1b7a0f2-fa8d-484e-bacd-92c3e6a33bf8","48814047"
"270a2de1-b6d7-45aa-8994-7db802f86355","3139869"
"253ede9e-e5bd-4391-84d8-8bf459620cd8","2174871263"
"4b1317b2-ca1e-4825-9e76-028cae3aa7ac","2057097943"
"765d969c-5f22-4ac5-9396-8ac7ae2adff8","2284350794"
"c591839e-a79d-41cf-b295-02edc466a8a4","2284350718"
"765d969c-5f22-4ac5-9396-8ac7ae2adff8","48208871"
"981a3c82-c794-4b42-b178-b82aa0caa1b9","47424067"
"c9201218-5005-43d7-81ad-e259fe585b4c","2109536982"
"38f157cc-5f21-4a27-a502-3d42d63a5247","2054393176"
"f088498f-8c32-48e1-b68f-5c3c9f90c92a","2152490792"
"3af00d18-a764-404c-b079-05e70ce4c57c","1829149844"
"85f7c7a9-d94b-47d5-8bfb-0931ead35ead","2145368202"
"97319606-bb60-41dc-bee0-4df229df4241","2118027745"
"b3c60e73-c4f2-4c31-8872-bb67e35fdf49","2881029"
"85627a86-4d33-48ac-8423-d6987a053ac8","37505929"
"3c89d9a2-bf18-4934-9673-d293bce32b77","49312046"
"1bad2035-f227-42b6-a7b0-34839e85d182","47835072"
"c4b7488c-eb8c-417e-947f-fc7ab23838a4","2258718135"
"deac845b-6fbe-4c24-af56-847f8fa06294","2054046799"
"0142c62e-9ab2-42a5-94a4-15458dc31d9f","2067809254"
"55c3cf94-e4cf-4b01-9b13-c9490d4a924f","2284311459"
"c38f5521-f9b5-4b01-b723-26477b0e7420","30977084"
"504676b7-49d4-483a-9aa2-d1855d8c2c2f","9278767"
"56d7cd76-6ab3-4330-aa49-efa3b8f6f600","2216463"
"16187561-1a78-4fe9-bdec-2a5146a86a52","2262034765"
"50a35397-4fe5-456a-9bbe-9b608eb349ab","144828287"
"bee44c28-4abb-49c6-95a3-1a7d5499897d","152724735"
"8048651e-6ba5-4dad-9580-a5ff703ec69b","49037296"
"ccf2d349-09c0-40f9-8c26-6e20d2150ec7","118376931"
"4d6d54f3-ac63-4a7a-949c-8a297b2d475e","72110886"
"71e17cb0-a7dc-4b1d-b119-3b53b23c3be2","3277894"
"e00c7414-fa31-4f0e-9982-2d712a93922c","1679966269"
"ae81a727-73d3-4e25-85af-e64eec0841c2","30891681"
"ca684e6e-f2ae-46bd-94a7-4c772cef2990","1802995"
"18a9508e-a84f-443f-856b-3e3d6a08d0d3","2614693"
"92bc90aa-4704-4002-852c-ca32f56bc3c2","2111217876"
"30dc9010-b45a-411f-8718-5dd2e3ea06b7","31896097"
"b17e75cc-fd10-4d3d-870a-bfd830d8b8be","87833975"
"26fe00be-845c-4c50-bbd7-8d7b3db00961","104298187"
"e6ebd653-4b45-4ec9-beb8-c3bb048f44c8","2111961150"
"2e66a2df-7a9e-449f-a41f-814a64c1dc60","47269108"
"5e7c69f7-b964-4627-b604-456971defd2c","2991808"
"a2a5628c-2051-4c16-bf6e-58b5dc8d36f7","3401483"
"e1df837a-d343-44c4-baaa-a646d705def6","2110342359"
"7982dcbc-a993-4a5c-9bec-c23df0928f2d","2046181102"
"05f03f5e-0bf2-4f3e-836b-9d33d10020d5","1994179258"
"81e4d003-c67b-4e84-bfdc-7dba1c08a6e0","1991942"
"b6d16c38-3de9-4ab6-89a3-d6e8e48141cd","50992020"
"131d4335-e189-4006-9896-1cb23fdbe354","123852747"
"9382c991-0346-48d5-bf5a-0443cf70d6c7","1778153"
"d8ad5958-2f7d-4fdd-8cb0-ee8b835bbae6","1489263660"
"a67b531b-51e0-475b-8f82-6040c2a0b73a","9006953"
"17e0071e-d479-4515-9725-a016c2f9b7c0","46194063"
"3925b729-e5a0-43a3-9750-1af3ddde32ea","2032795"
"b054b3fe-d974-480b-8bc7-0d1b2d8bce58","9431490"
"65cfe45a-3290-4ef1-be43-068b4b4dbef6","3102816"
"a1080363-97e1-4c4b-a058-9add031ffd59","1696096"
"abbd31bc-3c54-4f58-9e32-c9f1c5b6ce1a","2131425130"
"4a32d017-1707-4c96-b4e3-0cc8607e2d59","1839588"
"060bbac5-bc44-4182-9805-de43b75b2ca7","2109208001"
"57b0ad4b-b46d-454e-b3c6-5bfb581b1d93","2244485627"
"3a541edb-3c66-432c-a942-b32211440e25","2266111763"
"571bacd2-a42e-4840-a636-083306e22ab3","2238132061"
"21cd9d41-26bb-47c6-ac18-e70a0a8619b4","35143911"
"b63c3cbb-169b-467f-963e-ec13133c25e3","2223513494"
"99bab2f0-280a-4d9e-b62a-c2c505e8f161","2213632"
"2e66a2df-7a9e-449f-a41f-814a64c1dc60","35940569"
"602961d9-6e84-4b69-acc7-c6f03a5c9b18","1388520886"
"43a0ae7f-ace4-4b21-afef-fc80c9d0e5cf","2112049977"
"557f92c3-8807-4b55-b452-ae51b4bb5e54","2212958484"
"89ed204c-02d7-4c4f-9de1-7dc2b30dbf4b","1753315133"
"efd68748-21ac-43a5-9424-ad7426ab2d3a","2189175699"
"e1df837a-d343-44c4-baaa-a646d705def6","152808770"
"c1b7a0f2-fa8d-484e-bacd-92c3e6a33bf8","145277119"
"03663804-a714-4088-9515-133fd4b7400a","8597433"
"1fbf8b49-b8ce-4fc4-ac46-9fc86c99e4d5","1798075"
"805d6e3c-1d99-4fb3-a68e-3a10cb321479","1515047391"
"8bcd9988-966a-40c9-9619-d846341dbf20","152985120"
"0c9809a6-3414-4774-ae00-9f5274b3aa2e","2185730357"
"39621ff9-6e4a-49fd-8c7c-1ab2a79f1ce1","2108712235"
"31f1cdb1-b2cb-463d-8e47-af186683bf3f","3058755"
"8116d6b2-0d47-4a8d-9151-19b5c0d289c7","153205078"
"7200b2b9-0884-40f5-bd6b-1d3ef4210c30","49749293"
"1b898a92-6d62-4ba0-9a93-22d40aeb6b97","2385671"
"d99b63b6-81c5-4dca-9281-e7783203aa47","2593380"
"2fc60b09-a675-4f9a-9539-f9589aca22f4","1449706082"
"d0c12bb4-22aa-4e87-bba6-2be8d80d0b05","2260795582"
"989256b1-aa27-4e5b-bd6b-195815d85ae2","2122859333"
"f9d113d4-c398-4d1f-b813-262a0dc43670","2269717986"
"c8e46570-3023-4221-a10a-590ac47b663a","2266777612"
"56305f3b-c396-4178-addf-75e8236e646b","2269467374"
"5efe307e-606a-41ff-a01b-dd8cd55cf5a4","2148743796"
"a70d6976-e902-4640-b550-59e473df5d66","2113736289"
"5cf53b5a-e0a8-478b-910f-0626a355f1c7","2269734346"
"0122ce68-1ae6-4df7-a035-c86e913ee64b","113020763"
"e60727e3-e7c3-4c44-8ad0-29e756db6d8e","1762477"
"8f18c636-f599-407c-a4f5-f38cf79fa90c","151068101"
"e2d7028c-cc12-4b93-942c-f613d74a90c9","144973885"
"35f4a1dc-7d85-4e93-901e-57daa235d376","49138095"
"1fbb24ab-d194-4f61-a6ac-da9b4ffd9736","143962137"
"bf5b457b-14a5-4985-b1ca-76a1332f0286","2181029480"
"95d75337-e6c2-42f5-ad49-387847a0ceeb","3401685"
"5394744e-f846-4e27-a6d7-064541dd7cf4","19248936"
"bc830e8e-b553-4733-ac7f-fa027d6f2f43","2133874725"
"14a7e6cb-accd-41fc-93e2-cfdad5d207bf","153788834"
"32deb0ef-4663-4599-901c-8d02a2800283","2252103"
"d5d6c5df-c13c-4ce9-b78a-5f7a8ba47f42","2075305258"
"d19f4e1e-9eac-4740-997d-9962c5c8f078","2110787953"
"13db6eab-09e4-4dbc-b6dc-57ad2e9b9893","7147418"
"808afb62-e828-4d16-ada3-47f3bfdce515","2071256474"
"44afaacd-b18f-4869-9281-fea87355a426","2005598251"
"f8b8e5f4-7e6b-46cd-b043-a8d7bdbd46bd","2148697851"
"949552a4-9900-4057-b966-16bd0d70d88e","46549091"
"60932560-0c0a-4660-ac64-32266303be12","2110761762"
"636fe79b-5093-4cdf-955d-5d1461f7ff2e","2219021"
"039e36d9-d6a6-4088-9567-90d27695d34e","2254586663"
"a3f4280f-4eca-4230-b46d-009c921b17f9","2254597150"
"af57a6ad-e470-481b-a1d0-16116bcdb49f","52137323"
"49b72218-ad3a-46fd-9989-410dbede8a1b","1719423"
"852eb3b1-b1dd-4ef8-9ab7-8cdaaf9d166b","1700852"
"fa9f03ed-b8c7-403c-bc91-e292c5e7ac4f","2202315326"
"b2f94c02-9d60-4d16-8b39-56f7d40fea6d","2148715978"
"28726eba-7ece-49dc-82b5-3bd25faf011f","2324222"
"45a182a1-724d-4612-8954-813aef3750a1","144950174"
"eae31703-2985-49a4-9934-75160a407f13","1791277"
"43197bb3-0572-4cce-853b-5ceaf8feb09b","1417029368"
"a0435e6c-dad6-4c72-9186-31389a412024","9141797"
"957f07ef-42b2-4478-9895-bb5fe606e736","2040002"
"68d7e4d3-4730-43d0-ab8f-8a08db9321fe","50741050"
"e7358aed-91ec-417f-b32b-07d2b08c61c0","2064608956"
"c559e295-79b9-43cc-b957-3b629127a6fe","47634490"
"c0349fea-79ca-4c56-a933-fc6dc304476d","2244300702"
"20ed8bc9-d067-4377-97cc-ad0ffe83a1b4","2201036637"
"5323aa2c-1793-4e10-b6e9-90813cefe7ef","2120826667"
"983609db-9020-4239-a721-023a9742708a","2145466263"
"4deef6e9-cd0a-452f-b4f8-8a6c4a4198f8","1572495985"
"9e4d3bf5-8c26-4c0a-ac3b-c3de5fe20775","73534036"
"0290b779-7a5f-419a-a50a-b33b5b43e5b9","103634587"
"b20c8d5d-cb50-4369-92ce-fd437d7be143","9336195"
"b054b3fe-d974-480b-8bc7-0d1b2d8bce58","2153609409"
"26556ac2-4f55-443b-af4d-a24724af91a6","5442197"
"244c3797-88ae-4684-a4c6-1f8de8f8e8e2","2217339966"
"45ae83e7-5c16-4930-9641-0d8b80a06a82","145472868"
"310b58a0-4e52-42e5-a911-0b006dd2ad53","2110751527"
"a33e7789-30d4-4d64-bf9d-c4e3d5c54a9b","2240862636"
"c6a92530-b94e-4456-9972-bdbf12fb60cd","9124849"
"f9fc5927-b144-470b-8cf2-4353c4c6451e","70621259"
"b0862034-e09a-4211-bbde-2036db0d593e","2260504921"
"2765cc93-5e85-4d50-90b4-8044e17476df","2238255810"
"a53cb9f9-7cdd-4a36-ab2f-e70e7269284c","2056697592"
"c08e0fe9-1000-4d8c-991b-2809b4b77d17","2243362088"
"e21f41bb-5f50-438f-97af-a9e0ab0a937f","2165601304"
"b6dc6226-70dc-4a28-b726-b363994e2f7d","1685858"
"f91a118b-f34c-477d-999b-76c304f63131","2110427386"
"2d8f19dc-f950-4cc3-9b72-3025c22bdd26","2148954913"
"b097a354-df7a-43ed-83c8-e22bf67ae146","8065748"
"5667dae5-41c0-4554-95f0-0766e4560ce1","40360182"
"bc3e0727-83ee-43eb-9163-e9a8b1925aa0","2118579988"
"5066fa20-00f2-4eff-afb4-98cac873bccf","2149199659"
"2c4bc25b-5462-487b-a006-095e5527fa28","2187705781"
"45ddf4bf-48a8-430b-b7b2-8428f28297cc","150345455"
"10ea1815-9771-4286-bf11-1e99b074f3a5","6334586"
"d5e09b13-f5ee-4e78-af16-161b6f81bcc5","2144098885"
"3594d739-71a5-40a7-ac64-5c3b7a83c448","2113723420"
"aecba418-3eaa-427a-b47d-9bf130969ee7","31191058"
"03663804-a714-4088-9515-133fd4b7400a","2029805"
"ea294f0d-5605-4468-8809-6606b0234d8a","50448142"
"25421ec2-974f-486c-a104-ee0fa18071a4","2149067964"
"7256c71a-b6f6-41e0-9baa-b4aa511ab126","2149067170"
"b45a5426-b50d-43e6-b25a-bc3b9c7093b6","2149068281"
"8bc5d55a-e1a9-4f72-a61e-e260938b8f0f","2079531078"
"b9a7f836-5647-41ad-9766-7ad623d7ceb3","2108879798"
"9e4d3bf5-8c26-4c0a-ac3b-c3de5fe20775","2184808592"
"3b449362-7048-494f-9364-82a73871e014","9198696"
"b609c43d-0626-4b20-ad86-e4ae81a22942","153872228"
"d64502d3-338d-40cf-a781-8885cbff544a","2155468197"
"1e30687e-f762-4ab8-9b34-bc212c56f530","2165957806"
"bdad68d3-8959-4462-8ebf-a417964d726f","2145440781"
"6c668289-fd37-4c5f-ac82-3e399e07fd30","2220588830"
"791dbd70-311d-4134-959c-eb38cc091399","1729335771"
"a1e5abf4-1e9e-4ef8-8ecf-53b1e1a5ecfc","6400205"
"23ac1829-4894-4547-8d8b-b98f8c178a2f","46478808"
"0840a416-28f4-4e07-b06a-49483657e07b","1736534"
"6156903a-6b0b-4e48-b625-7af8d9d3a188","1450701603"
"93c79076-2603-48c5-9368-7d8087d27cfb","27968756"
"f2f67eb9-b6cc-46a9-94f1-566b259797c1","2229988121"
"6915c481-9ec0-4c05-9335-e80fd850210b","2278022597"
"8134ee94-ad70-43cc-a9b6-29cfa81b73ca","2061160736"
"e73f4881-d741-4fe2-add8-caa5c2c5b95e","102607082"
"937ed8da-a0e3-4ca7-a6f4-c03136134a18","2065895313"
"92e22614-53fa-48ec-abf7-0e900d0f8063","1403344802"
"37033031-0ca4-45ff-adcc-96445cb98819","3033115"
"60571f21-db70-4d82-a214-a9070e727c8e","31002321"
"5c16c833-2e58-41d7-bce0-47557b3e7515","2143146928"
"b1d592ef-aa9a-43c6-b9b9-92668f461f7b","31762077"
"9badc506-daee-4f49-9118-27981cd7a36e","9149101"
"884aeace-0752-42b6-9b3a-9db43abe0fba","2074369"
"5fe7333d-a295-4197-ba3b-3c831bc3796a","1419514165"
"777fb252-eb74-41d3-a853-c7f370c2d905","38338224"
"1b2a64a8-4f07-4b60-abe2-a483082cfb81","97528687"
"7033c505-d09a-4b00-84ed-3525d929390c","2782126"
"c3f2c47b-d704-4166-b403-890859caf0ee","90865897"
"72812b3c-11eb-4339-b71d-688d52554d6b","1880238"
"67fa12aa-e125-4264-9ae1-7250e6c54ad8","1381930644"
"e428103e-8088-4f26-a601-75079162a7de","2079395475"
"173d9ce4-5666-47d8-97d4-c531706ef355","116743177"
"b4b6bb01-d301-4d13-8907-e306a5a4c74d","2079394424"
"f70f0d4d-b4ed-4657-b635-de8c6fe78916","2079393407"
"bdf09a27-1099-49ba-9e81-60ff24c82114","2108933747"
"5ed3249a-f65c-4582-bcfe-f7854f1ff701","1716254"
"815e3b4a-1c44-41d7-ab92-bdbd0d3c53e3","90638944"
"85627a86-4d33-48ac-8423-d6987a053ac8","97155219"
"8c5fbc37-6d46-4626-bb9b-c3a983c85c6e","101659037"
"6408dcde-eca5-4ffa-851c-048f9d23146c","1381383914"
"28175689-bba5-4c4b-80cd-5781f675a6ff","102585544"
"19b499d7-138b-4b52-aaf9-92d3af00a11f","3027937"
"7ffd5e4f-3122-41d1-b259-b1e7f0888248","22181946"
"9ab7c669-a9f7-4a96-a000-66c724e5221d","2257246102"
"ffe4d428-8641-4967-9aa1-7bd95e2d07d8","2257226102"
"90e2586c-3d1e-474e-9b4e-622343f5a8ad","2143266508"
"047176ff-3f78-41e5-868b-d93a79b73b8e","2292216300"
"8f228a4e-dc50-4cf2-b960-0cff423f02b7","2261544532"
"bf9d851c-0e60-4461-b2a3-7464b61c4347","1476824299"
"8ad7f2da-a93e-451b-a6d1-e1402dd1e3fb","152987460"
"ca8f2969-6b2a-4bb0-bd76-202ff12951f2","153337933"
"19b499d7-138b-4b52-aaf9-92d3af00a11f","2127368113"
"0d781165-2d72-4191-a102-77377c1ed824","2278422871"
"a8c7eefe-89bf-4bca-b354-1845a1a27f11","2313403"
"36be287e-add9-4d6e-b43b-0d51a6bb4ec0","2240278431"
"61f8c513-f283-410b-bbfc-1a0e626a931f","80367829"
"19b499d7-138b-4b52-aaf9-92d3af00a11f","1410028038"
"c5b8d14b-f98f-4ef6-bf01-d19d29fef1e0","49608483"
"02bb20fc-2c2e-4144-9991-7992317db2f5","153787366"
"b8d8bb36-cd1f-41f2-9250-12aa5c03e8d7","2139668697"
"dbb921ff-13b0-4254-9f81-e0dc61ecc87c","2110350300"
"308930aa-0365-4e67-b855-c3c11069625a","2096140"
"2e0b6b42-d60d-48e6-8bab-362cf6953a3c","11044022"
"765d969c-5f22-4ac5-9396-8ac7ae2adff8","2002541"
"cfaa10eb-c3f2-430c-b0d3-665517abafb2","48692318"
"a46d901d-b126-4a50-b6ae-bc3457257682","71062692"
"efcc1af8-0803-4f38-8aa1-e5a75ad5e05b","2108730372"
"e2e98e94-bc0b-4d62-821c-f27c5d0e350d","2108708972"
"da3dfbb3-aeb4-4a75-b42d-f53d494c242b","2115838008"
"14b50ba8-803d-42ed-a849-442981c0d9f7","2420711"
"15ebdab5-d2d1-4dea-b184-f5c7fd68b4b5","2108194063"
"cc504107-7012-46b3-b8b0-75ccbf02b4e4","1814621253"
"22087695-1b89-4e20-bc8f-69a6bf03d8ab","97866433"
"f70f0d4d-b4ed-4657-b635-de8c6fe78916","151173209"
"66b2cc84-9724-43df-9ef9-5ef2bf43fb15","2128201574"
"ddab6052-e940-46f5-a82c-18e0b16675ed","46868219"
"48c41ed0-ae33-41ab-82f2-fff5feda81ee","49441105"
"6849ec8f-612c-4930-a8e4-8767165ee3bb","2068910096"
"32ddaaed-7a48-4189-a4fc-bfd933819f25","2155701146"
"37c7d736-00f5-4afc-810e-575bd568382a","2155613928"
"efd68748-21ac-43a5-9424-ad7426ab2d3a","2153198826"
"2886ae0a-6816-4210-b9f2-928c74be36ac","2108659718"
"8a788297-c700-4824-90dc-3de0ed4c2bc6","144303180"
"a14fb5d2-c82d-4bda-8196-0def807a1a24","69911871"
"65a52512-a363-499f-ac51-62362ca3368b","11918567"
"541bb951-0174-4544-8018-44a212e2719b","143755577"
"09f20898-5a10-4996-a689-67773eeb3c5c","145880060"
"755ff15c-6ab7-4675-bfc8-72c8b3ab1938","2111039083"
"9da05f66-ee15-43c7-a3c9-d909a35f9b39","2036993862"
"c3515e2f-a96b-4305-b557-25ee3886b248","2508981"
"81e4d003-c67b-4e84-bfdc-7dba1c08a6e0","144824548"
"65cfe45a-3290-4ef1-be43-068b4b4dbef6","2046499305"
"4e0f63c2-9910-4225-9fd4-c980293593cd","29883295"
"8048651e-6ba5-4dad-9580-a5ff703ec69b","2161379883"
"c0a70ef5-9868-4b25-ac32-ff4ebb9f1ed5","113935304"
"86a8f0c8-0c9a-4682-b9e8-f16b76f465c7","97567344"
"96dc827f-34ad-4fae-8609-4b81b36ed897","94556177"
"777bf6df-e246-439e-b8c5-5818c329cc4b","2154709951"
"89ed204c-02d7-4c4f-9de1-7dc2b30dbf4b","51088285"
"be249010-5f35-40c2-b397-7284b2136606","46874102"
"509418ca-42e1-4f8d-8679-6efd53cfc08b","2047396196"
"ef0197f9-50f4-4f4b-ab8b-291f9e5ff1e1","1573052981"
"00a38831-58b5-464f-bb70-467fe0ae7ddf","2219889295"
"fd7ab2d0-0fa2-4dc1-b5cb-c141e4653787","2167793944"
"ea632979-42ab-45f9-b0f9-de9fea8f2088","2280438005"
"b2ac072f-46f3-4fd5-a135-7a166c9e92bf","2280760247"
"173d9ce4-5666-47d8-97d4-c531706ef355","143836180"
"1c1c8924-3dd5-407f-848b-6019a08d332e","2237874661"
"e5a90dc9-0fb6-4b25-be78-eb7b9c7ba660","2244310300"
"54735f7d-12ad-4518-b442-888fbf7c7633","2244599471"
"344dcf60-7180-407a-a8c0-c37d2fca3b41","2244291313"
"acab6de3-b0aa-4add-8f67-efa0c182dc89","2114124287"
"0a2b4b69-d94b-47dd-b2dd-21716c72dbd3","46315678"
"a3f4280f-4eca-4230-b46d-009c921b17f9","47905599"
"bf9d851c-0e60-4461-b2a3-7464b61c4347","2128077758"
"5d30c1c2-31d3-4622-872c-cb886d994ba3","2148896317"
"d81b7133-dc8a-40d3-aa6a-2546da619cce","2072590105"
"1fdf96c5-5636-411b-906e-d170822b34af","143711381"
"0837a849-bae9-4a81-8c1b-2e734b61925b","2155686911"
"1d67304b-b961-4528-a432-4d805011e413","2109663598"
"e5ac1dfe-60a2-43dd-8f8a-e65c55efc069","2150069386"
"9c8bb499-c25d-497a-aeb8-b1fe9bb666b4","2267183209"
"2c19b144-6339-4357-850b-79c049ea78c7","2262835433"
"7d32c9fe-b27d-4fe1-b5cc-3edcde26ae7a","2016279740"
"d4465269-7598-4436-a594-24f0b9f22353","2141510311"
"1297d4aa-84e7-492f-a903-e035b1e90f65","2663093"
"4deef6e9-cd0a-452f-b4f8-8a6c4a4198f8","9188128"
"7949116a-f004-4e67-b784-8938b4edbf15","2158473254"
"f725f2ac-32ff-489e-abda-68540a397bc5","38292399"
"d340bbc8-079a-46d4-bb13-6919676cc741","1742435088"
"ca684e6e-f2ae-46bd-94a7-4c772cef2990","2145990070"
"7bcac876-9d8d-4eeb-b2c8-e7c7a7a8b29d","146532522"
"3b5f08c5-52f8-45c4-80ee-52f4adaa9de9","2087453468"
"c2f7c8d9-7d11-4777-9387-b458dc42203b","2123465316"
"32d0530f-16e3-4504-a8ae-299b00391253","96530676"
"22828562-193b-44fe-bc55-947b3841f26c","12755622"
"ea294f0d-5605-4468-8809-6606b0234d8a","46241001"
"2d325bee-5da8-49a0-9630-dbd861064afb","2116578269"
"a0a05a51-94df-4782-b3c5-bf42b83917d4","1390487896"
"c581fe5f-48ee-4445-b9ec-5a132038d18e","49843057"
"ef0197f9-50f4-4f4b-ab8b-291f9e5ff1e1","40442314"
"4e071346-4a26-4599-b132-f3eff7f00c0d","2066729785"
"baba7373-63ea-4748-b5de-08b900e704cb","2143835875"
"a53cb9f9-7cdd-4a36-ab2f-e70e7269284c","49572389"
"dd0764ff-fcd3-4cc4-9577-44ae1cf2c73d","2150441068"
"fd550e97-f635-40a0-b98a-159f0f048763","2155385163"
"23ac1829-4894-4547-8d8b-b98f8c178a2f","37199474"
"3b5f08c5-52f8-45c4-80ee-52f4adaa9de9","1766775"
"d34d9747-8034-4966-b162-3e653c8b719e","1707870"
"1952ba54-2cda-4a99-8770-d509b12337f8","2254284124"
"18595c95-5e92-4c80-b67f-789dee7c02ba","1777110"
"eafc1300-9b78-4f4c-b8b9-0e7a16e9979a","2118511295"
"c8b751fd-59b1-49f7-b5c6-00d7d7439834","1845914905"
"c43ac352-c61a-4dd3-846b-dd0b5382955a","143918589"
"b0f75bf0-2a5b-4b20-9939-d2438deead8a","2688023"
"f9091fab-f8ab-4e6b-9546-a5f7f0d635c2","2429345"
"91b1ebdb-aa01-4344-a4d2-30cf053b1bf1","35196318"
"187f03dd-6a08-4180-a5af-d5e2280fe1ca","8520427"
"e7185308-26f6-4ea6-9743-a28e8df08c7a","101853443"
"541bb951-0174-4544-8018-44a212e2719b","2482097"
"8cf2e314-2b10-40d2-8a01-33a0831d31b6","2101402717"
"fa21e306-fb39-4343-953a-fbd5ff8a75ae","2425301"
"77b8ae30-0c48-4428-9fa8-32a4010eccd5","39437003"
"3206c105-9553-475e-8cb6-1358e2188329","47659960"
"4dabf506-5202-404f-ab59-c7f5d25e53d0","2168865877"
"e703392f-7c62-42d8-a246-df40dcb75ae2","69339722"
"aacbf274-9dcf-459d-ae61-8a9c4a7d0a12","33767925"
"f3479006-19a0-4f86-915c-bed6c2d0330c","144727211"
"ef25de20-ef4f-49cf-8e67-b9b972936aaa","32659859"
"004b4db7-1b09-45b8-821e-a104f66d5cef","2151115559"
"4b9c16c1-8e4a-4095-b740-54d7e48501c1","34093748"
"0a22df9f-ff8a-4dd1-ac3b-10b59a692db4","101607732"
"557f92c3-8807-4b55-b452-ae51b4bb5e54","2168867411"
"6e2ad621-ec6e-4d14-9b07-2cfd31ca061b","95605401"
"219d70b4-25da-4730-948e-bf97a3254ead","31289239"
"667a88cb-51c9-4af7-8800-4b22282833d1","153070809"
"1042d2c5-61f0-441e-88e4-e29b7394d709","38087792"
"0290b779-7a5f-419a-a50a-b33b5b43e5b9","2152122580"
"e55f739c-bb51-4636-8d60-66fb833ec526","46400992"
"34f0ce06-a8c1-4146-86ce-b35664995484","2153414045"
"d7b7b5e9-0190-4a37-a2e7-e137e8aea05a","9389321"
"ab2c4e7b-afea-4cbb-874c-a5c7a0b8943c","2263692710"
"a6e343e9-11dd-4236-a3c0-74d747a2696a","2151270545"
"3b2466a8-4787-4d74-bdc1-7b2cd22f549b","2202370877"
"d4ec329a-2204-4f35-9ad3-3a26a363dbb9","36080174"
"0c1b4479-00ca-4665-8271-7262caf417c4","2084643230"
"92bc90aa-4704-4002-852c-ca32f56bc3c2","2155261711"
"59885580-669e-4281-84c9-f60bb3fd5ac7","2145578491"
"c7adcdcc-bf9d-47bb-80d7-ec1a26a01b55","1745001"
"685d58a7-e135-452c-b3d1-c5c6d698eb14","145459504"
"52807a2b-7a9b-483a-975f-0474430b4f76","2258988"
"cd87cc45-d56f-4422-9911-77a052525468","67152755"
"54977770-b8a9-4039-b2ce-67ca3274f8d0","1976548"
"52260955-d292-4441-b567-93574baa6eef","28258832"
"938df3e8-429e-427b-a7a5-b3912a5fd28f","2934928"
"19795eb1-f91b-4b70-8cb5-307def91f13b","74952439"
"0485e207-0cfc-4925-bb85-ac1259e4354d","101481730"
"be0232c1-3db4-48b9-936a-8363e0ca19a0","2761172"
"49a7f838-e4df-45c1-82de-abee3ef8c158","1706485"
"dd0cfbb9-11d5-4a4d-be90-15dd6bac9e6b","2131370616"
"1f4d7102-4ac8-48fa-a047-95c573d9737d","48594752"
"3e72cc58-2367-4d4f-b72f-d970115cbf0e","30991011"
"773c7b02-0a7b-404d-80ea-bcc8d418fd81","50375128"
"4d99c22e-4575-4178-a9d8-86a19d0bdc5c","145771685"
"993c1522-616e-486f-913e-ca3499eb1f69","46507139"
"160710b8-a158-4b56-9c6f-ebee5ac220d5","2140086"
"0837a849-bae9-4a81-8c1b-2e734b61925b","46296898"
"84a0367b-1f72-4902-a7bf-cdcceab27bb0","2004812050"
"ca8f2969-6b2a-4bb0-bd76-202ff12951f2","2152581577"
"9647e7c1-3a18-42a4-9d39-560d82ae44e3","51051086"
"85772a26-394b-4b54-8a99-a9250af5625d","3159917"
"aeeb309a-cdb0-4c42-b8ed-3e9c48ea8caa","49724492"
"777fb252-eb74-41d3-a853-c7f370c2d905","35249894"
"7b7a89f9-b5ba-4e4c-9129-f3b0424ae49e","2147410602"
"5e0916a0-0488-4aa7-8e42-b833d40d6c83","20631844"
"1550fe1c-d777-4728-8b78-0725024fd9a2","144021887"
"6b99fe53-175f-4e82-8374-9ce898e8387d","2146240770"
"85772a26-394b-4b54-8a99-a9250af5625d","3135049"
"3c89d9a2-bf18-4934-9673-d293bce32b77","145544641"
"009855b9-2303-4af6-a806-316a42d1277e","2153209598"
"0837a849-bae9-4a81-8c1b-2e734b61925b","2117966572"
"1e803459-34bb-408f-a584-82a9130e1875","1478332125"
"a6187b98-3020-44cc-9c24-2647f227497d","2425549"
"d6f506af-3850-4c97-ba3c-d4e452d46b71","2111855324"
"f4d7bb4c-2474-408f-82ec-0faf57153fdf","2115507295"
"32ddaaed-7a48-4189-a4fc-bfd933819f25","9438882"
"e3a58ee6-3826-473e-b481-6dcc22671cfa","143678217"
"759fd460-c3a3-43ed-8ebd-393013404a55","3393184"
"97319606-bb60-41dc-bee0-4df229df4241","112858849"
"c87a848e-4040-4f4e-8645-b56e570eef63","2398922"
"9b215cd2-1a1c-448d-b735-aa11bd373f8e","2055747796"
"7d0bf9f2-fe6a-4cfb-b1dc-a4af038ae299","2113203324"
"c8e46570-3023-4221-a10a-590ac47b663a","1878746433"
"1fbf8b49-b8ce-4fc4-ac46-9fc86c99e4d5","46872063"
"d96bc873-8d46-46db-96c7-f09d9cda3fe9","2762989"
"e6c1c4ef-a8b8-4de6-9876-0b612d7e8c2c","28294043"
"640ebb16-1eb3-4d56-a7e2-884ebb6113f5","93448009"
"218bd4ef-09aa-4018-865b-01b215b8cc76","2118381866"
"2252c990-f349-47c4-b4a7-463949d2c291","2115884351"
"20d87ad0-540e-4138-824d-ae2c58500e03","2060346504"
"3e8e43a3-17f8-4ea9-b47d-eb9822476bd2","1771551"
"98176db8-fa40-4994-b854-e71fa2d5f1e0","2510497"
"dfbb3d8c-48c2-4a22-82f4-ce222f4ac699","50190953"
"48e49a33-1abe-4e92-b0ea-f29ee3501457","88726420"
"037cdb31-1d00-4bf0-ab70-848a499417f6","2108567223"
"2d350e28-4251-4376-b960-d2cc946b0a5b","1788936"
"c9dfcea4-d7a9-4a50-8b92-38897e0d96b6","2143477085"
"ced68648-cce8-4ce9-bdf7-8366a2bb285b","50346846"
"9d2ae732-f741-496f-b316-5afa822d7a59","2068344760"
"3b449362-7048-494f-9364-82a73871e014","2068215449"
"bfe0a740-380c-4f4e-8b98-4dab482d968c","49420397"
"e75999dc-1277-4c85-a92e-36a82bd29f3d","101157514"
"ec9f63df-fa80-4fed-98e5-65857f1ff238","2144391643"
"d5519049-a496-4063-97fc-a9cc19e0648a","2112410276"
"fa9f03ed-b8c7-403c-bc91-e292c5e7ac4f","1390427634"
"6656b84e-6444-4be1-aa7a-ef5f820a4b70","7576074"
"7ac31587-0ee1-455b-9b11-d05a63f3ca08","39733319"
"c6d863e0-28dc-4c9f-9bce-6b5956e3123a","2108635892"
"08b9a236-d194-4579-9522-ed5146933d9e","2152601995"
"cfaa10eb-c3f2-430c-b0d3-665517abafb2","145899488"
"0a4040d7-78f4-4ccf-8835-b9d6be5671f5","102132016"
"9ec624de-1b75-478a-a4b8-7cd9fd5395a7","9294818"
"92813c6b-31e8-4c1e-a82c-6bfb525be3e9","145147421"
"28e6b3c3-ba35-4a35-8870-284555d5dd42","2055037188"
"18a2933d-82cb-435f-8206-ae2dee33d5cf","49293094"
"58589fa5-9717-4421-9923-935d88cc6f6f","2126213428"
"ed74590a-0ccf-4374-94f3-709b5ba98f78","2071037"
"83462266-3230-4dd5-a7e5-8e92a645c371","3039690"
"10f20eae-4a4c-4aec-8492-d0e475e21f9c","2236578652"
"5faa444e-b5ab-4e66-85c0-483c2b974558","35788299"
"cb4c98e2-837e-4041-b069-187dbe833f17","92583621"
"bcd0bc89-1854-44c4-a214-ac760da2eb6d","72184696"
"640ebb16-1eb3-4d56-a7e2-884ebb6113f5","2245903"
"148d31cd-6efb-406f-aa00-9e1d71637cda","2118284889"
"f9d113d4-c398-4d1f-b813-262a0dc43670","2132133949"
"e6806374-3287-4970-b059-8fab548e7fe4","2113486046"
"d437d960-2b1a-496e-a8f1-8c781d486a81","47769522"
"77d6bbe0-7b91-4869-b890-ff36ce8d2f2d","35095517"
"c58d9785-99b5-40ee-951f-5dd39cc2e5b1","49167830"
"3cc4e030-f886-4742-a333-98545084c561","2143579321"
"8718662f-f440-49bb-bae5-36754ee3c196","1384679865"
"a2add6d9-5c8a-44a9-9d43-0856616da9f2","48094387"
"0831bda9-67e3-4833-af55-6e9628bab55a","2109538076"
"2df41d37-6b14-4107-9906-0e87fef16755","2466372"
"0e7abaa4-7347-4cac-899e-3e4ddcdc3c0d","47743530"
"cd87cc45-d56f-4422-9911-77a052525468","49270131"
"c7d47c92-044f-4f0f-bfaa-c4eb9183f36d","1996213521"
"314dd809-af81-413d-8d3e-32b7dd91e455","2161762659"
"26556ac2-4f55-443b-af4d-a24724af91a6","2274304425"
"beb89082-96ac-4ef3-aaef-83e7467fa9ec","2193907518"
"a9f5ceff-4f4b-471e-8b40-e94bd96d2c82","2051696387"
"560e35a6-1ad8-42aa-a143-3987216bc090","9352375"
"6915c481-9ec0-4c05-9335-e80fd850210b","9378589"
"392d7582-14d7-4603-802e-41489a8d4005","31772824"
"ef3e6e0b-1fb1-4cb8-b7cb-ceff8b01e4d0","36353323"
"a245964c-21d4-4fdd-8627-b2d6967d2951","2267958926"
"15950048-5c5e-40a2-93b0-26e15d00c6ae","2267965102"
"ccb1f5fc-d03d-4f84-9034-ce1f0c446df7","25631755"
"21302eca-0cdb-4f7d-8922-07270f297b03","145758527"
"1b91e46d-9c85-41d2-aae7-fbf0be3971d3","46205625"
"8bdb2d53-03ae-46e3-8c7b-8e78ff6372fd","2283052110"
"7bd8ca5c-50a9-4768-9c69-ae7bea2ce8ec","2283059815"
"35405e76-a26d-4045-9a73-618bc9989e91","2119108240"
"b0458139-ff77-4d79-8c89-ac74c87db5d8","2190019993"
"4da88e0d-4833-47f4-b169-e85f2f283ab4","48708022"
"42404282-172d-4c75-b90e-a9f5acc492dc","9431722"
"0fa200c8-dfd5-477b-81e9-94dfb3477387","2116514627"
"88e11221-7522-42bf-8875-3cf26ca22e3a","2875239"
"3e81690c-3a6e-4fd7-abe0-5633df3e9329","2120848168"
"6f139a71-a764-4479-a2e1-a3a59d05fda4","2051261283"
"bfcfa661-c98e-446a-a84a-1e567d2c7040","2107531995"
"d8ac5176-bc3d-4143-ab9b-fa60b3c1c975","2153494036"
"5cf53b5a-e0a8-478b-910f-0626a355f1c7","2151884736"
"0e7abaa4-7347-4cac-899e-3e4ddcdc3c0d","47524397"
"b39a5b3f-ba24-408f-a3f0-79ff34982155","145194158"
"5455d9b0-b4bb-40f6-95ea-2a812a857448","120444702"
"a2add6d9-5c8a-44a9-9d43-0856616da9f2","2805990"
"85fbba95-f601-461f-851b-e88e4395a6eb","74461340"
"8e15bb6d-1f9a-4d8c-99b0-366f20dcaba9","2652234"
"c736c3aa-363b-408f-aaab-0390c84d93d3","108328640"
"54735f7d-12ad-4518-b442-888fbf7c7633","2063042998"
"b8f7d925-ab9b-4d60-8bbd-9518d3b2da7e","2061597463"
"3d032de0-d81a-494e-a2ed-8e70c9d1bf3b","1399716310"
"4afef162-21a0-464f-82d0-7ad144f6d70c","9511905"
"720283fe-4a41-440f-9236-f051e9031b7c","1399691461"
"ff75d9d8-2d2a-439c-9d23-5044e5d37c64","143612763"
"ae029a92-1524-4c13-a993-102187f2a702","145944286"
"a54fe715-7be7-4beb-970a-37a42e485a14","3098648"
"5e7c69f7-b964-4627-b604-456971defd2c","2076814825"
"baac98fd-3b80-48eb-972b-8159ec66e78f","26513093"
"20dfd103-29e9-4a76-82e5-b3195492205e","152218024"
"1a3f646a-6e0d-4624-b6e8-612321ba3a65","3279732"
"05f03f5e-0bf2-4f3e-836b-9d33d10020d5","49369658"
"389a9605-c305-464d-9b47-d709e39923af","2056232319"
"e75999dc-1277-4c85-a92e-36a82bd29f3d","2056567625"
"1abe5555-9305-43a2-8c3a-8251909b39a8","102123539"
"ced68648-cce8-4ce9-bdf7-8366a2bb285b","147893090"
"68d7e4d3-4730-43d0-ab8f-8a08db9321fe","2319857"
"8d3e4e91-509a-433e-8c80-7072debaadd6","2021074885"
"f2bd7b5e-0cee-4682-b43a-0d5e71ab4fac","29567919"
"d4465269-7598-4436-a594-24f0b9f22353","47967556"
"e1bb59a1-039e-4e7b-8786-26bd27179e78","97779231"
"1d96677d-cd5e-4e36-9c11-93c40476d0d6","1387255841"
"15950048-5c5e-40a2-93b0-26e15d00c6ae","3163066"
"9770d6b8-f5eb-491e-a9a6-4a3949c4aa2c","2036751270"
"073d4adb-c410-4ad4-a72f-7f3290ba024c","17084892"
"667a88cb-51c9-4af7-8800-4b22282833d1","75025180"
"57b0ad4b-b46d-454e-b3c6-5bfb581b1d93","67334611"
"f014454f-7fb1-484e-8f6b-76d1352709d8","2116613296"
"2252c990-f349-47c4-b4a7-463949d2c291","2144526899"
"2da651fb-52ae-42df-ba86-4e4a0a7da158","2131048175"
"ced68648-cce8-4ce9-bdf7-8366a2bb285b","2205388865"
"38a6df52-378a-4c75-b860-970205e920c6","2110758912"
"e32df369-b91b-4c8a-9d23-fc1679d855f5","2226757164"
"cc0562e4-007a-4f20-b00a-9ead1d08f1e2","47305208"
"cc504107-7012-46b3-b8b0-75ccbf02b4e4","48673753"
"b26c2b7f-30a1-4217-a6c6-38d961e5f3e2","21594385"
"86a710e2-5960-493f-a87e-249dc3a6c70f","1491643710"
"2e7dd7ec-04fe-433b-af68-d8f47fbbe29c","2210271982"
"a11f906a-fdf0-4309-8935-e4ce239b64a1","80539375"
"5665607b-396a-4ec4-8e7f-22e396461252","2133411698"
"6849ec8f-612c-4930-a8e4-8767165ee3bb","3041209"
"c0349fea-79ca-4c56-a933-fc6dc304476d","9739326"
"1463a0a8-3cc0-4122-870a-79cb66d462f3","102912657"
"c8690a92-17c4-4bc3-975c-46e9b27d1dd0","1724027"
"9a33d1c8-c27f-42a9-957c-6dd42b544e59","49596277"
"d12ec33b-9802-42a7-927f-6065a80fc1fd","145039722"
"e77a8a52-0cf4-4cbb-ba1f-aa4eaa7e7abb","3427265"
"723b5af3-d2c0-4ca7-9410-8c7b5fa57060","8352937"
"2f9baaff-2685-4dc1-956d-8c786b5257f9","2108834623"
"808afb62-e828-4d16-ada3-47f3bfdce515","49811370"
"7497ecb6-91d9-473e-a13d-e9414935a7bd","40417509"
"a54fe715-7be7-4beb-970a-37a42e485a14","72500842"
"5066fa20-00f2-4eff-afb4-98cac873bccf","49724291"
"06ab5d2b-7d08-4216-b12a-5d8775f20037","144164018"
"da11502c-73ec-4039-ae9c-407add798724","52154154"
"11dae412-159e-443d-bdb7-f123dc8cafe3","2144715749"
"9ec624de-1b75-478a-a4b8-7cd9fd5395a7","1725909"
"544acfd1-81ca-41e0-a83a-b1eb1f201645","2387108"
"b05d0bf5-ca1b-4d56-8fe8-34418891e999","145061088"
"566425ec-189c-4a9e-bd35-a51a3c2e229d","2109011839"
"38f157cc-5f21-4a27-a502-3d42d63a5247","2115242715"
"56305f3b-c396-4178-addf-75e8236e646b","8973704"
"a8c53ea5-a1c7-4f82-be53-ef8290f2b97b","2035270"
"c8e46570-3023-4221-a10a-590ac47b663a","2108591902"
"fe7eb17c-911f-43c3-b813-3730c99699c5","1453878215"
"f78134b0-776d-4ac3-b836-d677a74a37f4","2127765483"
"49e4e163-f98e-46cb-a580-00f0f11696f0","40661164"
"0a9a8b81-d3f8-4be9-b33c-dcb7e4ca2546","9332938"
"270a2de1-b6d7-45aa-8994-7db802f86355","1928242"
"a314edfa-738f-443f-9117-ab2f70818f3d","98897169"
"3d553bc5-f69a-4a0f-9716-844b824606be","143681254"
"7a556c58-b6b3-433d-a902-7782bb0f4a89","46200477"
"19e2c009-5fc8-4990-a353-03a572aeaf2a","2276492806"
"989256b1-aa27-4e5b-bd6b-195815d85ae2","40316055"
"723b5af3-d2c0-4ca7-9410-8c7b5fa57060","145511894"
"0f0ee860-8d19-4d9e-a08f-8ee5b19c7b44","1588107866"
"a1870464-3839-4b33-be1e-f77240783ade","9080033"
"afecdc5f-4eed-48d2-ab7b-ae9f5f56a401","84266926"
"6b99fe53-175f-4e82-8374-9ce898e8387d","47449857"
"bf5374ee-71f0-4242-8749-b1ef08869429","1392433110"
"a666338e-a43d-49ac-b915-6ec4509c36d8","48117772"
"173d9ce4-5666-47d8-97d4-c531706ef355","1773202"
"ebcbf375-887c-4815-9928-79fd24432e6e","98294196"
"a71bca17-81fc-4ddf-ae9f-6a871ae038f0","1516373676"
"7d006b9e-d9c5-48e0-a02f-e3492bb1320b","2145746142"
"38b97f04-e4a5-411e-83e2-4201c0c2d2d7","1763566"
"a44039de-57fb-4d87-b9f4-375a153ab4cc","46798822"
"faf95f64-79a2-456b-8402-36b2a37f94d8","3183957"
"1936d895-0a74-48ad-94e5-3c366b3bccb9","145924466"
"4d066282-ced3-4cd2-a3af-8940d09fb25e","2718727"
"e703392f-7c62-42d8-a246-df40dcb75ae2","51040736"
"d6f506af-3850-4c97-ba3c-d4e452d46b71","2088264711"
"16fb80d4-ab01-426b-a241-44c526722f26","51044610"
"0712526d-a1be-4221-86b3-fa8d1f31d902","87766474"
"caca7221-6459-4335-9b6d-0edf89b45730","48108775"
"5e721139-8043-4576-af09-1140105f37ee","47875230"
"f4cc456b-7270-415c-9b99-9bc2d7f907a7","1730227"
"0cf099a8-231c-44c9-958b-2a0c6d65b107","104538822"
"8a4cdc41-cc77-46b0-8e78-693b3cf53d19","1395611390"
"d92c80da-af93-4e6a-915a-ed38bfca5517","2103417311"
"0234079b-3ccd-4f21-a096-50c357d3d64f","2102257270"
"38d54631-a3b6-4d52-a590-a5caedf73480","101971346"
"290eb151-f75e-45bd-b2a9-a526be4ef888","2088979913"
"791dbd70-311d-4134-959c-eb38cc091399","2224963100"
"19adc6cc-c5d8-4aef-917a-51aaf55afe21","1831115974"
"0290b779-7a5f-419a-a50a-b33b5b43e5b9","47761629"
"039e36d9-d6a6-4088-9567-90d27695d34e","151245628"
"44758ae3-b784-4090-af7e-0d7e92c9f39d","98220605"
"6e029c34-4a01-4d03-8f8f-01831d8a9eb1","2108446333"
"073d4adb-c410-4ad4-a72f-7f3290ba024c","153457677"
"52260955-d292-4441-b567-93574baa6eef","153116596"
"be249010-5f35-40c2-b397-7284b2136606","2058400453"
"6b742206-8188-4734-a3a7-4882bc9c76e9","2112330"
"6c7e6c80-3b65-48b9-8b7a-6ae3684ac1eb","3092538"
"2d96f7b0-c0ae-48eb-8f0b-55b3f052d488","34929667"
"53cbceaf-074c-4ed3-a863-d936732c4eda","1953808"
"1265bc3d-3284-43cf-9e95-d7468cfe5228","2064132018"
"f5dd9341-c2bb-437e-80d6-cf39a33fd4fb","144235212"
"ce5ceb57-85b3-40d7-9559-112d79e6a3fe","100880707"
"e3503683-c509-49c7-ad6c-2eb5b15b2e2e","9625117"
"85627a86-4d33-48ac-8423-d6987a053ac8","2152803402"
"24a3908b-6545-419e-a49d-aab7249b9243","144333297"
"2252c990-f349-47c4-b4a7-463949d2c291","152362984"
"59072f88-4cfb-4ae4-b87d-9fde38b94457","101175397"
"745cbc3d-e522-4fee-b2be-1983393949f6","144484398"
"00c3f6b2-41a2-4548-9057-93c75c5b820a","2098239419"
"7ac31587-0ee1-455b-9b11-d05a63f3ca08","51935535"
"3d97a45f-7891-4947-92a2-5b995a1d67cc","2075538999"
"f14c48ac-8ba9-42f1-a30e-0a402c24a8d5","9718596"
"877987af-b29f-4ef8-9315-4e4a1517baef","145690996"
"5cf53b5a-e0a8-478b-910f-0626a355f1c7","2053428011"
"69c39128-770e-471b-9d7b-9a8b73b23797","2969172"
"f4cc456b-7270-415c-9b99-9bc2d7f907a7","23105205"
"b097a354-df7a-43ed-83c8-e22bf67ae146","71669445"
"0142c62e-9ab2-42a5-94a4-15458dc31d9f","1582112501"
"4f0ce427-104c-4b9e-ae95-e5342ce82153","2239141023"
"e592f2d6-eff1-4d0b-8787-b8a148a40f72","2158826266"
"dddcce92-708f-4251-b2a4-f6d8fa197984","1677106228"
"0122ce68-1ae6-4df7-a035-c86e913ee64b","1486442887"
"1f3b8a7a-611e-4b6c-b282-59594bd1dbab","2128188933"
"e6add270-fa98-4d15-b524-aeab830ae533","46314486"
"51bbcaff-025c-4fb8-8d0f-aa5810ca143a","2117036866"
"39621ff9-6e4a-49fd-8c7c-1ab2a79f1ce1","35402450"
"18a9508e-a84f-443f-856b-3e3d6a08d0d3","1405458106"
"bde8d02f-b072-4e08-a2a8-81ee3aa5737e","145724627"
"c398657c-a6db-4531-9fa2-846930e807eb","8550121"
"248f3efc-5ecf-4980-873c-af7ba4e14db6","145559318"
"061463f5-8e01-47d6-b4e0-a6074d92db8d","48029938"
"2821ed8b-8b2b-49df-b1f3-be0b189c974e","51225521"
"0eb2021e-687e-4556-bed4-6d395273aff4","2066153146"
"83462266-3230-4dd5-a7e5-8e92a645c371","73615422"
"cce8ca1d-5c81-420b-8a56-44fc5a0132c9","2108683363"
"141ecdf6-b7cb-4246-8666-9029c78f412a","2058690"
"3b5f08c5-52f8-45c4-80ee-52f4adaa9de9","2128673618"
"13b9b58a-a067-4cc3-990c-a632eff0e6ac","152634581"
"e154ba23-06a4-4a04-bfc2-b7f455ea5ca9","2146253020"
"0a4040d7-78f4-4ccf-8835-b9d6be5671f5","2119566831"
"557f92c3-8807-4b55-b452-ae51b4bb5e54","9502366"
"809985d9-9743-4b0b-a3c9-91894d8a8b83","47452003"
"3af00d18-a764-404c-b079-05e70ce4c57c","2054525616"
"83462266-3230-4dd5-a7e5-8e92a645c371","31505222"
"b2339a1b-9932-4629-89e0-c1c9ccd010ac","143828252"
"7f25b6cf-8761-46ad-880a-caa75aac9373","1443797518"
"3d97a45f-7891-4947-92a2-5b995a1d67cc","145551866"
"3f2272cf-8a19-449b-a7be-2fb70a7405cc","2117976591"
"1f4d7102-4ac8-48fa-a047-95c573d9737d","2118525879"
"af88362f-74c2-431b-87e6-1660d7ba5e53","19604528"
"72812b3c-11eb-4339-b71d-688d52554d6b","153278742"
"7b30f8f3-47ac-4a9b-871b-0a7ff07fa0b6","145034508"
"e3dac46c-560d-4677-b70e-83578e0e9dd4","40549277"
"bec9fdaa-dcd5-438d-9849-050bb3271c6d","2064322484"
"19b31cf5-3be3-421c-ab84-bc0227effb4f","96141606"
"4deef6e9-cd0a-452f-b4f8-8a6c4a4198f8","1702796"
"3fcb2f6a-4d69-4bfb-a0ac-ca3262f92c70","145280893"
"773c7b02-0a7b-404d-80ea-bcc8d418fd81","2153116673"
"0f3c8c53-392b-4d47-af01-4e7fdf3e2776","2188402630"
"3a23af28-f92a-40bf-ad49-2c8c851c0124","2158939882"
"02411050-673e-45ff-b399-d02b053fddcf","2158940071"
"85fbba95-f601-461f-851b-e88e4395a6eb","2211504965"
"88e11221-7522-42bf-8875-3cf26ca22e3a","2815996"
"28c2bf44-b191-4503-b1cc-e042fd7aeef5","2118265113"
"36797598-f9a3-41a7-9a44-db73540248f6","2128480380"
"9a05f674-d50c-4d0a-853a-8ac38cd635ad","92015504"
"5e721139-8043-4576-af09-1140105f37ee","2153932722"
"87a2548b-d853-499f-8761-669c9226cb5a","1435504830"
"765d969c-5f22-4ac5-9396-8ac7ae2adff8","1742179"
"f70f0d4d-b4ed-4657-b635-de8c6fe78916","2066389170"
"ef1b596c-0a27-4644-93fd-724d57ffcac2","2109571779"
"4afa29c1-2b6c-45e9-8632-f1f9b2eeef06","145692321"
"640ebb16-1eb3-4d56-a7e2-884ebb6113f5","6034075"
"1463a0a8-3cc0-4122-870a-79cb66d462f3","1828775594"
"58ef07da-af52-4919-a859-094a0db74c88","2060052225"
"603bc822-95db-4f44-a6d4-b36222d5712a","47283548"
"4b0a0c63-3011-417f-8843-74518e85fbf0","46480985"
"2e092200-f711-4c10-9f2e-6cf41a6498da","2035584620"
"70f29afa-b086-464d-a34b-03d1453c4c3f","40036680"
"b609c43d-0626-4b20-ad86-e4ae81a22942","96769080"
"95b3bd65-4bf5-4f23-b523-dd9476c29c48","3151497"
"68d7e4d3-4730-43d0-ab8f-8a08db9321fe","39891734"
"30fa20ea-3901-489a-bcd8-b10407d70a92","1772251"
"4b9c16c1-8e4a-4095-b740-54d7e48501c1","145468855"
"02a55eba-7ce1-4a70-b578-e7c613c1201f","39216174"
"3cecf6e5-f867-4c37-b4b2-3747aaacdc97","2987415"
"171cdadd-815b-4fa8-ae86-a093efc5f37b","2512932"
"53a5bf72-2d1e-4c21-b736-785b7e46c891","92639582"
"667a88cb-51c9-4af7-8800-4b22282833d1","2152902152"
"4f771911-317c-4cfb-a633-95a62a217c80","2159223035"
"bf5b457b-14a5-4985-b1ca-76a1332f0286","2000933920"
"64c083f3-81ba-4801-a7dd-0896e9d265f5","31399975"
"0122ce68-1ae6-4df7-a035-c86e913ee64b","91798736"
"25421ec2-974f-486c-a104-ee0fa18071a4","3200035"
"8af7b909-107d-4ac4-9ee5-893302cdfca5","2800361"
"0142c62e-9ab2-42a5-94a4-15458dc31d9f","2608989"
"60571f21-db70-4d82-a214-a9070e727c8e","48607282"
"44f3961e-37df-4739-8bb2-f4a3809da3a6","38228995"
"c1956598-1d7e-4870-b4b3-645ad0ad9bd9","2109739639"
"e21f41bb-5f50-438f-97af-a9e0ab0a937f","2110503035"
"fe01ee34-7762-42c7-9887-28f018f4dece","2107918454"
"49b72218-ad3a-46fd-9989-410dbede8a1b","2144098691"
"89da5d88-69ae-4377-929b-96095e491f0f","2031102827"
"03a4667a-27d4-403b-849f-10c0b8025afa","46439186"
"842a6dd4-e342-4af8-a9ac-481584b7ad2e","6588184"
"8a775c09-9133-4505-bb2f-9d09cd404b72","2109739493"
"07123a92-abb7-4d9b-8c0f-7bb81e7d139d","48495932"
"7f25b6cf-8761-46ad-880a-caa75aac9373","2446877"
"85ff33f1-ba9f-49b2-9ae2-cbd6f98427ba","2167923625"
"30fa20ea-3901-489a-bcd8-b10407d70a92","66618535"
"d55da8bc-77a7-4577-bc53-9563947f9536","145385682"
"640ebb16-1eb3-4d56-a7e2-884ebb6113f5","2128750804"
"1e41adcf-a0b3-492f-a172-b0bac71e738b","2108184737"
"f3f19716-6a4b-4b5d-b363-4c0ccda17ed7","1845946866"
"74f37f11-5081-4625-b1d0-8ef17bf304b1","2255133980"
"33e33a10-c262-49cc-940b-a4e883c1a623","2155100351"
"0a9a8b81-d3f8-4be9-b33c-dcb7e4ca2546","47153425"
"95fe8218-0ae7-4ca1-aa63-cd910bf0ba8d","2056454328"
"959fc020-be3f-4467-8964-688c5c5b306c","9693411"
"7c35261b-5705-4211-9302-16e147d7cb4f","46758714"
"0ce1d7ee-54c6-4bf0-8724-8355c69456ef","2173298600"
"80599d7a-7aee-4b67-a813-ff880461c41a","9345273"
"a494f674-c16c-4a86-8d8b-d247dbaee267","2082644419"
"a6cf6bdf-8c7a-4785-b2e7-7f6403f89737","2280780134"
"cd4c4279-529c-4d3b-aed8-da0cebb1632a","2059935327"
"0ab2f9a9-1de5-4c76-bf92-442ae942bb51","80192029"
"3fe06de2-71ac-43de-99e0-a708b903054d","73585465"
"d99b63b6-81c5-4dca-9281-e7783203aa47","2504312"
"815e3b4a-1c44-41d7-ab92-bdbd0d3c53e3","2053413926"
"0f257c5a-2204-430c-9e46-d33b7e4565e3","2093248936"
"ae910576-6795-4748-a9f7-2b9c54512638","1897655984"
"8dbd2a15-7b9a-4b2a-8924-635fcbe47432","66705564"
"765d969c-5f22-4ac5-9396-8ac7ae2adff8","2115892802"
"7ed7ef1a-c476-43fe-815f-d9f2c8b36ed6","66792822"
"09fef59b-2a52-4afd-a2f3-1e09cb0dc34c","10844229"
"d96bc873-8d46-46db-96c7-f09d9cda3fe9","2071381376"
"248f3efc-5ecf-4980-873c-af7ba4e14db6","2067492423"
"d8093bdf-d01f-4e4b-9b9a-959fef58279c","2117895153"
"959fc020-be3f-4467-8964-688c5c5b306c","103088112"
"c8a540fd-d211-4a39-9fa0-8030b5aeea32","3507591"
"17154118-953e-4c50-a71d-62a453088d05","83276057"
"a46d901d-b126-4a50-b6ae-bc3457257682","35688356"
"640ebb16-1eb3-4d56-a7e2-884ebb6113f5","2150606472"
"f666737e-37b5-40dd-b328-c97b8910f066","2011694354"
"5455d9b0-b4bb-40f6-95ea-2a812a857448","1382550601"
"488feabe-45fd-4c18-9090-1259a78a02d9","2154717768"
"3f81487f-d6e7-480b-ae2b-f53db11b8f6f","2145023935"
"ba17b3b2-af02-4a46-bddc-d2625b02eb0c","2280780136"
"f2f67eb9-b6cc-46a9-94f1-566b259797c1","100739399"
"47418196-c7e6-49f3-ba4f-21bc295b5289","144261802"
"65a52512-a363-499f-ac51-62362ca3368b","2188803208"
"92813c6b-31e8-4c1e-a82c-6bfb525be3e9","46913667"
"b6aae535-9c21-4d7e-9f8e-d538cb236a71","120674879"
"8c915872-00f9-4a26-abfe-19c188992107","48392936"
"b17e75cc-fd10-4d3d-870a-bfd830d8b8be","145746522"
"3b807ffa-1654-4e08-8d58-fdaae912d10c","39550119"
"f9659d39-f98b-4b9e-ac20-4cb187343a71","39210146"
"021b1b2c-46e2-4cce-a968-da8a387d32e9","31942227"
"b530be97-5133-4d15-b2d9-7369c0387463","2239252440"
"9647e7c1-3a18-42a4-9d39-560d82ae44e3","2239279905"
"d440967d-34ad-48e2-8d06-0ee16c9c6c09","98751882"
"b5185e1c-88eb-444c-b3d6-4e57db8ee922","144063463"
"427c9840-8e44-4b6e-b34a-7aed54b44a6f","1387433171"
"4afa29c1-2b6c-45e9-8632-f1f9b2eeef06","2109341976"
"b612888a-451a-4fd6-ad41-2d4b2d834904","9404277"
"338b17df-77da-4a99-9aad-c88ec8997ff1","2804323"
"8de351c7-7359-4bfe-8c84-50d861b77916","2155127254"
"09b6d765-c1a9-4e71-af52-3a495b0b9b52","2182004749"
"a43f7501-f6ca-48b5-a805-1fac52b420dc","1734164"
"1c1c8924-3dd5-407f-848b-6019a08d332e","2115434193"
"2e0e58d7-1cea-405a-a3fd-63ee9ed57585","1557343794"
"d440967d-34ad-48e2-8d06-0ee16c9c6c09","49594520"
"a53cb9f9-7cdd-4a36-ab2f-e70e7269284c","35599518"
"dfbb3d8c-48c2-4a22-82f4-ce222f4ac699","27033394"
"e9d6be55-673e-4b9d-9d79-9c1330a722a6","1453359422"
"572d4054-61b1-4bf1-9a5c-35a76210bfbd","41075681"
"e429dee7-821f-48ac-beb9-aa8720968344","2282016952"
"bfe0a740-380c-4f4e-8b98-4dab482d968c","47248942"
"b87bc18e-be9b-4059-9bd4-5bdb3ed464bf","1404441806"
"48dbf957-588f-47da-8862-16f00c7b669e","1770657"
"c7adcdcc-bf9d-47bb-80d7-ec1a26a01b55","3461254"
"416ce7f0-1e7e-45cb-8b2e-417262c8774d","30618199"
"5d12312f-e421-46e9-9b76-efa403ad0393","2499382"
"0838490d-c2f5-47f7-b3f4-51f574251a48","3366611"
"957f07ef-42b2-4478-9895-bb5fe606e736","1931544629"
"b352024b-4b33-45de-b371-e32f5890f87d","2108803278"
"ca746fb8-e2ea-4479-8806-ba760ad19287","30901482"
"a3e15fe5-7146-4186-8e7f-01223b76076d","2053225316"
"5faa444e-b5ab-4e66-85c0-483c2b974558","35424699"
"cd493b59-4426-4000-9135-a054ee69083e","2064886638"
"d587659b-dac6-42c0-8273-8f86a09fc470","2290951106"
"dcec8bf9-8a54-4e3f-90d5-524b9551bfeb","2291320004"
"7baf62a0-604b-4ebf-9caf-43d344f83a70","2267834864"
"d99b63b6-81c5-4dca-9281-e7783203aa47","2101946"
"d985daf3-10f1-4d42-8237-d02672a85655","144744076"
"99bab2f0-280a-4d9e-b62a-c2c505e8f161","30733228"
"bc3e0727-83ee-43eb-9163-e9a8b1925aa0","113746821"
"19b499d7-138b-4b52-aaf9-92d3af00a11f","144705819"
"63493b3f-e024-4529-b2aa-b1985b355cdc","3466385"
"b4eb61d2-f0b6-408f-80b7-c527c22bc8db","40177644"
"a6cf6bdf-8c7a-4785-b2e7-7f6403f89737","2106355357"
"446edea9-40ac-4342-b5fc-8375e9afb608","145142396"
"cd87cc45-d56f-4422-9911-77a052525468","1398548877"
"88294b65-b65b-462f-8115-35340ec1d21a","9364845"
"97ec40c5-94d7-4bf3-aa94-1419cd2005ce","32427271"
"9d4a976c-e865-4e8f-8ed6-2c59fb0c95b2","34601263"
"7da6b16b-318c-4403-8b34-f322885a352c","9387557"
"a6187b98-3020-44cc-9c24-2647f227497d","2301180"
"ea39aa96-dede-4437-9da1-274d0c73ae9b","2378042"
"642c423b-30f5-463f-9b80-bda0dc536615","100837067"
"64dadaae-d5d4-43ce-88cb-284bb99af18c","2144222015"
"d8eb44e2-af1c-4f39-b95a-14152f8046d7","52158867"
"890da6c6-bbf6-42fd-975d-0b7761f14d2c","33194677"
"9f447f56-e9ba-4076-8aa9-dba28db14740","1740977"
"b242dd70-4d90-498b-b8e8-0d657bf42406","31785770"
"0d573221-4564-41fa-8830-e3ecd3104357","37932099"
"806e250a-f361-446a-91cd-613bb662e1f7","2889255"
"e3a58ee6-3826-473e-b481-6dcc22671cfa","143662108"
"6b99fe53-175f-4e82-8374-9ce898e8387d","9134877"
"e6add270-fa98-4d15-b524-aeab830ae533","4363023"
"c8e46570-3023-4221-a10a-590ac47b663a","122735017"
"d8ef94cb-b729-4347-83b9-21304c10440d","2124158174"
"6b742206-8188-4734-a3a7-4882bc9c76e9","2078869549"
"2c15c586-f627-4d8b-9091-09c98e91153d","52195689"
"11dae412-159e-443d-bdb7-f123dc8cafe3","2082762826"
"755ff15c-6ab7-4675-bfc8-72c8b3ab1938","1579194895"
"f71ac209-bc86-4f67-92d8-f10885aa37f6","2219606062"
"80f37fc1-24ef-40ae-8d24-b1c09a88bd6a","49811045"
"2d8f19dc-f950-4cc3-9b72-3025c22bdd26","143730127"
"4deef6e9-cd0a-452f-b4f8-8a6c4a4198f8","95237342"
"959fc020-be3f-4467-8964-688c5c5b306c","9414198"
"d8ac5176-bc3d-4143-ab9b-fa60b3c1c975","2023646076"
"b7c7b48c-3d8b-47ca-aeb9-801dd77d396b","72152086"
"157e6411-1a22-4819-8461-ec44f45255b0","3210479"
"1d7dfd96-8077-4601-b6d4-1e6d3dd936b8","9367697"
"0b3e1c12-b6f8-4fab-a0fe-e39003fd975d","3012788"
"82baee31-c092-47dd-bff1-1c391ae8df61","3030383"
"4d569338-ea1c-4984-bf89-6e01439a6dfc","1403122888"
"63493b3f-e024-4529-b2aa-b1985b355cdc","2229403464"
"d4c9a635-2491-49a7-880c-10d8c6db91cf","2112111686"
"6b4066a9-d03f-4dce-b801-833aeb32334e","3172714"
"d504fe3f-7a5d-4d0d-8ac2-b3a7689b1934","38654394"
"3064716a-4f0f-4673-81be-87861e84d906","2176843140"
"550dd652-b888-475d-9c4e-d4733c24552a","1917635"
"96f6bb10-1bb5-4586-bb30-adf9c12fa22e","2288894235"
"15095cd1-9664-4af8-a2d9-fe220ae1c3a4","122539848"
"1a13ddfb-85c7-4789-ad8a-e9e69f363909","2072707"
"78373d85-3a5c-4ad8-a983-2c1c8e169165","2082441472"
"4d8e2409-4cbf-4236-a488-94b2df4cb40e","2110377461"
"a817cf48-40bf-44ce-a09f-d26ee7f3735a","2146250527"
"d2eec381-d59e-4ed1-9490-08b1801667f6","9302133"
"d5d6c5df-c13c-4ce9-b78a-5f7a8ba47f42","84709897"
"5802db2b-8a23-48b6-b6f8-d265f7c0b0ce","2108862092"
"73396c4f-7bfb-46f7-bec8-8f8778e65b08","2108311315"
"b6992617-3879-4f34-8c64-c8062efd8f66","2881973"
"a15075c1-7b24-4243-936e-e42289fcf735","2112341925"
"6e5f40ce-c01c-43b3-b62a-99ef4b92ffab","2109336886"
"d92c80da-af93-4e6a-915a-ed38bfca5517","48517781"
"96f46eaa-e439-46e7-b4b3-ac1e53dfd603","9160478"
"ae1b5abf-112a-4caf-8675-867f4ac0dca5","145957898"
"1abe5555-9305-43a2-8c3a-8251909b39a8","151044924"
"9ccb421e-0a2e-403d-9d75-34be903faacb","2524129"
"6c668289-fd37-4c5f-ac82-3e399e07fd30","2157949577"
"92813c6b-31e8-4c1e-a82c-6bfb525be3e9","95696447"
"599775f9-6c64-4d99-be1b-53c15196e8a9","3296894"
"884aeace-0752-42b6-9b3a-9db43abe0fba","2214118448"
"e00c7414-fa31-4f0e-9982-2d712a93922c","1754134"
"7ac31587-0ee1-455b-9b11-d05a63f3ca08","9640105"
"e1b53538-eb77-4987-a038-47af6130b3bd","144400750"
"1ecc8ac8-8b03-4739-87f5-7153df33b22e","12061399"
"5c60e0c8-4911-49d0-887d-52397abcc466","2107461"
"d8093bdf-d01f-4e4b-9b9a-959fef58279c","1777799"
"f33f6dd7-e66d-4470-acba-7a157dc01ef8","1795953"
"4c6e2844-f24a-402a-9de6-e9fd1f2cda9c","1844749"
"c79e8958-1da6-4a92-8dd8-6994b3612863","1409235875"
"861dc6d5-e86b-4b65-82e2-cbd014fec010","1682461"
"f37940ca-9e8f-4ddf-bace-66154c7d2944","2632394"
"18595c95-5e92-4c80-b67f-789dee7c02ba","31230970"
"d7780bf5-b567-4121-a770-b8f68304bb0b","2146661946"
"58c6eebb-bad1-40f0-b044-baa22a00e180","2144714860"
"69c39128-770e-471b-9d7b-9a8b73b23797","2087097642"
"e5a90dc9-0fb6-4b25-be78-eb7b9c7ba660","145717438"
"cf0ea32a-a7be-4620-b3fb-4567e539ca38","34919460"
"00c3f6b2-41a2-4548-9057-93c75c5b820a","8847299"
"023a497d-9020-47f9-ab94-a4eca450ad5a","2087369434"
"1f4d7102-4ac8-48fa-a047-95c573d9737d","3305744"
"310b58a0-4e52-42e5-a911-0b006dd2ad53","2124987991"
"72d1affa-56d6-4f11-bd22-308559383fce","2087126522"
"94842a93-9e85-47ea-b79b-b53025c0fc93","2109522878"
"bcd0bc89-1854-44c4-a214-ac760da2eb6d","2112800883"
"33447d71-58c7-4717-9c54-0a89a03553f8","2216031982"
"cadb4a21-e037-4cfd-9bd0-c67ef19af387","1799463962"
"1920f603-04d7-4a5d-8bce-39ea6688abef","2109128690"
"a674e3d6-8e0c-44ff-85c9-f1982b795c69","9346368"
"441f5b5d-bb25-43a4-911e-4092cbc341d8","2161817"
"f5ad17a2-02ab-4847-a423-eb20bf3d584a","2108010845"
"981a3c82-c794-4b42-b178-b82aa0caa1b9","143700987"
"da7e217c-3637-46b2-a957-8c71bab97b35","2152834420"
"b2f94c02-9d60-4d16-8b39-56f7d40fea6d","7670185"
"e6a23e2d-42b2-4937-82ff-85bf36e8edd1","2145754349"
"6d39b016-835b-444e-86bd-9ff088f45961","2016519"
"57bf2986-f9e0-4a88-9a1b-c566e5253343","2049090114"
"0142c62e-9ab2-42a5-94a4-15458dc31d9f","2117049118"
"da7e217c-3637-46b2-a957-8c71bab97b35","2155029559"
"1b898a92-6d62-4ba0-9a93-22d40aeb6b97","2145057565"
"d1ac3b33-fb9e-41b1-a995-4918925ee0a2","143958008"
"0842f251-c404-495e-8a40-e976fd1fa981","2004415324"
"391140da-ff07-4fa1-bb0c-e11f3bbc2733","49473441"
"6c668289-fd37-4c5f-ac82-3e399e07fd30","2823057"
"afecdc5f-4eed-48d2-ab7b-ae9f5f56a401","3132171"
"8a788297-c700-4824-90dc-3de0ed4c2bc6","145681106"
"31f1cdb1-b2cb-463d-8e47-af186683bf3f","40459940"
"9f1ddafe-a7a8-4af7-a18f-ab68c03c905f","101838748"
"c6ffc610-be06-471f-9cd1-27e36b5c3056","2065772239"
"1936d895-0a74-48ad-94e5-3c366b3bccb9","2578105"
"640ebb16-1eb3-4d56-a7e2-884ebb6113f5","2075940898"
"0838490d-c2f5-47f7-b3f4-51f574251a48","51204951"
"1a7d60ca-39e5-4e86-b106-8474e1c5feaa","1398752070"
"281efe1b-a3d0-4054-b295-183a00632758","2066661590"
"38b97f04-e4a5-411e-83e2-4201c0c2d2d7","2639004"
"4de45bf5-820e-4ba9-8ef0-0338d41ac476","1984270"
"a5aef657-ee49-4363-aef5-cb8f04b3365a","2158032864"
"cc402c33-2207-41bc-aeee-6f1ec6fb6a64","1410126452"
"bb5d0a39-759b-49ca-a37e-a225b11b4a85","2148697189"
"60fd62d7-0c5b-4465-863f-8b3e8ef1fea2","29207580"
"b097a354-df7a-43ed-83c8-e22bf67ae146","72355274"
"4d066282-ced3-4cd2-a3af-8940d09fb25e","51403617"
"589facb2-0815-411a-9960-f9534433b49c","2056999847"
"85fbba95-f601-461f-851b-e88e4395a6eb","144106881"
"f2839f46-c59c-4f7e-91b4-bc1ea6e9c9fb","143858451"
"f78134b0-776d-4ac3-b836-d677a74a37f4","1809291"
"3d553bc5-f69a-4a0f-9716-844b824606be","2135788802"
"0842f251-c404-495e-8a40-e976fd1fa981","2108774422"
"b29faadd-a323-46b0-a2c5-1c04c91ab9ed","2192836579"
"1bad2035-f227-42b6-a7b0-34839e85d182","1809132"
"f23c0576-1782-41ca-a9fd-f5c2ed06b92e","50479529"
"8ad7f2da-a93e-451b-a6d1-e1402dd1e3fb","23721280"
"745cbc3d-e522-4fee-b2be-1983393949f6","88495954"
"0840b8c5-66a0-4449-918c-542523fb89f9","2420746"
"153460c7-0177-4cd6-a6e5-98a7072404d1","47119463"
"f9659d39-f98b-4b9e-ac20-4cb187343a71","2108676291"
"3296c379-4e5a-42cb-830e-2b478f65aa7e","50050097"
"54735f7d-12ad-4518-b442-888fbf7c7633","9309456"
"3377921c-964e-4da8-abc8-cc175f0a43b8","2108745806"
"4ccfbe7c-e392-4cb2-83c5-336d26d2a5c6","143772607"
"229bc94f-303e-4a86-854f-2637f4619a4c","3348156"
"eb625c5f-99e4-4bfb-b055-d32cf2e3b5ee","2522889"
"2322ad24-3df3-4aca-b942-738fe25555c5","2108989132"
"d6d7e3b8-96e5-4188-86ac-ec0dd5eb5746","152980640"
"f91a118b-f34c-477d-999b-76c304f63131","97594840"
"d8a3d645-4b70-4533-923f-525a6093b8a5","153327764"
"df1b6abd-8dfe-4580-b8b9-933763ffa5c8","2108916400"
"9dcbcc01-c2c3-4184-b9b9-0a7a497d7261","2145230011"
"b242dd70-4d90-498b-b8e8-0d657bf42406","123275765"
"6dba07e3-9cc1-4269-8059-1da75223c4d1","2213699188"
"09fef59b-2a52-4afd-a2f3-1e09cb0dc34c","144514238"
"aa54b23a-ca02-4eb5-b15d-e20263e6a0a6","30995003"
"2e66a2df-7a9e-449f-a41f-814a64c1dc60","50391902"
"0a4040d7-78f4-4ccf-8835-b9d6be5671f5","145852515"
"3de2cf13-972f-444f-badc-719836373359","2065168031"
"336aa88f-7aaf-4ef9-9da1-1b25c2d0e9c6","2059219689"
"2486e46b-f711-44c9-8ca8-acf91a6e44dc","100992580"
"8db4e4eb-c08e-4189-bfcd-2d10fd0aeba2","2074308746"
"290eb151-f75e-45bd-b2a9-a526be4ef888","113088010"
"a07ea52a-a572-44bd-a348-4bf80d0b291d","1995670243"
"93c79076-2603-48c5-9368-7d8087d27cfb","143664432"
"da7e217c-3637-46b2-a957-8c71bab97b35","2054042593"
"0772c5a5-9413-41b5-87ec-9ec8dbce7f03","40412766"
"f792553c-a1b2-413a-8b85-d77caefb0377","50261507"
"0838490d-c2f5-47f7-b3f4-51f574251a48","144648193"
"f70f0d4d-b4ed-4657-b635-de8c6fe78916","50560774"
"988db828-1f22-458b-8eea-a935f0997341","48520048"
"f2f67eb9-b6cc-46a9-94f1-566b259797c1","2011924"
"e3b9eda6-41a0-46c4-9c10-f74a5d36a0bf","31488481"
"d12ec33b-9802-42a7-927f-6065a80fc1fd","39705773"
"5321973c-7790-412a-9139-1f611ca8156c","2109827892"
"4f20c5e7-80e0-4c87-b67c-3fc7568697ac","73304521"
"88294b65-b65b-462f-8115-35340ec1d21a","2246170679"
"f91a118b-f34c-477d-999b-76c304f63131","1746429"
"54d2f595-adf1-4418-8b42-b87f3e1dd01d","2242949668"
"cd87cc45-d56f-4422-9911-77a052525468","2202912360"
"85013067-1f5e-42e8-981d-4309c84a9d6a","39261035"
"a8c53ea5-a1c7-4f82-be53-ef8290f2b97b","19172470"
"97ab470f-ef5a-46b8-ab4e-e1182ec020ab","40303701"
"7df15839-359b-4709-ad53-3591aa541c58","7523725"
"8a775c09-9133-4505-bb2f-9d09cd404b72","2061436989"
"34f7010f-25e3-41af-8b30-b02a3c23586f","2149098875"
"ae8833ea-f7ce-4290-99f2-8c461c08d1ec","34901397"
"7d92996c-3b85-420f-a993-dc198fe9edab","144945348"
"c1956598-1d7e-4870-b4b3-645ad0ad9bd9","144041880"
"2802867f-05b8-46f4-ba09-4d838e51d993","38392579"
"2e0e58d7-1cea-405a-a3fd-63ee9ed57585","145248675"
"667ed073-1856-435c-80bc-16ed40a70224","2112771395"
"2b5d5fc8-ce5e-4422-9649-7446ff0a47b7","51209090"
"6fd06179-c918-46ef-a6fe-ae6c8e2a0582","2793457"
"b6dc6226-70dc-4a28-b726-b363994e2f7d","92064129"
"b15c74cd-e0ab-4f4e-91bf-a849bbf26da5","1390572170"
"765d969c-5f22-4ac5-9396-8ac7ae2adff8","2320562"
"0bd7769d-e551-4365-816d-f207cfd4bd1d","34897497"
"c2d5cb2a-c77f-4ae8-9d9b-b09d87f7fd94","145076679"
"28fd2ea1-99c5-4742-8d92-5a268958e9d7","2267963334"
"5617fe14-830a-4896-a98e-2bcb70b98a15","2052108180"
"ccb1f5fc-d03d-4f84-9034-ce1f0c446df7","2267552742"
"9c4be09f-91c0-4177-a335-d00239c79d25","2119002945"
"d6325c30-bd4b-4ede-a987-c8acd50ffc24","2765640"
"491ba5a1-b490-44a1-8cc3-3eda7978f3bb","2146666106"
"fa027bf5-13d2-4390-ae42-a139ad16f163","1891439"
"8bc5d55a-e1a9-4f72-a61e-e260938b8f0f","1389879533"
"1952ba54-2cda-4a99-8770-d509b12337f8","1840482651"
"6632be86-6471-4208-9483-12a7765a79ea","103025660"
"791dbd70-311d-4134-959c-eb38cc091399","3003034"
"aa54b23a-ca02-4eb5-b15d-e20263e6a0a6","49794107"
"f1a8d025-a0b5-4851-84ff-d2bda54b726d","144194021"
"73fcfe57-ff7e-4277-b441-c5e3e8b0a826","46519350"
"30fa20ea-3901-489a-bcd8-b10407d70a92","46699279"
"d83be1b2-fbe5-4ec1-9872-c001ae1be8c3","2234636886"
"4b2d98db-3b04-4980-8db4-7bf99c8b9fb8","2143392432"
"74a357db-4435-46ee-a4a7-75b4c26e0dec","134890996"
"39eb9a7f-6138-40ba-a651-9af8cd76d28f","2420656"
"ca2f57fa-195d-477b-a0f9-6b6038391e0a","2482291"
"72d1affa-56d6-4f11-bd22-308559383fce","153658000"
"b69aea79-9c5d-4bb3-934c-3c513a21855e","2198875319"
"9433efac-6803-4f14-8cbb-782aeb059dcc","3013331"
"f3479006-19a0-4f86-915c-bed6c2d0330c","89121709"
"5e30692f-c215-4794-a741-0097073201a1","2110466984"
"7497ecb6-91d9-473e-a13d-e9414935a7bd","2125903266"
"62eb2f83-3692-4caf-bb0e-1dc23f9041c8","1405218500"
"72d1affa-56d6-4f11-bd22-308559383fce","2238124968"
"e7d43979-864b-4ec6-a7dc-5f2c496cbc3d","1826774"
"064d9c71-4fb4-4082-91d0-068d3748194d","1782487923"
"411af658-d2a4-45a6-9fbb-6829bf84c203","7467751"
"3ec7f9d6-211d-412f-b69b-014898effa6f","40858964"
"884aeace-0752-42b6-9b3a-9db43abe0fba","151230873"
"70884572-c653-4796-8898-0ae12778f981","144010726"
"c559e295-79b9-43cc-b957-3b629127a6fe","143842718"
"5d271b0b-0a62-49e5-9fab-5385b3117384","1723665"
"a6d8211e-606f-4ca1-a608-9fe89122d057","2152209338"
"1f3b8a7a-611e-4b6c-b282-59594bd1dbab","14304552"
"b6dc6226-70dc-4a28-b726-b363994e2f7d","19169929"
"f05eaf2a-a249-4f05-85dc-c9fde271114b","2053235100"
"7bfa09a1-e8ab-4511-81c0-7d2a4380fe6f","2114138488"
"37033031-0ca4-45ff-adcc-96445cb98819","145457012"
"08b9a236-d194-4579-9522-ed5146933d9e","2153744310"
"48dbf957-588f-47da-8862-16f00c7b669e","18739810"
"0187cecd-212f-40f7-a6aa-353beeb9baeb","1874505"
"e6a23e2d-42b2-4937-82ff-85bf36e8edd1","145864387"
"9cf0da11-50d3-445a-9b66-db8e59ba62f3","47063207"
"6d0bc391-cf06-4d7a-b5f5-e3b3342e0241","2288583650"
"c063fe73-01ad-4a52-9de7-a2a71c402829","6225357"
"22a449e6-dde6-49a4-98b6-2b873c86a422","2215367729"
"ebfe7918-3099-40fd-9e88-81874cb21d18","49469451"
"54fcba92-200b-447e-8c9f-9476f6cbb040","2109822810"
"aa54b23a-ca02-4eb5-b15d-e20263e6a0a6","123042151"
"1b751c7d-2ffc-49d5-aa6f-98c1f4d62c88","75095413"
"21cd9d41-26bb-47c6-ac18-e70a0a8619b4","1935322899"
"39621ff9-6e4a-49fd-8c7c-1ab2a79f1ce1","46814846"
"c171e89e-67b8-49d1-b6a8-35f4c776b81f","2284942241"
"4324fe93-ba46-4504-9060-f55ec99fbc4e","104978307"
"ae81a727-73d3-4e25-85af-e64eec0841c2","48766021"
"3b807ffa-1654-4e08-8d58-fdaae912d10c","3376446"
"38a6df52-378a-4c75-b860-970205e920c6","2151550838"
"4d066282-ced3-4cd2-a3af-8940d09fb25e","2117522001"
"f4d7bb4c-2474-408f-82ec-0faf57153fdf","2135356936"
"18a2933d-82cb-435f-8206-ae2dee33d5cf","2551651"
"56305f3b-c396-4178-addf-75e8236e646b","50876633"
"d93058e4-863f-49f0-b089-5cb9dbb06652","2109850"
"d985daf3-10f1-4d42-8237-d02672a85655","31104574"
"674a53f9-5790-4928-be15-2f26318bf35a","39771552"
"2eab4552-f9f3-4dbf-bfef-edaf32b980db","12901219"
"270a2de1-b6d7-45aa-8994-7db802f86355","2351874"
"b6d16c38-3de9-4ab6-89a3-d6e8e48141cd","2114158153"
"f3e326bb-7a46-4aa9-b8e0-4e2a407b3ab6","46484727"
"ee901bf2-a1e8-4b1e-a686-b4d553df0d68","2060179789"
"045768b5-1e03-4523-9ef1-d2c5a8b5358c","145022513"
"c975b453-acbb-4744-9acd-9c10099310bc","9279475"
"dc9c83f8-0a87-451b-a1d8-5ef2c6b22303","2118539017"
"bdf09a27-1099-49ba-9e81-60ff24c82114","50218434"
"1297d4aa-84e7-492f-a903-e035b1e90f65","98597703"
"288d96cb-4b71-4d39-a876-2fd59799ae52","30969525"
"0d781165-2d72-4191-a102-77377c1ed824","2096292987"
"c636cc04-e176-4fd8-b64a-91d8b6614aaa","70249853"
"bf6a06d1-831b-4cf0-b9ab-5742c6006862","2096356962"
"64303396-9764-42b3-bf72-441600d49fb2","2240174842"
"a666338e-a43d-49ac-b915-6ec4509c36d8","2264696306"
"3a2f41f8-e929-4524-ad75-850622251807","2263999454"
"b3cfc557-0434-4714-92a6-b581db5c61da","2185088486"
"9ccb421e-0a2e-403d-9d75-34be903faacb","2152174582"
"d12ec33b-9802-42a7-927f-6065a80fc1fd","50171509"
"308930aa-0365-4e67-b855-c3c11069625a","2188897048"
"3a84cfb5-8e81-480a-95f8-f939ad1a56d0","2213167832"
"3fd658ad-078c-4a90-9882-b4b9ae5e8641","98826838"
"173d9ce4-5666-47d8-97d4-c531706ef355","48799240"
"77b8ae30-0c48-4428-9fa8-32a4010eccd5","31049170"
"7ad8a518-f100-464c-af9f-499751dce323","2204238630"
"52807a2b-7a9b-483a-975f-0474430b4f76","146932169"
"cc402c33-2207-41bc-aeee-6f1ec6fb6a64","2198125268"
"7f44145d-2bc3-4912-9d72-1de4a59cc757","2126337169"
"181f1fc3-7967-4908-88fc-6bcb92cbce6e","2841712"
"0772c5a5-9413-41b5-87ec-9ec8dbce7f03","2238343599"
"c5b8d14b-f98f-4ef6-bf01-d19d29fef1e0","2244577971"
"345073cb-80d1-49de-be6c-b640d024bf04","2244267558"
"c199c3bb-9f29-4f11-bba0-d4875932ea96","103935709"
"85f67e92-87ae-4e03-92ac-cbbf04e36fd9","2146106500"
"83462266-3230-4dd5-a7e5-8e92a645c371","2364655"
"5575f1dd-c386-45ef-a2d7-1ef781a9058a","20748819"
"088dce01-d48f-4bcd-b025-8752386f3140","2110052942"
"62eb2f83-3692-4caf-bb0e-1dc23f9041c8","50727189"
"fcfe41e4-bfb7-43cc-ac66-21a6af97b303","2053093693"
"80cefd51-69b7-4ca0-ac99-28460892499e","2144800809"
"28fd2ea1-99c5-4742-8d92-5a268958e9d7","9750051"
"51252747-2c37-4dbc-b551-5726502e9f49","1581339909"
"108e8e63-d6ed-4aa8-bc37-218b228b8599","2116646727"
"53b5c37d-2417-4b7d-9076-a47016bd543f","66949199"
"7687d42e-2420-401c-a0ed-b1c2585020ac","9321659"
"2522f0a6-dc39-42ec-8984-6ad54cdba50a","49950749"
"49a7f838-e4df-45c1-82de-abee3ef8c158","2113279429"
"3925b729-e5a0-43a3-9750-1af3ddde32ea","2588184"
"31363064-5161-419b-a734-e0abd478d2e0","34804624"
"22fedf5d-3ae9-42e1-b7e3-271a92e05c17","2146267420"
"bf5b457b-14a5-4985-b1ca-76a1332f0286","1576064486"
"222a982d-7923-4ba8-9d34-06979eb54638","2105797295"
"2d96f7b0-c0ae-48eb-8f0b-55b3f052d488","70152032"
"8bdb2d53-03ae-46e3-8c7b-8e78ff6372fd","144932914"
"42723960-5499-4a43-8a4e-5dc15b6f9c9a","1927205"
"e00c7414-fa31-4f0e-9982-2d712a93922c","1785004"
"73bdfacd-de0b-4699-ba58-ef9c63bee5ca","30518952"
"b7f0db00-3fa7-4399-b0f8-921a1096c897","2150358926"
"546117fd-7bba-4b5c-b3dc-010e5303502c","49387393"
"4e0f63c2-9910-4225-9fd4-c980293593cd","145499931"
"07412990-0b2b-429e-ade3-4e242650a7cc","35289622"
"11dae412-159e-443d-bdb7-f123dc8cafe3","8856124"
"8ca1a375-5573-40b0-8251-3077251ea21e","34839258"
"22885860-b028-45a7-8d9d-1f18a980277e","8840023"
"9deb0813-67f1-4ca8-8e70-ab51be94cfad","48016595"
"d7b7b5e9-0190-4a37-a2e7-e137e8aea05a","4208738"
"19acae08-f63f-4ed4-9b1a-a29ba12bf4f6","1679158"
"4b9c16c1-8e4a-4095-b740-54d7e48501c1","2629510"
"ad06fd93-54b1-49e7-9d54-be578c6d4365","1572093363"
"abb6dfab-b09e-4b1e-9409-8ec773878ffe","2317315"
"026de00f-3749-4b49-838c-644ada8c2126","50201693"
"43197bb3-0572-4cce-853b-5ceaf8feb09b","145851472"
"e3a58ee6-3826-473e-b481-6dcc22671cfa","2110766645"
"e367bca9-cb24-4cc7-b342-bdca12edd311","48109108"
"a11f906a-fdf0-4309-8935-e4ce239b64a1","2148751558"
"5394744e-f846-4e27-a6d7-064541dd7cf4","2102771"
"948b1007-3642-43b3-9b10-35b20033a18d","2121475451"
"bf2f992d-72ef-4244-93dd-8ef0cc2101c8","2149542047"
"ea632979-42ab-45f9-b0f9-de9fea8f2088","2149054361"
"e75999dc-1277-4c85-a92e-36a82bd29f3d","2088073031"
"4b2d98db-3b04-4980-8db4-7bf99c8b9fb8","88895026"
"455321c0-7eb7-4b74-8450-482fdeba2b50","4754139"
"8c133a13-ef79-43d9-8016-404c7f20191c","70264987"
"5a5db30c-cc02-4dda-9875-a8e16b75f82a","30772010"
"1e41adcf-a0b3-492f-a172-b0bac71e738b","31393271"
"8134ee94-ad70-43cc-a9b6-29cfa81b73ca","2883770"
"7d92996c-3b85-420f-a993-dc198fe9edab","7484082"
"85f7c7a9-d94b-47d5-8bfb-0931ead35ead","38939757"
"be048fb3-64ca-4784-9ad1-a6e6a3ac6d7b","3082284"
"79a29bd5-2901-43d1-9ae9-33abf134f498","2100249155"
"7982dcbc-a993-4a5c-9bec-c23df0928f2d","103269195"
"11dae412-159e-443d-bdb7-f123dc8cafe3","2259213"
"f05eaf2a-a249-4f05-85dc-c9fde271114b","2127692169"
"4e0f63c2-9910-4225-9fd4-c980293593cd","1806548"
"1aff4bf5-c98a-4748-bc44-0a6587ad7671","1399326202"
"34ab5f1b-1634-4ac7-ab39-f7ed2270a731","2134171447"
"545a01a1-7b44-4b39-b53d-0c3b919ad306","48093092"
"b15c74cd-e0ab-4f4e-91bf-a849bbf26da5","48709398"
"2486e46b-f711-44c9-8ca8-acf91a6e44dc","1381799521"
"389a9605-c305-464d-9b47-d709e39923af","2622761"
"b4b6bb01-d301-4d13-8907-e306a5a4c74d","2803576"
"95d75337-e6c2-42f5-ad49-387847a0ceeb","2282174883"
"757e3f20-8c20-465d-8f43-b0a20fc96941","103685043"
"f755df28-fe89-4a04-85fa-405a86fbe894","2116639737"
"03449e4f-aa25-4d38-b490-deeca4e071eb","84400528"
"35e41d12-121b-41ef-929d-100e81a9ba95","1405444311"
"31f1cdb1-b2cb-463d-8e47-af186683bf3f","2193869657"
"c6ffc610-be06-471f-9cd1-27e36b5c3056","50135754"
"6cee48bc-a79d-45a2-b492-3b2388a1413c","2145907415"
"60174e65-2374-47e4-a1ad-a836a7b3276f","2153473752"
"e96001c5-6ddc-4705-8671-5cd3f34a56be","2161203701"
"b5185e1c-88eb-444c-b3d6-4e57db8ee922","2118357417"
"68dc47dd-f880-4d58-9135-4d2187dea4a0","47955246"
"0a875b93-527e-4c7f-b669-3125e66a36d1","2119108457"
"a8762135-cb1c-4f7d-8115-bbaf02139aeb","2107083795"
"948b1007-3642-43b3-9b10-35b20033a18d","2156268523"
"f6a8a0df-f04a-49a2-b4c8-46afe5289da8","2153198956"
"2127a267-8270-4f38-a9c1-0cf0b114ecf0","144847284"
"0f3c8c53-392b-4d47-af01-4e7fdf3e2776","88458964"
"6b742206-8188-4734-a3a7-4882bc9c76e9","1398824411"
"6b99fe53-175f-4e82-8374-9ce898e8387d","145851010"
"c3adb968-d326-4bb4-8edb-2fd1d966e58e","2093203995"
"a11f906a-fdf0-4309-8935-e4ce239b64a1","152709614"
"ae8833ea-f7ce-4290-99f2-8c461c08d1ec","2305701"
"d2fff7b4-0744-40ee-9e61-f442e2c981c5","2111281684"
"4626c188-dc7e-4f41-9214-0338f1d1dcbf","1641822450"
"88ca54da-ad35-47f8-9df1-f5657ddee282","2068515305"
"40bab351-fa2a-4fdc-bc9b-f4fd693cbec3","122736260"
"f05eaf2a-a249-4f05-85dc-c9fde271114b","66044619"
"938df3e8-429e-427b-a7a5-b3912a5fd28f","30727721"
"a2e81ef8-a6cd-4702-8939-8c55acee858c","150329044"
"6a86c946-e2e3-4ad1-b36b-8ee116e722b6","3250804"
"0e0cfae8-f561-4f3d-9013-4062f7f3d14c","51202042"
"450d95b3-18b8-4ef3-af3f-61697773eec2","8779736"
"51bbcaff-025c-4fb8-8d0f-aa5810ca143a","9346423"
"70aaa2e7-df11-4d1f-ac8f-230470d8ac50","2112537545"
"90a04477-3c1a-4669-b445-900bd5923452","145569544"
"8db4e4eb-c08e-4189-bfcd-2d10fd0aeba2","2153687680"
"7a67ecdc-4e9c-4ed4-bfb3-badbdd9b444b","2198874176"
"4fe0452c-a751-4b18-8b39-d162083b2b70","2261683053"
"d773d295-88b8-4d94-8cc7-2f23024ba055","2119077855"
"74f4d22d-1a6c-4a78-b12e-db4d2e2a4a96","1644339473"
"5802db2b-8a23-48b6-b6f8-d265f7c0b0ce","49925237"
"fb469146-f355-433f-b0b0-0e5eb46b4675","2675254"
"d4f29277-e53b-4cb4-a997-09d5ad9eff13","145293807"
"79745b24-134c-4155-ada7-51e11a2b87b8","48537460"
"c6d863e0-28dc-4c9f-9bce-6b5956e3123a","2178527"
"fe7eb17c-911f-43c3-b813-3730c99699c5","29396023"
