"d1b939cf-3f80-4a4c-9463-4c69ff7ff90f","8c298d10cc5ef3f36aab12105abf33cfc7df9369"
"ee208cd2-0680-489d-95cb-5683f399becc","93b23219b54c73fd29be25380550e601fb6255c6"
"8f494ce2-84e7-48b5-b475-a285ddb4bbd0","0d47d85063165dc5d30627b95bab7ea0650c960c"
"66b924b9-1737-4916-922d-7c5733a27682","e1076826d2ac6ec15d94ea82fe5162a0376884ae"
"58a6a50e-67ee-42ce-b76e-7ebddcf311d6","b3018a36d4b47622ca024d13bbd017226bbe6d54"
"17f33e92-31ec-4156-b7cf-fea83ba0dcb4","f65167ebcefeecea7a6558c051a415c8eeb511aa"
"4f9ff6e3-bd3a-4c2b-9e2d-f2abe5dad60c","e35806a6c756a89a2dee048d8d8d2c2c97d8ba3e"
"23da25fa-40fb-4cca-9e2a-96c2f4061952","1bb85e128803676a1893bc1b226bf7fe3030fb26"
"5764b121-0109-458b-96d5-cffa267f6354","f92eb2259c88757ea3cd673be39e4d9a23c087f0"
"5764b121-0109-458b-96d5-cffa267f6354","f92eb2259c88757ea3cd673be39e4d9a23c087f0"
"5764b121-0109-458b-96d5-cffa267f6354","f92eb2259c88757ea3cd673be39e4d9a23c087f0"
"3b36f1dc-d26c-4e18-945d-e60622ac1e53","6ffe837c90f860dbd342bf5c4d8712d002129db4"
"6eb4e896-47a4-407a-ad04-062bcba14743","443a57793ce608fe63cb071415ad47b747306c86"
"c38f38ef-8dd7-4e17-bee9-e0bd1d2b4ccd","7e8216ab71a1a0150eea9c54edc1150ac591e5af"
"c38f38ef-8dd7-4e17-bee9-e0bd1d2b4ccd","7e8216ab71a1a0150eea9c54edc1150ac591e5af"
"c38f38ef-8dd7-4e17-bee9-e0bd1d2b4ccd","7e8216ab71a1a0150eea9c54edc1150ac591e5af"
"a37eb056-f7bf-4b15-afe1-75bc60bca2ab","7cdb7931e8e9a50ee246b6eb6cfcc9caadca9ec4"
"7516308e-d035-49cf-8f41-6587c2bf05c5","26fd5ab863e22e8da523771b85841a60dd497c12"
"4e438526-b191-488b-8c26-cedb7c66fe54","1ebe70dfee2e11a54332663ce2e57f21b829ca5a"
"4e438526-b191-488b-8c26-cedb7c66fe54","1ebe70dfee2e11a54332663ce2e57f21b829ca5a"
"4e438526-b191-488b-8c26-cedb7c66fe54","1ebe70dfee2e11a54332663ce2e57f21b829ca5a"
"48c69d2d-2838-4bab-9941-fc8f3e1152e7","416d01239bebd19566dc9056e05335ac140f4d4b"
"48c69d2d-2838-4bab-9941-fc8f3e1152e7","416d01239bebd19566dc9056e05335ac140f4d4b"
"48c69d2d-2838-4bab-9941-fc8f3e1152e7","416d01239bebd19566dc9056e05335ac140f4d4b"
"684e51c5-4efb-4a9e-9cc4-74d1847235b4","c3f853d6f37308b6f174b37e169fc59d60157f5c"
"d0164498-1d65-42a6-9bbc-3e8b2433c1de","aa2db1ba4fa220b2be0d0069538d89a7c7c3e46c"
"d0164498-1d65-42a6-9bbc-3e8b2433c1de","aa2db1ba4fa220b2be0d0069538d89a7c7c3e46c"
"097901ac-b95a-4428-8291-9e740ef01698","361804723d0ec351ff89a9469786b1bb8e616d84"
"097901ac-b95a-4428-8291-9e740ef01698","3750dd4feb50886b30f1216b07b5c4a3e1d2460f"
"1ca4bb19-1275-4465-ab35-afb56b78c4b5","35a11b81fd1755ff250d85e023ca6454c0f9a002"
"5b6acdc4-10cf-4429-8b1d-333020cddc44","82e97b5b585e7699c482c32e2f8e60e2f3e12245"
"f1da2e52-b02f-448d-968b-9b4d405da1d6","2e283659e1ab2d857a099765e0e65488d9919db7"
"2576416c-799f-4dd5-b5ce-d0c70710ea09","a94933c821d79c5ba513425f5c03f3a5bfabf933"
"e241f995-24e0-4ad6-8757-d1d2691778e6","c5eaf492acf17d0ce1a01234c1e98baf86b5a766"
"e241f995-24e0-4ad6-8757-d1d2691778e6","d4056d977a6d8859fd6248df14e54f2798b28434"
"9b1a37b2-7d91-4099-91c5-de65c6ff4574","2b13bd4dc80ed8d6efff55bcaf48d76fd3827b32"
"ee181697-8f1d-43f8-8c6c-8a7dd7f1ca1e","928e82338fa6ed0d3bc303e213bc505bf20d2c5b"
"2271ad9d-7dc6-4a32-bd69-67feebdda378","79e258f3340e46121ab730eaf034c713dd9eacaf"
"c8de5ef0-462b-4a7e-84b6-75af18b9daae","d909926649cf33dc1c392e7d4138247631be6f71"
"f77de17e-7697-4c0f-852a-0a13140b0492","49b4ba54379fc3e6b45d57780b17ec5f50b546a3"
"238a25ae-ea70-43c0-b5d6-2f6382942e34","fbe487dc15a1c6e129ecd2e31531dd3cbff2aa65"
"59f3d847-f226-4312-9264-706002c986c1","7a3b9ffd6bae5aea1c10dc79507a6c1f817164bf"
"a6f0a319-4083-4971-8722-16265c1daeb5","c45314e8d05ce45ddee2cdcabaaa335eed07819a"
"fa2a615a-20f8-4547-9131-8c5045ac56cd","3c3db231a2632bdcf221a6342e5fc28a8c98f1bf"
"5484a507-b978-4dc8-bdea-740201e95f26","210c547b95ab17265cc90d2baeaffa729aa22a6a"
"5484a507-b978-4dc8-bdea-740201e95f26","210c547b95ab17265cc90d2baeaffa729aa22a6a"
"a2ebb16f-66ba-4821-904b-4a2de1f2bc53","37734b953873dad0270f3c4a8b5539201907a398"
"15a594ef-e526-45fe-9e1a-e59f42070098","14ae3af2f7de827028923d45f0d661b6c1c3ac18"
"15a594ef-e526-45fe-9e1a-e59f42070098","37029ab415d210f30c6652b2ce106c723aced58d"
"15a594ef-e526-45fe-9e1a-e59f42070098","37029ab415d210f30c6652b2ce106c723aced58d"
"3e9b4f66-43ce-4fb5-9a0f-3ad6dab8541f","4ddb2a81ec0dc76947e5eb39759c532c9625c7b2"
"3e9b4f66-43ce-4fb5-9a0f-3ad6dab8541f","4ddb2a81ec0dc76947e5eb39759c532c9625c7b2"
"3e9b4f66-43ce-4fb5-9a0f-3ad6dab8541f","d10c6fcbf2734cbcf39bb909da691e41a3104dc5"
"ccf25484-2101-4afd-bb21-a7a5cf5c0f24","ec56ea9556274eed342a5cb593b27ca5abafe25b"
"ccf25484-2101-4afd-bb21-a7a5cf5c0f24","d9689679510da61a2d67d2ca083796a0c9679306"
"6780e770-5005-4e2b-ac07-a18863f79fce","01e46bcec1e3f72b5e0420c7a17fa6449637098c"
"6780e770-5005-4e2b-ac07-a18863f79fce","01e46bcec1e3f72b5e0420c7a17fa6449637098c"
"847a38cf-87ac-4429-9ad2-69054b8f941a","263483f69b81253a21de6251ec082ecc00b3fcf2"
"e34530a9-47ba-443a-9411-88f08742e318","2bfa1cc20c682aa241dcca8fc9a179d371dffafa"
"92c46591-d39f-4962-bca6-3e233f10cc77","b052e7034c9d23265ae3026f5d3d9ba84bf1cc3a"
"66d6e14e-9f96-45b3-8349-d922ed523849","f7db467781933e0925f21251686b943fcb9b7213"
"6d9cada5-3cd6-4a5c-83f7-480ebf1f5cec","45ec80c7de6f6f9dd6828fcce0c481dc6880b6d1"
"6d9cada5-3cd6-4a5c-83f7-480ebf1f5cec","035f7e4e503518c22d4ae71f8efa02acaa68a27b"
"3dc11f49-8bd6-411a-8a66-434d70019ae2","ab4a26eabc6e23097f86d527937363340388adf2"
"ee5315bb-062e-434e-bfe0-cd88dc883cc4","800ef5b5d1951f11d4fd3d9d99ba178f69733dbf"
"d4c68849-3872-462b-8fc7-ca398ed75587","b8d901bc7ba41295c96b07b213d1cb60ee61de01"
"8527df3a-5a4d-4419-8c03-60be189ae369","374e17e34794b76c801805daaeafcbc6edb55688"
"8d86eafe-1465-4a94-84bd-1b0731fdd99e","16df49f99d40d43779a41b1e37f89042894223de"
"bc032ea7-bb00-4251-a9fe-d178ec3082e4","20447cecf1ece7217cdac912b360a0119ec85c7f"
"7a5afe9d-f211-43f7-9890-7c6e595a5d03","ad014bcf889e0e16849191e68ac2c1fe10879d28"
"24cb5d36-030f-4cc4-abf7-82b1cf2947a5","119c0f81ca1b7a32115a5a835b00753b8fa08c05"
"ee408392-a4cc-4ce4-9f65-6ebb46e23bcf","99adacfe036f3221073a5480906f3f125d1676b4"
"a8ad727f-3ac8-4d7f-bc79-0c6870487674","778250dbc429f7c3e65718da3a1bb539b362b0ce"
"cfde0977-573d-45fa-9ad7-73e7c93f18cd","ddc5214005341adde98462e902cda7e80f2634ef"
"dee741c9-18df-4c7c-b297-9893c0c9291f","012494c4d7ce7c20816a882c40901173539edb86"
"dee741c9-18df-4c7c-b297-9893c0c9291f","012494c4d7ce7c20816a882c40901173539edb86"
"dee741c9-18df-4c7c-b297-9893c0c9291f","012494c4d7ce7c20816a882c40901173539edb86"
"c52f693a-e2f2-4920-9055-f9c21f51628e","0a68c5221ebfdc3a2593a21621f3c347a46f5130"
"f8b0108a-8022-4732-be51-4397d10177e7","abd268941878108027b3baee441471b328212787"
"6c1f22ce-1b5a-4988-84c5-dc49b6b9ef84","19b771e676cded4b4b88f111e63295beee138c15"
"777cbdf9-dc0c-4db8-8276-7725382a56be","5296c07ae61f296b47407c4a5b2b647b26342cd3"
"437c7cc2-1d4a-449d-806b-ef95783bd025","1c3d26290b674b7271e2dad6ee191eb8331f391a"
"4ac08c74-7329-484d-bf25-a1b19bfb2af9","ac3ee682f5febbd1db2336ee983182ddfc8279ef"
"c0e10154-7702-4365-a766-5c7833f4f57e","034b66cd3086ac196747fc28c9f44bf19190d8ee"
"c0e10154-7702-4365-a766-5c7833f4f57e","034b66cd3086ac196747fc28c9f44bf19190d8ee"
"44bc65e7-5e5e-4c9f-8a61-f8cc77d341e8","e90ec420885c33257fbfc798f2a28c4f43691149"
"ae4fcd4e-9a62-41e9-b13a-73ed221ef920","ed084732e3b59447dabb31d92227121b57e44cf0"
"ae4fcd4e-9a62-41e9-b13a-73ed221ef920","ed084732e3b59447dabb31d92227121b57e44cf0"
"46ee116d-579b-4b24-b7bd-6a8a7bd4e4db","4779fc99c5f840cddec95f6f1c43c6a702e44700"
"e90e3b0f-9aa8-4566-acfa-eab296af427e","39f3603a45604ade211376f276876a2ee57dc2e3"
"e90e3b0f-9aa8-4566-acfa-eab296af427e","39f3603a45604ade211376f276876a2ee57dc2e3"
"e90e3b0f-9aa8-4566-acfa-eab296af427e","39f3603a45604ade211376f276876a2ee57dc2e3"
"e90e3b0f-9aa8-4566-acfa-eab296af427e","39f3603a45604ade211376f276876a2ee57dc2e3"
"e90e3b0f-9aa8-4566-acfa-eab296af427e","39f3603a45604ade211376f276876a2ee57dc2e3"
"e90e3b0f-9aa8-4566-acfa-eab296af427e","39f3603a45604ade211376f276876a2ee57dc2e3"
"e90e3b0f-9aa8-4566-acfa-eab296af427e","39f3603a45604ade211376f276876a2ee57dc2e3"
"453889c3-fba0-4072-a184-f0dd0b55fec0","4d776ddef527e92459ad0d0d7eedc6b49a59f550"
"453889c3-fba0-4072-a184-f0dd0b55fec0","4d776ddef527e92459ad0d0d7eedc6b49a59f550"
"e723d604-284d-41fc-9f30-b143fc99cdfd","2d2515b540574ff18ec1a4544a6fec8ddf72e817"
"c4f272ab-7833-4037-bc6e-3523fa632059","3cf5040887ce4e9fc47fd36fb859c4c7296cda58"
"c4f272ab-7833-4037-bc6e-3523fa632059","3cf5040887ce4e9fc47fd36fb859c4c7296cda58"
"c4f272ab-7833-4037-bc6e-3523fa632059","3cf5040887ce4e9fc47fd36fb859c4c7296cda58"
"83814f24-fc97-44c3-9553-0524c45a4899","b8e035c47ca8a8c75f8caa758b14737694c04c5c"
"83814f24-fc97-44c3-9553-0524c45a4899","b8e035c47ca8a8c75f8caa758b14737694c04c5c"
"83814f24-fc97-44c3-9553-0524c45a4899","b8e035c47ca8a8c75f8caa758b14737694c04c5c"
"5746e925-48dd-4318-96b0-288d7fcb762a","3807d72c7c855a8c89c70a5aa9ed52881369b12c"
"16f49e8f-1850-47a5-a13c-3d1085436e88","e415ab178b3a6c9da47021f1b9b85fd5faf6db07"
"731c3645-0d90-4727-9f6a-7218b809b251","c83929712e9a208063ce273f8a62cad9607bbcd7"
"5b17afff-bf78-4335-9050-f3a40af50d4e","6421faae7ec524bca2d7b171ef4314588fcfb35a"
"0cd5edd9-bc20-4b05-bdf6-e1cf8a32fcba","8a5e571c5a8597bf0ac8b18c9d1962aa351df65b"
"b4e239e6-51ed-451e-95b8-03c2e2b24012","d54f2b4c3b60720cb56c1fc8f188930985c40628"
"85aba8ee-4aff-452f-9a97-7ae93d1ecd4c","3e91cfee8e4e9da3f92de1844063518814f179b8"
"85aba8ee-4aff-452f-9a97-7ae93d1ecd4c","3e91cfee8e4e9da3f92de1844063518814f179b8"
"a35a7fd4-635a-46f6-bce2-989395c0b1ed","77c427ae3a4d7335f8c1199a4a0aedba5ed3e4f4"
"b76e5336-5e61-4c7a-89eb-cfdd2b7bb7e1","4f47212c4a1af8a6b3c9bf62ce4385b71201499a"
"c05750bf-f09d-46a0-9558-86c94e1d3c24","297407b8d99cda27b56cfc58d311fa26ecfdc888"
"7bc72064-c223-40a8-9d16-cdb4d1b10c3c","efeb6793f01ef59e34d59472c3ae7b8dca0c8da4"
"7bc72064-c223-40a8-9d16-cdb4d1b10c3c","efeb6793f01ef59e34d59472c3ae7b8dca0c8da4"
"18a5edb2-6014-4bfd-9f53-d64e2d24bdab","658049fbd84ec0cb8ae80a24a8e3d353a7214f3d"
"8aa2a2e0-09bf-4380-9739-43d7f9a513fb","9fc34e44945af53e5e74eab2414e2c15c22251e0"
"5d19cf0f-2e0f-43c8-be22-9cc5e621a6cc","7671d6b52d8624d2f9b60d75e8be22f1c287bcfa"
"c21561f1-ae39-4148-aea9-af210ca6d0ad","5d6c6cf5a2449144c343e969d97f09b143afe314"
"eac73684-8611-4111-98c2-47e4c702d85f","df9beada4cb6a0bb70ae5a398ce7271bd6419b2e"
"eac73684-8611-4111-98c2-47e4c702d85f","df9beada4cb6a0bb70ae5a398ce7271bd6419b2e"
"716396c6-9094-4c1d-8c93-838cad0a5997","2a8a5cbfe186bf44e98e6f24300ad23f50f6dd63"
"716396c6-9094-4c1d-8c93-838cad0a5997","2a8a5cbfe186bf44e98e6f24300ad23f50f6dd63"
"716396c6-9094-4c1d-8c93-838cad0a5997","2a8a5cbfe186bf44e98e6f24300ad23f50f6dd63"
"67cb9695-48ad-473a-889c-87e245f128af","363af22d50c4fc1566f0a8f33882dc5dc178d61c"
"84673b4d-06a8-4a86-b1c2-608b01ce7d1a","f388faa2be9c1dfc8d09294baa5704216998e9c1"
"84673b4d-06a8-4a86-b1c2-608b01ce7d1a","f388faa2be9c1dfc8d09294baa5704216998e9c1"
"84673b4d-06a8-4a86-b1c2-608b01ce7d1a","f388faa2be9c1dfc8d09294baa5704216998e9c1"
"90fc45fa-324f-4397-8a5f-783a7731d456","5f92cf4a561a95211cd0602c75e89b16beaaaf31"
"c01fcde0-d310-4390-af73-0344397cf799","b544afe12109f477f1a3e7654eb8f2239aadc342"
"c01fcde0-d310-4390-af73-0344397cf799","b544afe12109f477f1a3e7654eb8f2239aadc342"
"a458cbe6-a006-4f12-8d82-deb2115dc7b6","b38b815ff36e7e186de8f84a8e8cc1c03ab4ccd7"
"00bdfb86-4d73-4bae-904c-7da6e6db231d","2d455d942af3da8c0a18d6240933fa84390aa4e0"
"6dd24b0d-ce55-4907-840f-e5a3397f9152","0fb6f5be261acfac0aa3306711b3f4f7e2940e02"
"8ba3ac3a-314e-4137-95df-d3524ddfc4a7","3cf073189c90087c97a52fda856facb2f60558b1"
"8220f5b0-5424-4039-a44f-7882a7f699dc","162a685b8079261602c3a3e69babffb30d4f47e3"
"60d9458c-d04b-4443-97af-521792f90caf","88d802d46722c477002d993a1dcccae503ae067f"
"d8c07808-03c8-469f-934d-13c0a436ce0e","c16d7761854e0dfed13b628678d9ffe1585e3044"
"869f9338-9ba8-4a17-a81c-f8eccd4e7473","38e20a23a8ff04a8cdae44f6e274e96b46be8221"
"dd533ea3-5210-491e-bd8b-3239a25026cf","23cc02c2f1b8d619f2c559979f2d8e0b0990a3f1"
"afe89004-7fd8-4975-a50b-eca8ca17dcbc","534d06fbd56b2f82a4d5aaf3f7e4dba852124198"
"5c1a95c8-dba1-4a00-941a-a2ba35960aa7","7ef1916d31ce6a11419bb48eabd3e2a289161fd0"
"8d8d6374-d89e-4d14-bfe1-e9ee2e61cdc2","a0ca3f05c93e204b00a3c16b2ba22d69c13159f1"
"85566771-ba75-4acd-bfc0-580d1ceacaa5","b4ad951c064ae757f3d972bac4aa5e1f276a36cb"
"2ffe7b2c-35b6-4ba3-a74b-abe1a4dfed0f","7f47dc4398d0c6aaaa20ce087f0c749a01034c43"
"f82c97ac-85b5-460b-92de-787844fda822","2bd3ca3a6430c0b7e7ce6497806edb75cf7040af"
"5c59b41e-87e1-4cb0-95fa-c0ffde436c31","570c5b7ad8e54b787403cf1c526ab0e3f5c25213"
"2c35dd8b-ce19-4e80-8251-e8dd04dbbc58","ad43126a226e745a1e90247c9fdbc9ed6fb495d0"
"d73b5707-8a59-48c5-a9f0-613afcf1cd6f","a462d1c2aa0ba2cabc581eba2c1496eb7e4976f9"
"18ecde95-f1d6-4d40-9575-2e121401cf7a","28ee9cb767f06af1e2c524e770959605f496cd5e"
"140227dc-497a-422b-b72d-eb6088526420","4e2f7c78bc8c5fdf383c949637e1eace78ea2b4f"
"140227dc-497a-422b-b72d-eb6088526420","930e001ec4b308c4ab6bc2f9d1174bb2dca2fbee"
"140227dc-497a-422b-b72d-eb6088526420","930e001ec4b308c4ab6bc2f9d1174bb2dca2fbee"
"0ea7b995-900a-423f-9c77-db393bd82905","375e868ba4638768545cea975c7e7820eb90bee7"
"0ea7b995-900a-423f-9c77-db393bd82905","375e868ba4638768545cea975c7e7820eb90bee7"
"0ea7b995-900a-423f-9c77-db393bd82905","f57ce044266867daaee1bd55316954a4d736f39b"
"a8c6cd37-f27d-4a1e-a5e5-d93d9a35bf09","506e2bddbf67715185f2059bff44fff60d1b9a88"
"b243a12a-5ac6-4edc-aef1-eb56a359bfd8","f7410ae4a8a9ab46676136b8239a670e08a23af1"
"89148de5-13ea-4946-89ee-3113436282d3","72cd49404654e309e75415bcbf61ba09d2d65f86"
"67ea12ec-bc89-4437-af36-39fd19d97b26","0a56ceae153f30f84f27704bfe5630aab3e410e5"
"a064d412-b37c-4785-bdd3-618b07e6a609","d7f354e77b266e00e7edea77479f8eb1133343fa"
"9f9114e9-c8cf-4027-b7b6-188e062fc674","826bef6fd3bd8fe34f220921462dddfb6833900f"
"a67eda59-6861-4e81-b73c-9c4322d9087f","ef1de7889785cc501d712f85156cf89fb97785f4"
"b803bdce-b922-4883-9842-8525ec909722","443de13c6846109936dce0895728064ae760d1e4"
"10da2f0e-506b-4731-90bd-e3bfcf4a56b5","60d421728ba6e6feaedde8c7530ce717d23a2ab7"
"10da2f0e-506b-4731-90bd-e3bfcf4a56b5","60d421728ba6e6feaedde8c7530ce717d23a2ab7"
"1c7c7333-b4a4-4620-98ec-7ed4e217e88b","30087c228b7b005392722e1006cfe9884b538743"
"132d4970-73c3-41e4-b1a1-25ff34410c9d","420eabfe4749fdab20fbeb1e61be1738b633f370"
"076c897d-4e36-425c-8f95-eebfb68cee24","10196d03a65b136514125380fd5f8b60f5108b5f"
"076c897d-4e36-425c-8f95-eebfb68cee24","10196d03a65b136514125380fd5f8b60f5108b5f"
"bde6d45f-e76e-4aa6-8a39-767016396f1e","8f973a6f3bfe346d3f2a887da6314e3681d8522d"
"24cfd6d9-f578-419c-84a7-8f86d51a23de","a8b02dbb7c5a57b4e27abd5636cf8d12d2c6e9ce"
"cbd7121a-a2c4-4d9a-ae4e-b09c2ed25650","6021eb922d5ad2f22e6b1b2b25613e2574ba31e5"
"cbd7121a-a2c4-4d9a-ae4e-b09c2ed25650","6021eb922d5ad2f22e6b1b2b25613e2574ba31e5"
"ee0a7e58-708b-4ed7-956e-8eabd4c9d418","8ab7c2c06b018e093f432bf8d45c45fad73b13de"
"0c1d1861-da29-49a7-b39b-85f217394f1a","37be5e967bc83e3761022879008628f533d6533f"
"8157cb7b-df8f-4064-8435-6db07552c2ac","50707351363147b4c409aec6251f1ee87bd85c0f"
"de9e3bbb-9718-4d3b-a1e9-c7c9312aca95","a9b34438c49d4729a2e39ee69b9e1dadd0a4311f"
"8a0671d9-ec34-4f3c-9ee2-8c0701c654ef","5572ba164953a61a4604f6a1c16d2e11a76a10eb"
"4bdb37ef-6fe2-4915-9957-1b58e9a0bec5","00d370e1f810af4b72663aaf59adab7c8bf93d1a"
"cb6cfe37-f0d3-4acc-a3f5-fae702f52107","20031e37bd8737028e508da073c92f8c2331aa91"
"b3644db8-1396-4d53-a63b-d386866bf5d1","ae9b1956049983709d95e091bea27901ba5c51af"
"d07c3e2b-89e3-4ac1-95b1-b7f72736f5ab","0db273a0c94b387df02307a4abb0ebd834904e5f"
"2d5bfcd5-a857-4786-9714-891b6266b5db","0e5f5f5b13fd8d2fed7e546d6a1a9c2c5173f89b"
"902ae68f-06cc-4dbb-878c-45a9519c2cca","bb42525b50b7a20c64397d77045ce7e29a626980"
"044653c4-36d3-4bcd-832a-f543f6c53425","021e0d88ec1c3d46cf6b6b3f0aff5283198e1236"
"2b8560ee-b211-4305-8d8f-559bc70ed374","1d14e1900fa7fecea8af7c1df5723a7cf1bc0a99"
"2b8560ee-b211-4305-8d8f-559bc70ed374","1d14e1900fa7fecea8af7c1df5723a7cf1bc0a99"
"d0731ecb-62fb-4510-a01a-22cb22e37dc5","5296d5dcedb8c4400a76a071cfae10b5d02c89ee"
"d0731ecb-62fb-4510-a01a-22cb22e37dc5","5296d5dcedb8c4400a76a071cfae10b5d02c89ee"
"d0731ecb-62fb-4510-a01a-22cb22e37dc5","5296d5dcedb8c4400a76a071cfae10b5d02c89ee"
"46626cfb-e971-49db-bbc9-a53fcb0f960a","93107dd078f5276dba3510dd5a9f19e30a80d014"
"aaff1cfe-92df-4d07-a899-bcd44fbb1a61","b7ee239227eba859900fa960d75ecfbec338dc07"
"3eb31c35-b275-48d7-8837-93d64352bef7","6113f26446b0a31850f1fae3fed012aaa204363e"
"26b836d7-0024-4c66-8acd-771c47deb411","10f617e9895e109db4951517ab43c5e4154c2d40"
"0cca6078-4e28-4a0a-a01d-1258f7661af3","e8bb645f10c7d3555396807cc9374b8c3dcb774d"
"833a1477-1db5-4226-a1bf-b0ce91d1be1b","d98216a465c8e98286ad06de248218be7884137d"
"ea951e77-3e77-42a7-a210-4ba08b91182a","661103a8bebfa410ddd68990084a2ccb0fae245b"
"2dc4e4f1-5123-432a-bf0e-e9cee21480ae","81192df3e58b23b0929a192c42925735d365259f"
"2877d386-3a27-49a3-b100-f1e36e984130","d4739a5f39d8f5d4042918964130e29c03a4ffb1"
"2877d386-3a27-49a3-b100-f1e36e984130","d4739a5f39d8f5d4042918964130e29c03a4ffb1"
"9386f886-df4e-4a8c-9123-8c45852db72e","b71974e33fba0b5e97418b853c18a41c1be37c4a"
"eba26770-a24e-4b39-acf3-291c056f1c8f","43686c526f6510ac98ab31a709332ea3b9d0052c"
"c6a5d8a8-8999-443e-bf96-6c7299a8378b","1bd2806a22f5f9ceb2e6d035f9e46c3480f4e98c"
"c6a5d8a8-8999-443e-bf96-6c7299a8378b","48870008c8da2fc2a48962052fffbb5d9219410c"
"9c7ea375-cc68-40b0-b688-ec680cb74921","949bbef209e7f5d507fcc7813d64e4b97eff5a1c"
"70d549dd-16f2-4061-904a-45f57a0868dd","73567ed00c0014d6a6a8e8e57bcf738572b18c41"
"81d37f37-4167-4803-a59b-42d5deb5c65e","015dfea238f2c0f75388d450d7f323158b2a1810"
"5da32b26-71dd-4bf1-9d13-54f8f0eaeae0","d7c5ca932728906ab92fd9c22805211ced33e9b8"
"e890a417-3e6c-4cea-b6c9-5026c5e0525b","9ede1a105442eca249f120b6dacf245400a32f31"
"7c3b95ca-fad2-45ca-98f1-5d426bd7b8fc","414ea7102fa83f967b35e1ca0831d654dada43f5"
"56b1d685-9b10-4fc9-8705-463babe2bc8e","0d192d2fcba583e15cac860de35446267c0c9ac2"
"43c33e74-b494-4608-bab0-7d6f26d03cdd","d5609f16b27d28257033bf622acbdfb53f147b46"
"30835ef0-29fb-4908-bf44-5afdd30ebdd9","27e8be845bc33ff22df84aa90657fa5053e32a38"
"30835ef0-29fb-4908-bf44-5afdd30ebdd9","27e8be845bc33ff22df84aa90657fa5053e32a38"
"30835ef0-29fb-4908-bf44-5afdd30ebdd9","27e8be845bc33ff22df84aa90657fa5053e32a38"
"30835ef0-29fb-4908-bf44-5afdd30ebdd9","27e8be845bc33ff22df84aa90657fa5053e32a38"
"30835ef0-29fb-4908-bf44-5afdd30ebdd9","27e8be845bc33ff22df84aa90657fa5053e32a38"
"30835ef0-29fb-4908-bf44-5afdd30ebdd9","27e8be845bc33ff22df84aa90657fa5053e32a38"
"1eec159a-980e-48c9-af69-9a78f7c0e78c","784889765376497279a92c8139cd1553652a8877"
"8f1e7f94-b788-4ef8-a825-efc583a80b5b","9422139b3b7756f9ee794b8a82e3dfb89684aaeb"
"8f1e7f94-b788-4ef8-a825-efc583a80b5b","9422139b3b7756f9ee794b8a82e3dfb89684aaeb"
"8f1e7f94-b788-4ef8-a825-efc583a80b5b","9422139b3b7756f9ee794b8a82e3dfb89684aaeb"
"8f1e7f94-b788-4ef8-a825-efc583a80b5b","9422139b3b7756f9ee794b8a82e3dfb89684aaeb"
"b12a9e35-a38b-4cd0-aa53-2e57f1dfb7f2","2eb1111b640886210c779da0cb0cdb72ea3939d5"
"8ba25093-96a3-4301-8b73-7234147c947c","bac139f48df3e2d7d84919779cefa1653b2c87a6"
"8ba25093-96a3-4301-8b73-7234147c947c","bac139f48df3e2d7d84919779cefa1653b2c87a6"
"8ba25093-96a3-4301-8b73-7234147c947c","bac139f48df3e2d7d84919779cefa1653b2c87a6"
"a28d347b-0626-4d75-8f08-02d793e01794","284203d6d6c67548220416c93035a1dec2b64ea0"
"a28d347b-0626-4d75-8f08-02d793e01794","284203d6d6c67548220416c93035a1dec2b64ea0"
"e7683cf4-7f95-434b-8077-f0495a094fbe","48ecd8a3d48f9771297778c8489fa43059bb8cd8"
"cc33cd54-ecac-4bdb-a7d1-dfad55624ce2","8d843fdcc4cc1e59d7c68c181fb5cd660cebce04"
"6af0d990-7ea1-42e7-b56d-97b91be7bafb","bc21802228131a57951f96cf8ff90fd4790769e5"
"6af0d990-7ea1-42e7-b56d-97b91be7bafb","bc21802228131a57951f96cf8ff90fd4790769e5"
"6af0d990-7ea1-42e7-b56d-97b91be7bafb","bc21802228131a57951f96cf8ff90fd4790769e5"
"7a46186d-2e90-4522-9de7-1756d23d3531","94902175d807e0a5904deb76be426653104bbb6c"
"7a46186d-2e90-4522-9de7-1756d23d3531","94902175d807e0a5904deb76be426653104bbb6c"
"a4b5111b-6991-4feb-b6b7-596327220f90","60b1ed20c51bf65f11d6525c20f864a2530b5259"
"a4b5111b-6991-4feb-b6b7-596327220f90","60b1ed20c51bf65f11d6525c20f864a2530b5259"
"d17080e5-df1c-4e71-994f-19b219fefbfb","e6eed286d4e0da468dcb67b46a8a38602855c32f"
"58cfbeaf-d13c-47a7-b402-4f94f7e65619","0c335d708e524859e439eec84ad964441ec7669f"
"1b5e4d86-b50d-435a-808f-aeefaee6426d","af47ef444f238e50a0ed9be599ef9420436860c5"
"00d075f8-4ff1-4bfd-bd79-543c442f06ec","8e098cdffa928fcdd2a526df472bb1ce3bd615e5"
"d1804df3-7ea6-4570-b590-f035d3fa1fea","f3380802b76f0a535963891c749a1a3352a852bf"
"5bb9f952-8726-48c5-9a45-e9de362e261e","3968f605c4e0a9963c144974bba330d1c3a5885f"
"2812bf3c-5388-417e-9813-1c723fd8a1e1","2a40548e02be936bae724aa80ebd1d86b9347f58"
"7ea9c48e-f396-4a30-a852-a7c47255251e","4eb916edff92b1d0e89ede29d791ecfc24e7a340"
"6ae0220c-5e0c-4825-80d3-8ff05c5fef05","be4bb49cef756f9b7f75158a9cafcc3d55ab960d"
"d6e82e65-a453-4fbc-84e0-d9e6f3b0d3ff","a72f81c57dd7b1bd776fe395de3228995133792a"
"f7fae14b-12c5-463e-a437-d5d215af3270","a583e2a8a90649696b0d1213ca2439edd7c8ec0e"
"0b2a7ddf-bfdc-4018-b1fd-a4376d6530ed","c9c32fa8e5b85ff4a79d7257e8c00a878ecc5196"
"9a69f99d-a478-4ce0-a196-fa32ee93c07e","b74a80eba5d3f4f7e976688d78b22614a0f397cc"
"a2115d6b-587f-4a6a-aa68-37585d5d545c","e4966fa03b6d0ec87c3e819865c35691bf8879b4"
"c51ac34e-6cf1-4f85-90ff-b4a1ec8e52f1","de78b15b974165fe54ba5028e092ee194078408d"
"4aa3007f-236c-4a65-ae9b-ea5ea634a433","3bca4a0eb8367aaf0b5571b9b660295b6e5b4f15"
"a83c3562-df5e-4c12-8c2e-cccb72564dd5","cf80ba2c839ae9ce2055848ef84fd4dcda0743f3"
"cb1354d2-8153-44bb-95e5-0e681d28e8ff","afc471547f312eb6ee0d34a8fe1772d4711a7e0c"
"33e491b5-277c-4516-a576-3b3a0a497c26","7cec7c17df48a9ceb15c931b3952ed7de85e1388"
"2921c4b4-79b2-4a73-babb-08c611235d24","5153a51bfe5815e5151f93e08a62d7d6fbd11738"
"71eae8d6-e805-4c92-855b-5889976fc4df","e4f4ee3dbad492e8e1a5836bff7f3377b03d8bb6"
"71eae8d6-e805-4c92-855b-5889976fc4df","e4f4ee3dbad492e8e1a5836bff7f3377b03d8bb6"
"71eae8d6-e805-4c92-855b-5889976fc4df","e4f4ee3dbad492e8e1a5836bff7f3377b03d8bb6"
"bb73ed71-f7ea-45c1-9831-5cb6803c417b","e151ead8941b65adfc1e795ba1e71bec05902495"
"bb73ed71-f7ea-45c1-9831-5cb6803c417b","e151ead8941b65adfc1e795ba1e71bec05902495"
"c0cab16d-f340-4361-9c28-03b6248fda12","59bc58e48b1bea0fa16464213d8748ed2016373c"
"926eb4c1-b3c0-4683-9854-380b5f0b9ce0","45779f7a530e150b1ac8712b9b7b9b09616f2dfe"
"926eb4c1-b3c0-4683-9854-380b5f0b9ce0","45779f7a530e150b1ac8712b9b7b9b09616f2dfe"
"926eb4c1-b3c0-4683-9854-380b5f0b9ce0","45779f7a530e150b1ac8712b9b7b9b09616f2dfe"
"3db75ccb-4807-4e74-9d07-042da83cbf6d","7f42ab59cdaf06ce0a0c9d69f93dcc5bd44561db"
"6e621cb9-568e-47d9-80fe-904108627be3","35772beb1276b2ec11c798804c1afe60b7cbbfe2"
"af1a5f6a-4e06-4007-87ea-5ef4845454d5","1da21738a76a27b06c538c2238888739e8ada0cd"
"56e7f593-3ce2-48dc-830e-96199ddc753c","b5c542ece22a5a9573466072bada87f00a65739e"
"8577e973-afcd-4cf7-b51a-695437a4d10b","d1eb2caf4a2b3255839d49f12f879dee931bda5e"
"7e716a47-12ab-42ae-ae84-2e9ddd7c7661","1690ace21c5131aa3189981e01c9391c2edb7c6b"
"9882d162-bde5-4aa9-a4a0-203fd6755f6c","37d506eeb4a8a3d2852b69fd18e5cd82420b27e8"
"7e6d21c4-97db-4c79-85a3-f531a0b79ef3","831ba2e8eaed1e212e0f339f2cac1e8316db5bb9"
"1bee60c2-f89b-46f8-858c-3ac80bb01f91","85ac4bf0ad7b4858247c3aa15f7e62239487f3e1"
"a6857cbf-e9e1-4fac-b632-abd1980fc4dd","723af72bbf2c5a848ac7d6d55b5093e09e7148a1"
"a6857cbf-e9e1-4fac-b632-abd1980fc4dd","723af72bbf2c5a848ac7d6d55b5093e09e7148a1"
"845c8626-b710-4325-b71c-d8ecf91707ae","85cf7c4fbe05c6a597f85af4700e7d73eff1160d"
"6ece1c52-9a06-4ed6-833d-5d39a7125963","0e2e52d80bc4296c062f6a886ad81f752ac94aa8"
"22e9a029-cc83-4e72-9f55-3c78343cf56a","f854f54690ee4ad42e84098ebb280e49cdaa8e80"
"d5f3e73a-13cb-4bcb-8868-ebba4a7f33a9","c9e36ab8b6e5f4f77a893e58d5774ebc87d198d5"
"139fdbfa-7304-4c95-ad1a-68585c86f8cf","dcf2a472054f1cb725dbb41b0abc9fdb528d14bf"
"89c662a7-fceb-41a7-ae8a-57604fd35c35","a26b47359f1cfe988db52b8635b77275d6a42302"
"9f4bd26b-0ea4-439a-90fc-1a4a5eba0c53","a0335d2b2f12d51913d8ec7156595084aeeaff4e"
"7917a0b4-3dff-480d-a9ca-05410f1b11a0","c3b8fbd5628e4835565001aaddf9b2a3ea632c29"
"a14ee05f-3b67-44d2-9ff9-3fcf9739bb03","4dc17b7f7e68229c4d09e7af27d30bdaffc7f299"
"669095b7-8a18-40bf-959a-88e8a8b4f4b3","be09ce93be57024a8f00673ae47347994523c18a"
"fe9af3cf-e7d4-4958-9b54-838a8c611852","e908140ee58f483a80d31a5b57ba846c91b39a68"
"f20ac64a-3db0-4267-834f-1cc714cdf182","1f2292846af107dde86124fab386c055b917af75"
"20f844cb-40ef-4fdd-9d71-7f36abd0c94d","c5d8e227f049e6297a1ed21eaad682f13945c634"
"b7e2e9be-f500-474a-82b0-41a579438ace","5eb86b4bb599cc23353d9a6044cb944340ab7c0d"
"8676f5f8-72c3-4586-a0e4-8d55414f87b2","6b5a2fff139b3353016dd8d5080484f795ccbe67"
"35fdfa7c-5ba5-42ca-9da5-c22242b570be","84d5b02e0eb29e2f68e9ba1e22c37b992ea3205f"
"b22f32d3-847f-4427-9c4f-fb0975cf7514","e801c0a178edbbb62656020a2816d4bf28ab07cb"
"19dc70e1-03d6-45fa-b913-05081e8b0869","e91c19bc40f6ffb67881ac4ee80c66f7bcbb6a56"
"19dc70e1-03d6-45fa-b913-05081e8b0869","e91c19bc40f6ffb67881ac4ee80c66f7bcbb6a56"
"af985e04-724e-4d10-a8b2-cdc1bf069ccf","1999d24cb7ce29d0c431a04afaef20aa09ce1826"
"9037e9e0-1bd0-49c5-9108-35a83468d82a","7e942f63d15fb0639d6c7105d27beb6962c2b3e8"
"d8e5ede8-223e-4269-a092-943aeda7f14c","e335121dd5dd8828085792cb453fadbb12b5e4c3"
"d8e5ede8-223e-4269-a092-943aeda7f14c","e335121dd5dd8828085792cb453fadbb12b5e4c3"
"d8e5ede8-223e-4269-a092-943aeda7f14c","e335121dd5dd8828085792cb453fadbb12b5e4c3"
"1aa25deb-0b24-4c7d-9d55-5ea5cbdb8164","6d12e30a39fcb3482a763509fc8cfc07945e194a"
"3f5fbf53-e711-4067-80ab-ae776264611a","06332bcfcb894771938b270ca3a4620018a4b7a7"
"3cabcaab-9cb0-42f0-993c-d066f39ff9a5","3a6dd9bfb4fe8fc3eb0a35c0a42ee48ba2ebe47f"
"f829aa9a-6063-4298-a143-0ffedd66a080","99197b2c0b4cb81dd944bf3fc2d67ab7b94c201e"
"cc34d10d-ea72-497d-9643-2416486f6ffe","e78f1821952ed98324b7c83344f116336cda478a"
"decd589b-15e5-484f-ae02-0044c9ca212c","7ab6d47ed84449e848a12c242ac750f04d7fae92"
"a78c5db4-81ae-4d96-87ec-aa654baf19a7","d7808cff057ec3712a1d2949c8d3f67ecfafe560"
"de03dbe5-7414-400a-aa77-ad0dc744b359","6551f7e9cc216b7ae2caedd7a8b78308e90d1028"
"8a7502b5-c9bc-4946-b99a-27dbf83a39cf","8bce287fd6e366d3e7f1aaa77d58b3c1ae268b2e"
"1435b9cd-b0ab-4799-9703-d7a005a78254","eaa03d3134b2b27eedbded461251167e0771ee19"
"de6f2054-1aac-4be9-9038-22fda2cab63e","8efbfda40c0548d4f457b55db4f979377d3a4e10"
"6a00cc48-09ba-4315-a9a5-54b92fb9cc39","53c6beef3a42f9d18185722a3c7351df59525b7f"
"b8159ba5-3a60-455e-9a67-006df960edcf","f25ace18701ef3e4f60e4628d14af13403a0ce6e"
"b8159ba5-3a60-455e-9a67-006df960edcf","f25ace18701ef3e4f60e4628d14af13403a0ce6e"
"b8159ba5-3a60-455e-9a67-006df960edcf","f25ace18701ef3e4f60e4628d14af13403a0ce6e"
"b8159ba5-3a60-455e-9a67-006df960edcf","f25ace18701ef3e4f60e4628d14af13403a0ce6e"
"b8159ba5-3a60-455e-9a67-006df960edcf","f25ace18701ef3e4f60e4628d14af13403a0ce6e"
"8e96f657-1d8d-4b6f-a17f-5fa227f57a34","cf1a8fb9c7eb6ef7ee66e5881a20d80dec7d471f"
"763af622-e85b-43cd-83f3-327484cbc658","a40465d1add800892c5b2390e17e97ae12c3252a"
"6575dfaf-b22e-436d-b8fc-a5e7318034f8","b4ecf275968938258c7b74cd33051c38da816107"
"6575dfaf-b22e-436d-b8fc-a5e7318034f8","b4ecf275968938258c7b74cd33051c38da816107"
"6575dfaf-b22e-436d-b8fc-a5e7318034f8","b4ecf275968938258c7b74cd33051c38da816107"
"6575dfaf-b22e-436d-b8fc-a5e7318034f8","b4ecf275968938258c7b74cd33051c38da816107"
"6575dfaf-b22e-436d-b8fc-a5e7318034f8","b4ecf275968938258c7b74cd33051c38da816107"
"6575dfaf-b22e-436d-b8fc-a5e7318034f8","b4ecf275968938258c7b74cd33051c38da816107"
"d53e0ff4-1425-4e4a-8b5f-3889d302224f","dd3cb1334917d01f5ff6f1a77096fa81c6e08b1d"
"5d197cc6-1c22-4965-a9bb-457d357cd030","3def5a38fee20a44815647571a01d4cf14b87d8d"
"5aaaee26-5c5f-4e55-b98d-63f7eb0edb40","59a99d5e82672c745a1719d402ac79eaf7c2c146"
"a08b4a9a-f206-4f59-b1d4-59c01dbf8ed5","c1e2eca643a09350ca06c3871cb113946774d9e5"
"a08b4a9a-f206-4f59-b1d4-59c01dbf8ed5","c1e2eca643a09350ca06c3871cb113946774d9e5"
"a08b4a9a-f206-4f59-b1d4-59c01dbf8ed5","c1e2eca643a09350ca06c3871cb113946774d9e5"
"a08b4a9a-f206-4f59-b1d4-59c01dbf8ed5","c1e2eca643a09350ca06c3871cb113946774d9e5"
"a08b4a9a-f206-4f59-b1d4-59c01dbf8ed5","c1e2eca643a09350ca06c3871cb113946774d9e5"
"b51d072e-ead6-44f9-88c2-eede1f99786c","4d306458c64ea88b1cc322d490f170b61419afc3"
"fd39c83f-9a20-4dd5-8410-364fc359be7d","d5b722d35e4a22b7222710adf065619a886fac71"
"b29a025d-d2fc-48df-9c9f-5b596bf72d25","151db22e379f8240797dcc4562db91839ef8ad0b"
"015e297a-3511-402d-a135-ac53cc4feefb","ed09506abe4f3ef328ef9ce743ec57ecbb596e31"
"b895016f-6224-4f26-bed5-3744c2b4ff6b","99443053ab1302893f3d25ad43fbbec7aea05d76"
"c0d33d2f-dc14-45b1-872b-b54e44e66dc0","6f6523d8b36ed763682c1682751faadf9a99eec8"
"3f3bd3ff-a9d6-42cc-b52c-1fc322ab2e3f","adcca74ecad497b901459dc51b4f9a1e9dc145e2"
"b53d74bd-f138-4eda-9620-47de840a4edb","cfa76e5cfd4cab033000e4a7ddb84b4b3c01f949"
"b53d74bd-f138-4eda-9620-47de840a4edb","cfa76e5cfd4cab033000e4a7ddb84b4b3c01f949"
"0f09ff76-b853-4dfc-9155-c82aaf5aa9a9","1bdb56ab13b41d91b35f4dcfc78461ce1bbe8b20"
"067e35b9-9e6f-4fc5-8f16-6505ad88aa85","7d8b932624e00da64f653e40285459c81fb16e7f"
"9c7a5ad9-ad9a-4cf0-bc78-ea5910a0317f","774f9aded99a3a010645991904ea94c7e4e81a90"
"af3a9749-2fc1-4d9e-a12a-2971e636bb66","9217830c7531fc34190dac29c243812ac06f69d3"
"8efa2e67-69d2-4360-be95-5f46b581d24d","f38c0cf09bbc123df043162935851c9c88b9892e"
"8efa2e67-69d2-4360-be95-5f46b581d24d","f38c0cf09bbc123df043162935851c9c88b9892e"
"3c648fd4-0922-40c4-99b3-f2f6c2bab3a7","f2d4eeea47547e58723afea9a490770fac77be9e"
"3c648fd4-0922-40c4-99b3-f2f6c2bab3a7","f2d4eeea47547e58723afea9a490770fac77be9e"
"3c648fd4-0922-40c4-99b3-f2f6c2bab3a7","f2d4eeea47547e58723afea9a490770fac77be9e"
"3c648fd4-0922-40c4-99b3-f2f6c2bab3a7","f2d4eeea47547e58723afea9a490770fac77be9e"
"3c648fd4-0922-40c4-99b3-f2f6c2bab3a7","f2d4eeea47547e58723afea9a490770fac77be9e"
"04fd8efd-c71f-4360-8c8a-634057d34ee0","91e1d44ab4d8aa06ea7d2c24ea3fa0615e5bc00f"
"b272985f-f536-4cb0-a880-0be56693d666","f5ba05dfd78168baa81c12eb61843eb962c3e698"
"46d24c11-b6de-4467-be74-7b973f524adc","8e60249fec662009bb366a14bba4a1289e92fd48"
"77277f12-00fa-4e1b-87a1-130b19ee0428","0777435b6dde46ccd9f3fb5b8e887a9535a63dd1"
"eff429d0-6e8a-4f36-bd25-aeb47e455360","30ae64378ab9088fc41da795c8dddd8d28bb7871"
"7f913009-7c61-47bb-b309-8481d0dd5ce9","3e08a373ae190865dbf750ac6f95a76d72ee29cb"
"798a1fa3-2b01-4032-b6b1-97724fb1e6b3","4b17b39a2ddbe66e1d7d0bb5e6fb8188b59e9bc6"
"087dec2b-ce09-4664-93ab-07b30d58d875","8c243b825c2afc22acf6489d77f7feefbd9243de"
"3220fa7e-7a36-4fe6-b008-fa8ba57fa36c","59f7632cc9e024b7650007986957dcc09af552dc"
"34168eb3-aac9-44f4-a942-2da1517b6d1c","c65be3cdfd8b78b67a6689da6890521863ad87da"
"5c459e3a-e723-4268-8592-0bc973328b18","65aa08543b11b74ed726745b27509b254310dd42"
"e06fbc0b-9f82-47df-b20c-a7319501bd52","9e0dd5aa771e39c9d3522a84f869498da26930a5"
"ca71456a-8717-469e-be03-8f78f9afdd75","162009ad84569c890f9b351ff502629037c1c8ee"
"849299b3-e5eb-4cce-b778-df9658ba8dca","249a4dbec74d4ffdfe6d6846a6b01533cc0c7023"
"19b4dd45-187f-4c43-b323-fd0c197f6bbd","61257f93caac06c23e519cf6f4e1f83f519de753"
"80b47bcf-2a63-4288-8e75-d88a73b52158","fb5b7cbc5aa15bb71a002d7a0a8da9f176617bd0"
"b696b49b-f199-4377-962d-6495feb6a0db","6cc5742a194ebc8d7bf9df1f75038d3e7d4823fa"
"cdbea156-c3af-435f-aeea-4d3f09a08810","6110f4118e4592274a4bb6384d2bfc108b2bc35a"
"a863c260-6b78-4a45-a9f9-68a2ceb266de","23f687a6c48a7b075893a827e9d53b1d041e79f6"
"81f2747c-7364-4fb2-b81a-6d2cef22f919","7dc478b94fd258910836637cd812727a694d3d0c"
"78bac030-0726-419a-ab2b-dd0345cdd8f5","161be64022b25f7690e6e5cc9fa758b7d9ba4841"
"6bc6db18-81e8-4277-9e40-4396d3b1c2b8","4bda99bb4492ac360b3ccbe204963134bc27e726"
"82d3fe6b-7c8f-4652-9b9f-38b52b2775c7","7a7007d208d1e7aa2391d0206424666a8922a15d"
"8bbc4afe-a764-4190-a858-a3bd7aa087da","6ffe20eaadfd31ae859abd33cff7b0b2f7b5f53e"
"7fc462d2-36db-4250-817d-5ce44f72b795","a82fcd48b77c8a768b3ea683be8e75999e5f33fc"
"4db73700-6470-4e7b-9c13-84a1e3d93712","a07b51d4e508e8c5acdc17fe10f6f3dd7661054c"
"4db73700-6470-4e7b-9c13-84a1e3d93712","a07b51d4e508e8c5acdc17fe10f6f3dd7661054c"
"e3e3822a-f9c0-49df-9f7c-0e393deb4fff","820fb7ad2b5d55a88ddb55253c0f5ae5686a4627"
"e3e3822a-f9c0-49df-9f7c-0e393deb4fff","820fb7ad2b5d55a88ddb55253c0f5ae5686a4627"
"59b9613c-ffc2-423f-8997-073e1e386f72","05a83a2dbe1c17ffa232b8a086bbcc09f29e79e6"
"572a0679-a8ac-489c-93a4-c83603f0745d","2b59315775d10dc68e8fe3b061ea6eddd5df6c05"
"ee57e5a3-72be-4c7b-b588-da2e1fb4dcb8","49adcf40243fae1a283c0b4524dae00f53c0193d"
"3a563231-588c-4295-b685-7531fc52a524","940a3f4d0627a5ec64580de4cac58e0c8fe9f7ff"
"1d9ae7c9-5b2a-4eb4-bea8-6ce9012955d1","5bfbfc9b327bf400306da64fc4700dad412e8b9c"
"f9c28cf8-fb4e-4017-9c54-0dc0387e7545","896a5eb932840513f81350ab12a24012e40ecf9f"
"1abb30f4-21a1-4aac-8ea0-b86e580638c1","85c00f1406c31fb9646a3736e5f9cde3dcf5ca8f"
"cd5367cf-fc14-488a-bcc0-1ba1274cbd3d","b7f714c21cfe5d3ba1647e9710fd05c633d6639a"
"1ff87c91-bb8d-47fb-b905-cde024c4d82b","e6375ecb24ff9c7ab4ed13f74acb61f49e88f9ec"
"2ba0936a-801c-4f35-a083-7863088e2f40","908621140aaaad6e12fe8a4e8a5bb09a0a2337f7"
"3b944eb5-5515-458d-8f72-92fcd6f98634","1386faed605226af964570587070a73adcd38121"
"a3ebdae5-df34-4f1e-b9a9-ddf3764e7454","ec85654a0f5dea0ecab35dadaf2e460a2bebaa1d"
"01007e96-9662-41c3-a0c7-13032ed23c8d","7d2a2cea186a8bef837f6168c48e6159ab6ede1b"
"63d3d8a5-d07a-4abc-b854-acf812b1d4fa","0672c497854133f4826c33a0b93b065e9bdafe83"
"b13fa0bf-7f00-40eb-9381-a8f64fb10fe0","68a664fe51cac04cad3ce2b3fe1f8f73ab3dba6e"
"b07145e9-6427-4bd2-8525-d9ed356e1994","1af2deb5825b4bdd3be5390d406ebd4fc23a35ac"
"b07145e9-6427-4bd2-8525-d9ed356e1994","1af2deb5825b4bdd3be5390d406ebd4fc23a35ac"
"b07145e9-6427-4bd2-8525-d9ed356e1994","1af2deb5825b4bdd3be5390d406ebd4fc23a35ac"
"b07145e9-6427-4bd2-8525-d9ed356e1994","1af2deb5825b4bdd3be5390d406ebd4fc23a35ac"
"df0b954e-fce1-425d-b545-62aa101fd023","92fbc2d614a518c362db81efa7ae9d597830d7ab"
"c54c99ed-2014-485a-a74e-dc7b317a10f6","9276f284d7e59e7f9e02f6feb5c029d13d7ba8d9"
"c54c99ed-2014-485a-a74e-dc7b317a10f6","b28b0cd5934624bea608f3406979a3621f7c9e10"
"44856838-d0eb-4260-96ee-5349ffbe4e00","5f6f17f93d239b9a26a0ca0beb693f0b851aa8fc"
"44856838-d0eb-4260-96ee-5349ffbe4e00","2c184af41e118de8d1ffd597daea7ccf54be4723"
"f739b59d-6a4e-4598-9e4a-56b86e45ee04","a72b182ac7603bc0acbc2d8f200915d36103bd55"
"f739b59d-6a4e-4598-9e4a-56b86e45ee04","6620fe2139fc28184611f6779a5919946b3280cf"
"f739b59d-6a4e-4598-9e4a-56b86e45ee04","130f7eaa7f4519a029ab1605119a5e10599d54c2"
"cf308f70-3cf6-4996-b42a-e05abf8eb9ac","d92c3ed7c4ab33c7cf56858e7dd65e52246b2812"
"cf308f70-3cf6-4996-b42a-e05abf8eb9ac","748701d99397b266df8a9ce0e6195ffc161a82ab"
"261bc8e0-ef1d-48fb-9ba3-d0fce3f2afdf","52f7dc106f7ce70429b1a566a2f06f0d0c03946e"
"3e292826-fa24-4c81-8621-e7f93b302b7a","9582585fa1d9bd4f5f3bf51c155251b73093936f"
"3e292826-fa24-4c81-8621-e7f93b302b7a","d797f33f47742d704f569dbe3efca9c5fdaa5ee4"
"2eee5860-3ac2-4cc8-a76b-8edaff37d3fe","9175d07eb7a81bf989242bbe5324f0d5b3c94cc4"
"0fa42b36-b827-42b0-8e2f-36cd09d7ac45","7849f6d66985ed87e7d9523ecf0696368a63f0ee"
"0fa42b36-b827-42b0-8e2f-36cd09d7ac45","b5b1dce603227ab8825de8364326871d56083d64"
"07426dbb-aeb9-4b6f-8fa0-cf522840edc8","8cce1ba7f865d67ba578f420c98631448b9ec6a5"
"8e01c8c9-f0ad-4785-9b7a-b69e816b9d5d","fdd57dca85a95208345a9cd914136218825ebad9"
"058385e8-4b2c-4a24-bd85-3e183771247c","1b45aeab105a2a39e333c6885437183273aa1a00"
"2d5cc577-53cb-416a-a9f3-09e0b54e9a28","25e4d8c20605aaa7d0bfc63d3389e69acddc4b81"
"68a24984-b5bb-43a0-a8fb-297f7f8c5c8e","79a7d8b46a32478da06bd10594e4c574faee4b8f"
"97b0313e-e4e7-4c0c-a713-65e89c421dd4","49a4cb1e731c3913fd068836692ad2cc595bd181"
"ccc7c01b-a3e2-4f5d-b3c4-857326e230d1","48cbc6cd198958f7d9491f9f80da3b03a33b5f5a"
"f6c7e8c7-04ca-497d-b06d-f4469ab81388","5b9c733b3f49ace5d6305b6c6eb403aa6e53035d"
"f6b75fd7-1c56-41e7-b836-93ac3c2cef37","c4420f17fcf25e383b83fbea29328bd3fef1d2f5"
"36484f94-5c44-4ba1-9838-31afcd9c319f","bbeaed3c4df65304b6a49b9f8ea9ed9d0425ae6c"
"36484f94-5c44-4ba1-9838-31afcd9c319f","bbeaed3c4df65304b6a49b9f8ea9ed9d0425ae6c"
"36484f94-5c44-4ba1-9838-31afcd9c319f","bbeaed3c4df65304b6a49b9f8ea9ed9d0425ae6c"
"3b0c6e9b-9185-4239-a127-a7fa1d761530","5fe258d7909d509a5f2fd115b8a77ab13be72293"
"b729b7e1-9baf-4e5d-83b6-e99dfedf2e7a","672cfc676acc4ba96460b50ce64eac5686f14295"
"b729b7e1-9baf-4e5d-83b6-e99dfedf2e7a","672cfc676acc4ba96460b50ce64eac5686f14295"
"ede2b7bd-2783-49c3-9796-5f2ec31c9e9d","2d12e7b3bf11f02c61ea9ab7c7714096e20b6fa1"
"3515f0e5-adca-47d0-8ab1-1d15217216d1","622ff1abc00d6771a3ee132f2f8532f3730d0132"
"767be467-e390-4ff9-b005-675e1bb43c35","6aceee7bdccabbb9dd5a800889715b61b785ea3d"
"e96772bb-6c4b-4819-b41c-2e94a13bcd2f","be542a7b40bdddfd2551deb4e6280d1dd2ad72ce"
"64cc2845-0763-4336-bd7f-ece605d6bb63","cde4b9ffec8c4018aabae7149e47022038055d3b"
"7a3fa0e6-fa13-4264-ac0f-56ad83d3affc","d3009dec46d500ce4f87c411a32e42ba0fdcb7d2"
"f690bc2a-92c1-4b97-980b-b42765e3d9f0","a510616f86fe4856962d102470f853a8f369275c"
"cf73a256-b10c-437b-a8a9-53d7d8092b53","f00a372a69ab2a480b0c92252650bc0c6c838cdb"
"ff8d342e-82e9-4bd6-be2c-3298f5dbde21","d8658003dd4553956660c5ff91d2a0bf3673604d"
"d7ae7099-090a-41e0-8ec7-4808aa60b620","2b4945056342f35eb50aa273319eccf29dca4ccf"
"01d896a1-ac66-4888-8bab-5b5042580b4c","0731c1bc7ccb824442613f05546c95d4e74fb666"
"cc60abcc-1e90-4c98-ae8b-dd7adc627896","aa3e27f745d3f2da9b319acac28aa4bdfa331417"
"6e976db3-a3bf-4527-a534-3e793119a8b1","82bcc24eee7b5c61e01a6054f70f922cb943b0b8"
"80fdeed3-ddc3-453d-9888-bcce4cf5dfc4","438f62d42b29db816ab2a0b281ef5cfcac0c5bba"
"75786c3f-5ee1-4a7a-9451-deaa03f95b29","c384cc13f9427e78ab430c102816e7f1170db56f"
"67f8a9a4-50cb-4483-9f1e-3d4b30234359","edaedae1e1c54b3ab1c5ea8ad10fb5a3b071b49a"
"d94b57f7-03d4-4ac5-a6f2-6a3e967a5fe7","cb6274c1da052d5964ebf954e2a02419f03ce705"
"78d443f3-45fb-4882-882f-95356cf5cfbe","0d7786c95a387c0e2665ac3360ca2929ee83cdd2"
"6f5999fe-8e23-48c2-a363-5953e4457cb9","ac443bff03fd8f5f660f8d0e285a155512094aa4"
"a0d996df-f1fc-41d9-9dec-430e4100cc90","ea43bff7c57f368b790393910d9f554122235c90"
"c4db9ed2-0287-4828-9b3e-7dc5c7546b05","3dae98bd3aec10fe5e4932e59baf43e869770642"
"15d4f1d1-b299-43fb-9259-16f1c3a9a588","bd51736dcc8ae6b3931b3f07d0723c20e3af9902"
"15d4f1d1-b299-43fb-9259-16f1c3a9a588","bd51736dcc8ae6b3931b3f07d0723c20e3af9902"
"42c1cdd1-87a0-4abc-be65-4e54424f90c9","6881e3429bfbd12a92fa6d5851a58fa9c5671982"
"45d229db-121a-4595-b2a3-923d7d61a5ad","a7caec4dc62501c324f32e83d94508af903241dd"
"a76f882f-1e7a-457f-892b-ad8e5e68d0e4","af5f88faf1273eca1e9ca1e34484ec405ab39907"
"3c8fa604-d862-41dd-b9e0-757fdff4cfae","b64a14897cc2c3ea99644fd0d49d44b108265969"
"3baf78d8-5a55-4848-aea9-e777061adecc","f7ae4b7ee1262bb3df6d634ba3746e01632774aa"
"5a3caddd-71d3-4594-abff-92e078a055df","d06656769bb3b2636a538d1af573f8343c4164f6"
"875b0ea9-3e9c-4323-be57-39cd0d80c61f","2895d39beff88a8023ac5139da85a5a88bc9dfc7"
"875b0ea9-3e9c-4323-be57-39cd0d80c61f","e8a71b916a80316888181b728ee1d59bd82b44a4"
"875b0ea9-3e9c-4323-be57-39cd0d80c61f","2895d39beff88a8023ac5139da85a5a88bc9dfc7"
"30249107-ea88-4ae2-8ad3-1c4a7226f198","c96786fcd680a3511445aa93c480986189e37381"
"27b4649b-55e8-49f2-a5e9-eba94bf6916c","8978b9ece1fb64cf3281f0f70dbfef2877df5980"
"9ab21bae-7107-4b34-aded-f9dc80065277","f02fbcd9740a1189530c00487e30e3989e9f619b"
"9ab21bae-7107-4b34-aded-f9dc80065277","f02fbcd9740a1189530c00487e30e3989e9f619b"
"64600423-5d92-454d-adda-afe68a8f41c1","ddbc66f90b4673b162c72cb74496aacb35c4f331"
"64600423-5d92-454d-adda-afe68a8f41c1","ddbc66f90b4673b162c72cb74496aacb35c4f331"
"72ac00a6-4349-4fba-bcc6-325bfc2b65d5","8f9b3d991e29029192474693cfadb69a16667683"
"72ac00a6-4349-4fba-bcc6-325bfc2b65d5","8f9b3d991e29029192474693cfadb69a16667683"
"72ac00a6-4349-4fba-bcc6-325bfc2b65d5","8f9b3d991e29029192474693cfadb69a16667683"
"f183ec3d-7e90-4a76-8fab-5afdbe84139f","a83a0a9d60912a91c297b9d278c0a1e4207c8520"
"fa84b60e-b6ea-47de-a1b3-422f59dbb3cd","d87495d816bed0324f5b2c3ba4d4109e5c8851cc"
"d3b3364a-4e5a-47da-9274-8e777f459f9f","9a669a7776578ab96c2b2a4884fdf942e41bc1e3"
"d3b3364a-4e5a-47da-9274-8e777f459f9f","b414c576dc3a1353f584f684332c4aea0ed94ae2"
"d3b3364a-4e5a-47da-9274-8e777f459f9f","9320689004c55abd72c0134520b3ac315364dfa9"
"d7a780d0-1a32-43a5-8ee5-83431d9ad045","6316d5d668ffc5a7cb18177fabb65fb965b5207e"
"2629d641-e16b-495b-aab5-5c436f476d23","927fde98aad557340799c9d41cc3a406e9d5a62b"
"ac459d55-e5a0-473e-88b3-3d84ae9837d6","64a4d4daa953b193f08978ed8767a87ff2bcbf8b"
"ac459d55-e5a0-473e-88b3-3d84ae9837d6","64a4d4daa953b193f08978ed8767a87ff2bcbf8b"
"a7a51554-bbac-4395-8d79-528bc756aba4","672472036ca0d9a714c8a877eebf5ac1634f11c4"
"b6d83ec4-42c6-439a-9a98-f8d43755d93e","4d7a1c5e37723c99450519cc93044a5238dd4073"
"19ac2b39-5311-4a50-8dab-5984a99f1428","44f90d4da8728d166ee85141f28ab1317215183b"
"19ac2b39-5311-4a50-8dab-5984a99f1428","44f90d4da8728d166ee85141f28ab1317215183b"
"2ceb9d59-b4b2-42f7-a23e-609dea155e06","4b1a1cd3058b96101913de91d0f49177c244db09"
"63347b1e-db2e-4c33-ae1b-411ae6e7931b","98520dfd674db785cc00287c6953337b53ed8acd"
"3f5471be-f4e3-4bde-aa3c-632dd9072b2f","9f2d5bc2ec0220324b1b66b0de7ddc80ece66e3d"
"73bb912e-36b9-407f-bd17-4f6939b5a36c","ca9357ef4272de4f6018457aeb7a329407ca89bc"
"73bb912e-36b9-407f-bd17-4f6939b5a36c","ca9357ef4272de4f6018457aeb7a329407ca89bc"
"7ccc56e3-6503-4bf6-b3bf-b0fde9a011b7","f2d823faed933eb9b9b540a433ca8e81e9c6bf84"
"7228983f-eb42-4eca-9ebb-0d94090d19d0","29f58c910b65ef2d979f8989693059cf207de7db"
"b4a0f98a-5500-4849-a12c-51b8fa9411fc","5811662c5c4040fd5764e9c73e6de4f6cdd0048e"
"b4a0f98a-5500-4849-a12c-51b8fa9411fc","5811662c5c4040fd5764e9c73e6de4f6cdd0048e"
"6d48f25c-5488-4b40-8aa0-dbd0f29c986a","55cf07a6f0358b5549ae5c23980256ae7c4c5d9a"
"6d48f25c-5488-4b40-8aa0-dbd0f29c986a","ed078ec4ddf0590b508cc4cdf4bb8a6ccbfbdd28"
"4353cc32-6a89-47e6-ba8a-cf9b5927c0c2","f29be5b7fa280384a791000ff09940de81988bfd"
"4353cc32-6a89-47e6-ba8a-cf9b5927c0c2","f29be5b7fa280384a791000ff09940de81988bfd"
"e545c4d2-ad8d-462d-8efc-362088a952aa","f8bdd1a95ff593411579cc6064e7f48bfdb0ae07"
"7d9450f8-d70d-4e10-996a-4e9ec3f644e9","3b3f49bbc8cc403f6c2b94ae2c15633b0ce06f0e"
"b4188335-c09d-4f3a-a79f-3b1436c2849f","869e515e4d3d8a84e2701bec25bcdb5a10727a83"
"ac6e0131-5027-4ae4-a54e-68c3fc0f6d54","34446308d06e8d0934d2ef83889e8b25994ce7df"
"47309eec-05f6-41ab-a798-02f92cf90c0d","4995bd6053771cbf0ad51d48b2a162aef2ce3a6a"
"1f76dc58-fce4-4f24-996f-475084b23f4c","86a9c3e282e7676324ccb306856cfba954cc22ac"
"16774aab-33aa-4511-a9a0-abe5d53ae461","ef4385687fa57ae61103557d2d8dc93ede78ff77"
"4b7bd365-9bab-4947-ab8e-ac770b980240","3e137f903e371c307376a0d6a33d71e7c35378ee"
"7b1b9136-4007-427d-a793-ec261f29118a","c72beb0f640cbb68a413a7938d9a6a179d76ec62"
"2afc24cf-8586-451f-9347-a21dd3b41020","4c0a61b7deca8798abb299a8f300f025dcc3237f"
"7517781c-31c3-40bf-b949-2b6058fb36c5","883366f99af32b1a95e95f3f08b5797c85debe4b"
"ab1873ea-21ea-45da-838a-bb41587bf855","470d95e3dbdd489b71d587cb54392e35176a3723"
"9ac7427d-bdaa-4368-802f-39f02bb50c95","5d15a192564b93c745146c9fbdfccc1f5eceaea5"
"90265470-2321-4392-a6f0-a570c1213c82","b74d0557a9f0dec261f073cfca46bd627585217d"
"ea86789e-5747-4a3d-9b52-161b8cdd25e0","90182f36bd7745a5b754b14f5d9c9934b3df2320"
"721ffd5c-41b5-42ed-a99f-570899425c11","5247da12f74827700fba15f7d0c6022d846dbd36"
"a9f2bdc2-fdcf-4fd3-9d2f-7b093c5d499b","820e39395f8567cc25445f68f9c0a84764163b31"
"4e45bf4e-55d8-4cbe-a3f4-653e1735f229","aab3612559bcad8291bd0798b89ead7d9e83cf4e"
"72086db2-b0e4-4c4b-8810-8e628cfa361a","339f0846926b900fa94e1719790226e5775233b9"
"72086db2-b0e4-4c4b-8810-8e628cfa361a","339f0846926b900fa94e1719790226e5775233b9"
"aa20f063-26ad-47e0-814c-290a2ce6c165","7ca7a6d096cf25565ab49d48305891082ea0910e"
"ce8357c0-5479-40e5-9e8d-fd8063705df5","8ee13dd01b93b8863764fcd8122841082167167e"
"4160dfb8-4f6a-4161-aadc-1133adca99f7","03dd63f1a6503896844122288ec015361aa7b0a5"
"1b2dec92-7b6a-4881-b4d9-3d8c6e7b208f","4c2c1a0dfb77d3baeb9e461f12b1c2dd32a55687"
"fb868803-741c-46e7-bf1f-bb7ad7b8ed0d","0661aee2540511c4b6eea2ea843cf919e59eda68"
"a94cbaee-16dd-4742-8356-b9983ecfefb8","8efa1259121da030094d8cfc4b8c6f1b6ecdecee"
"b958080a-e69a-4803-852f-d50fa29da4fc","73979828876283c9651a9ecb20247aa8e9d9ce18"
"9ff76415-039c-4036-bc07-9037e5cd350a","0e83e82b7d0bf27f708f1ca19e95d45706df22ba"
"cc36c5f0-769c-4442-832f-cb7f5e3dc8a2","b0f763e9242d004bc49292e17409d8bc683cfae6"
"2810043b-301a-4d64-84aa-df0b9b64cbe1","8059b74fb81b2e45d412b507c99209c13a49ecc8"
"e467da02-f6ab-4d1f-905a-a27f779a60fb","c24219cebd4a1c7993d6b23eda89ff3cf4e22f0a"
"d878ab07-abcd-4477-bded-271aeee7032a","c58dda683d4bf8c743386ba7bf87302f2c9a07d4"
"e5e0f7fd-b717-4b84-bd14-fc85c47170f9","60b16c299afa055a62fba1cda6bc207690eba816"
"1cd3fce6-38f3-4a81-983d-5cc46158a3d8","10b9b3b8a6103eb598b4a6b4ed31f4b176324893"
"0c00d47a-fc0a-41f0-b65e-308be1b77dbb","425cf3c9b8ab12bd316ac3570a3878ea74c7d2de"
"b5a9df69-5b82-4388-933e-af778c99c936","72adc127366bcc875d80ac8e51bdbb41cc07905a"
"4a9bdb55-bfb9-40df-b6eb-d9cc8ed986ed","d4ba8a53e0eeccf9ff1f9b80f636ab078b1260a0"
"42c0c694-4305-43ca-bc1a-6a8151bb12fa","09738a5eb2ce64db3a154da4eb2f51d6ab297252"
"b414c884-2531-4e89-bc45-bb678d04369d","418b85c3dada188fada79d86700ecf0e7ba2094e"
"49cd1c2d-0e9a-4fa1-a418-431fb410c853","0dd3803ddd9af8f3510a8e941ba935c8702e28f2"
"cb37f198-128b-46ed-9702-2b4aa0ed866a","113a2a4eb47dc61afd2a441f45894c1fbc54ec6e"
"3f5b58e2-3ea9-464b-b7c5-d34e32926198","bbc4e9de286032da81ad9862e9183c3a28c36b63"
"7e71a4ea-c7fc-40c0-a9ca-1f553a03a644","c0867cb63f9db3696c14a0ed17a2cfb89bae2db7"
"ed4d53ec-db6d-458e-a623-6213be500600","3a804086fd6a18735d328d07fbe0b347e3bbeadb"
"ed4d53ec-db6d-458e-a623-6213be500600","3a804086fd6a18735d328d07fbe0b347e3bbeadb"
"ed4d53ec-db6d-458e-a623-6213be500600","3a804086fd6a18735d328d07fbe0b347e3bbeadb"
"55fca94a-6b2d-490f-9f99-607c3ecc4315","7c676044102abe051c2845be0ca0f701553bc56e"
"55fca94a-6b2d-490f-9f99-607c3ecc4315","7c676044102abe051c2845be0ca0f701553bc56e"
"24abde50-b45f-46b4-a874-9370592f724b","1053b5ec3d2882d64bc57988c655fe9a51c2e114"
"577121ff-49c9-4d2d-898d-796c19a64c54","7d7f19d67de6ec47852d258601c293bc6d15fb30"
"b8569cff-5301-41d6-9724-5a22046e1f60","e777bff054f239a48974963c4c27d995f2029335"
"b8569cff-5301-41d6-9724-5a22046e1f60","e777bff054f239a48974963c4c27d995f2029335"
"974a45b1-e803-421f-82c1-7030210c11cb","82b0ba424eeca4972315adab21ca260890aef991"
"974a45b1-e803-421f-82c1-7030210c11cb","82b0ba424eeca4972315adab21ca260890aef991"
"974a45b1-e803-421f-82c1-7030210c11cb","82b0ba424eeca4972315adab21ca260890aef991"
"cfcdebc3-c38e-4200-847f-ac1bf5a4b14f","63fa4e0006da0b0f9e504bb0e224858d95e10c92"
"2549707e-26ab-4e28-858f-9d85bbf462a1","fe7dff162c11ec91d1358c480c99e9bc793d1171"
"0672a8f7-c422-4ce5-9051-2c3f96d29dde","77e08bfb878af03320b042e2efc1060250421619"
"0672a8f7-c422-4ce5-9051-2c3f96d29dde","77e08bfb878af03320b042e2efc1060250421619"
"4ef96041-3f0c-4ee4-9496-1d9d1c4afd55","38f942ad132f824806bfd40648c1bb13173fb767"
"d9ccc095-0dfe-455e-8058-5c97fc267dd8","bdac16afb8c592e8d98293797d4e9433418f4ba4"
"55a9d950-edd0-4fb4-bbcd-f86aea833191","d2721876ca336f8198c83199370da45c226fe09e"
"7f17ebd2-9356-49d8-8bb0-d895917b8de3","8c280286dd899617a04640f153b8c57697d23c3f"
"91d6ecf2-4a8b-4323-9f91-7b7f6f675fb2","f691c3718f99129488457e96a4e84fea8c6173af"
"d6aa7ddf-bdfc-4b3f-862f-10eed1e689e1","af211bf37af57f60e306e87ff1f690f67193999c"
"42d80cc7-430f-4b8c-aa5b-128d71e8b0bd","bd950db4eb675c03ee844fca4ea329c632ccd749"
"42d80cc7-430f-4b8c-aa5b-128d71e8b0bd","bd950db4eb675c03ee844fca4ea329c632ccd749"
"d346ae22-c333-4196-a8cb-68c506cf2c8e","8d9198e2598af9128641a4a52ed9d4ff994f776e"
"6218dfa9-8a14-444c-9ccd-56a946f377de","e37ed38427c30d5aac0d37fbba5228fe56aa1ec5"
"f4e4ee3b-7855-47b3-a84f-c824c631535b","f863cca6e74a50d21dc5d63f661a3d1e83048880"
"3468bbb9-932e-43c7-ac9e-d2af12c39e6d","c123d06bbeef6b82009b310e68dfd773e9adbe47"
"602124b9-ed8a-4451-b9b8-4c6a0690fddf","e90d62bbe227231ff3561ab1453d32f1d8fe1b9a"
"35ca8335-5b97-4a50-af22-5a1945c8c15a","aaf35ed7ec6e66d2069d72be448f9c4891435bf2"
"5139d52e-a9b8-450b-8ddd-a0720925b604","e4ff6cb0a0013c352e4d27536242eb880eb14dcb"
"2b6299df-10ef-4ab2-956b-94f654571237","42533cc5cc8dbdd47749e212c510d7fbf2b805c8"
"71679796-3afd-4c2e-b33e-8e9237bbd7e7","bc4faff4fb609885b3750cd93a0cf5c3f504d519"
"71679796-3afd-4c2e-b33e-8e9237bbd7e7","bc4faff4fb609885b3750cd93a0cf5c3f504d519"
"ea6fd501-154b-44aa-a2d7-2d2014f034b5","a9404f1d5d7c6bec5157dec0a76802202269c64c"
"7c003a73-8754-4508-a2ed-e73ea5af6e03","37900626fe91681137410bad1bcfaddaf4b17e55"
"e8cdf80b-013d-45c7-8b22-82c14da27232","3eb2b16af192af99f17d672cb1cc3951e59e4c48"
"02fd3304-1803-4ebb-8bd2-31e6fb3ad98e","23f4d9b07731f554be70262ba2393c04dc4e42d2"
"02fd3304-1803-4ebb-8bd2-31e6fb3ad98e","23f4d9b07731f554be70262ba2393c04dc4e42d2"
"41eda14a-de3b-42a9-852e-167a09a4effc","317937154cbc94913a00f7d0f235bbcc080ac26b"
"cc21225b-187c-4baa-a70a-d71e40d0df29","fb918fc4bb153e9c2d32768e8be1537acfd07292"
"09a09a69-f01a-43d9-8cce-9b1c517183e5","8d95b2ed81fe7d644d8913be457f2ce9b4c9df83"
"457d810e-89c6-4983-88d9-f3a798d4a14b","3d95d8a95b917e1cb46c359f814858990b01eda7"
"dd2d20e7-104b-4e15-934c-862762c68880","43cf372cc8103164ccf22d79f08480f2c28f1a12"
"7ba8df9e-2156-4e57-9026-549ba9e31b47","9178f177015bf8613bc334efe9b3da82dd5ff545"
"9a9a8c05-4267-4a95-8c6c-d514a0ef5cb7","52f99375f381a0b128234a009a2ff810d72d5932"
"18a0f040-7ac7-4dce-ace2-200ad26e3e48","448bed8cd8b11175abce2acdb548a91fb8f69074"
"f0871b39-6cec-4b62-b9a5-3b287374bb47","f842aa21373a347b192a7e3a97aad2f3a59c21ef"
"1859072b-8c90-4a3b-b2f6-3b14ab87f417","c822534b71e7c0f193407f71e17c566c444ed0c4"
"dd07544d-34d3-4a77-8e54-b63e37adb309","38aac0d149fdcee56ec3e745a8eef3312faf7dda"
"10f543e8-651e-4cfa-9eef-5199fe96d51f","ad5fc835572b48c8c4e6d45bf5f1b91116e82ae2"
"efe35b47-252a-4db1-98f7-18efbd2b8b46","9df0a42455a1b67a6e74d5fbd62dba811932f1f5"
"efe35b47-252a-4db1-98f7-18efbd2b8b46","9df0a42455a1b67a6e74d5fbd62dba811932f1f5"
"cb5a45bd-1e3a-4a6a-bb4d-5c7b5365e4bf","de30b1a2c3a5adf35cc875cc8ffc82bce6d77bf2"
"a37fbaeb-6d1e-4fb0-8855-f5e9a70a5445","46fa5f876d7f49ce34dbdb9ddbbc49418a50210b"
"9f8b2ee5-3d8a-4e9a-813b-4877a76e59c3","e6ecfe0dec0f89408af18c92913e7196697ddca7"
"7944a1b2-52d7-4d51-9083-12f1fc1f0444","5d54e77dd8bd2fd4e29d1ed327d23a750d0c96e2"
"34b586e4-aaa0-484a-80aa-9bae0b14ada1","37d1d020d253f601fe9f64a62d2f9091aa7ff768"
"34b586e4-aaa0-484a-80aa-9bae0b14ada1","37d1d020d253f601fe9f64a62d2f9091aa7ff768"
"99172889-30b7-4326-be6b-ed3ec09df75d","05de632f8070d23839f787b2d165d810bde50062"
"339f0d06-caae-43f9-9485-2d6a3cea53f9","8edcc960d627ac76643cd4ab21b81ff0c743dbc7"
"bd12ee1f-3379-4ebd-9ade-d39c2dbf2de0","c48db37c08484066d5fe7a35615c7944e63b6a84"
"ace77b4a-0dec-4789-a9b3-807977572b2c","6413ad14643ff92ec8bfeeb893244fca844d4fb5"
"4ddf5595-e371-4a57-b5c0-6706a2e9c833","9535acb3ea46c2896e8407e7933d9fa0d5385a62"
"1eb99879-d7af-481e-9bc6-37612997d69e","4041d9da34147b89d2bdea5a4ab23cce8724c513"
"1eb99879-d7af-481e-9bc6-37612997d69e","4041d9da34147b89d2bdea5a4ab23cce8724c513"
"1eb99879-d7af-481e-9bc6-37612997d69e","4041d9da34147b89d2bdea5a4ab23cce8724c513"
"1eb99879-d7af-481e-9bc6-37612997d69e","4041d9da34147b89d2bdea5a4ab23cce8724c513"
"17e87906-d5e0-472d-8cb4-493b4cbd35fd","e0cf34da957781a50a2b103f93d0dd859774c722"
"aa2da503-9d97-4fed-a72c-700cab6dd81e","e456806142058899f969a13cbd4127ce035e59b3"
"de0489a1-2990-4037-aec3-b4d80ec41c9b","6e735d771a7f3898492bc0975109c417570a781b"
"de0489a1-2990-4037-aec3-b4d80ec41c9b","d84bba7d2608d69d6d6f80ff52d492539c54245a"
"99a87328-a2fa-4d80-99ec-f3f8ccff8872","36b19b5e84ff177cf9c8b8f873010e6100a46f17"
"b71e6e58-9d63-484c-b18f-1502e61a8af0","c895b793e08d833e81823be651c24455e133c979"
"2fe05469-0a69-4fd0-a512-f82f56e203e4","01e567e46efe4c1335e7ce370c77adcd25bf8320"
"2d216366-3b4e-4b6b-9546-4c11df614e00","359d85ee90b319bb7dca6a70bc17e2a08c69b93d"
"a9c17815-8203-4201-952f-ff4e0fd3732f","cb32d765c81cfa3e27542012232f9d04d1fe2d5a"
"387399e7-21b6-4bdb-b02f-92620ac25dfc","f6948765f846c858d923f2f27e088b5127aebbe5"
"25bb5883-2ad7-416d-bb66-0763f8a86709","663c44f4d39d67ebb600acdf339f6237c11e8501"
"1457394a-c886-4a70-af91-6183c8921c13","a7633b6c2ef4c28322871efcd7ce9738447a0957"
"c8ecfe5b-79d6-4c00-ab78-5ee3576ebe1b","51c3296a23c2858955aab7b67527b99a171c8d4f"
"0743f78e-8858-41ee-9c6e-858c20305d0b","c98737805a5ab66cabf6396652fcbc331a57e7aa"
"4bbfce48-1863-4aab-b97e-d156e297c71d","057c6e5da05c20e067c29d3b864e80e814a1bae7"
"33ddc97d-8a2b-4e3a-bb4a-a300e0905256","7fc523345b7973e03b52249edfd857c13b988b78"
"03547cfd-1a6f-4132-91d4-3d494a8c4676","9d7ab2601dfcab8ad42b03c70b335f4708a2828c"
"8e66a109-3742-4edb-bdd2-17a0f3760fdd","543c45f0f01946a317730df08d322ce21c5ea337"
"f86b55b0-0721-457f-bd70-1b7f1b64581b","f9f46f1b85c7fcf48f39ef3e8896e836814bbd3d"
"518ba731-7b3d-4f18-b58d-5c02e0944968","f298c5bc32277b7319b4dbcd3726aa383266313d"
"71f7468e-8a16-4c0a-98b7-755ea0515ff0","9fd1209eab2950ca79406255ef83fcd2f0124a38"
"386d4d86-4969-4a8c-b862-ba53414f584e","736f6bfdfa88d706f9f9c20e7bf346217788e3f9"
"7628e3c8-7585-4c29-9be4-b0783379f71a","2b768adf333cd1ded3fce4634c8a4d8cf9fa4808"
"d9c6b292-15ba-4f56-bc8b-c65eca2f8234","8022cd3159d91e51c0f2ae3b24ba546d89e71a57"
"48845f17-6c4f-4017-add6-5b658d582495","2176b5c7bec647d89434bbc598f343a8c1025354"
"67cf82ab-91b8-4837-a234-7d89b085a7cf","a48d91d1561b838c09f8bf262b5366f59d02b90e"
"07db085a-fea9-4096-ad7e-86decb67ef9b","bd20201779aab782b3ef8e84ac13e992a935e7ed"
"fcc5021b-5b59-48eb-9773-68ea541c5c5e","122188ba1a3e497c69c0cd920a2ae65342aa85fd"
"7f33e5eb-73bf-4353-82b3-f6336c69f49d","a819687fe4be11760f598a08a462bb479bee87db"
"5c637758-910f-4dc1-a867-3bbcb9104560","7e582f418ecf05d4e363b4bde1e40c9f00e84975"
"505ace95-47ec-45be-945d-78442cbe003a","da51c6e8e06e963b84d2f65da5250f887cc70753"
"db9f1f20-0458-43da-ada1-507680e764d3","d7ccd0f373181e70b22b537cc8f9192d1b274a22"
"760422a4-f2bd-410f-a0cf-4555c4c844f4","bc529ccd7046525feaa402ab49b0fbebca6a6238"
"cd1f6cad-dd80-4d43-894c-8a3467d55047","2351278b64cf633ff720802b07f974bcde8d1a93"
"954b4c83-bc8c-44ad-bf0f-c1182561ca28","144cb131cecb93ec0989f32089458aa965d4a3f7"
"e2c3b0c2-eaa8-40bd-b7a8-9bc8b1429bae","2443ea02b49d569499f17b25d3aaa2b660abb192"
"3d471994-eb99-4d4d-9a7a-2f2a2f8e61f6","107bbddc55057e6fa601d6c06cc4d7edb384cd88"
"20654942-8378-460e-a46e-acf6acdcd040","b41d9155ddc2df91182cec6fff5697b4bff94a9a"
"7cc734cf-7d27-46dd-97a2-bd3eab96fed2","226eea51e70798a359d37312da9c73b38658b5d1"
"8d217240-450a-46aa-bed6-8a767041dc8d","39813ecb22f214cdd30e4159d6920f51f4fb8a44"
"efcadfe0-335c-4c2c-b8cd-707954df0118","6d262943db12caa6de3d8f5c4961de0a3e4fac15"
"0b9c2c2a-0678-44ab-8a92-954283025bb2","9f933541c464f6c2a2e22fc90a9a19e4f551246e"
"90842d08-005a-4fb7-9953-d7f34ba22383","c05e9f3e149db241b33fe1ae806b8316f763fb5c"
"82f5beb6-1374-4ce7-8f97-adc4adad4010","d08249cf3f3e07fc1ab4377bb88a4c9be06789eb"
"c0a4c32f-52be-4ed3-9f6a-fb61cec538b7","41634f7467a428213928e613cddb18f48c4d0099"
"1d77dadf-e11b-4213-ba04-0bf7369ebc32","12e08282c1b7d2af2310730ae4a21969954ca2a4"
"a1f2ccc6-ba1a-4420-9171-27667499d09a","1edc2f93d2bfda8d6fbf30fb316ec5f72e770f4f"
"9f2f29cf-d858-48e7-ae7d-48f3abeae928","7c565881559fd9ecff8ca2cb782f8b7f2c899de7"
"034d9a4f-952a-4731-9623-e2710896d8e7","57329c426fb9d72c2acb3b8b6cf8d8c63a746cd4"
"85f3ff90-f1dd-4b4a-9206-228a84b239f3","225fb7c146823ac65ad785ac9844cbd04edd8c22"
"9f03a525-90be-4dfc-a936-92382fd544aa","59ed18cf0c5f29933f92dee306e7f304a5b482f5"
"c19016f6-2ef0-4139-a1e4-7b1a4ed9cf03","f2fd036553974c67102602d3eb857a58bd895988"
"2f5dd3d0-e85e-452c-ac84-95c224455001","eb1762e282101ae916bac01d1be9678a94d1dbf2"
"416481d3-689f-47c0-a1f0-e4984d55cb0f","a31ee8271f12895da5ec36c7725255b726b49571"
"031615d7-1195-4872-8d65-9e8c7ca678fb","389c79b6176b8bda26e7b814ded251d74dc91820"
"1364aa06-4fda-430d-868a-4f25f0cd2617","4e7bf8204e2e74874a4f2fad6616b4395512670b"
"9388175e-01e4-43d1-bf29-6a28087df001","76282ed1551d689440c5604fa0bef364897179ce"
"232312d0-d1d5-48d0-8f3d-bd98b1845411","7eb482ccbbaeba0ab0d86164c2c6a9ec31418a79"
"f44e7039-109e-457c-a3c9-b3f4621a9b6b","f543039c12e6b8d5fa8569af608359d26592e479"
"1fa2adcc-95c8-407c-bcdd-2a1f79343252","53b9f9f049ae6e322c74a59f1f4e5f25dbc5217b"
"19f2b180-fd0d-4091-94f0-bf981d2ccf1a","1f8f2082c52873c7caee1187f9152a9081d15343"
"2250caac-b80f-4c91-9f3a-c22057c5911e","a052e0d9dea24cefec34c67db4c5475a30099673"
"4964269a-3d6b-4af7-bc76-f23d75b7cc15","1ea3cc62ed7e91d2dd72b8bb4b8f7f90234546ee"
"060cf14b-b6ed-4a42-9ba6-bd52c28dfd1e","63eae7eaed28253e27c637e18d0af832f6b7a5f8"
"d098c8a9-8dbc-4b2c-b1ef-3ede7662f0c4","35d64bb31826c0a99c018d2328ea545efae4ee44"
"ee5b8906-39e7-4f74-b88b-c1a0eb5592db","ba37b7a7b7c7fd570d8209b1c79a79363f1ad84f"
"0cca829c-6c46-4f84-bf4d-f42e893f3311","e66ebdaad6de11af446774b38382bcae831f1bf6"
"c38bdbc0-4d0f-44c1-abd7-e4a5d1a4a87b","8844923ddd5c9c912c379541b65e818512c59a5d"
"a1a8b4a4-ec1c-4bbe-8cda-352d4c195dcd","d99d651a58338fc18a2d27a58858b4548199195f"
"c32bca42-cc4b-4965-b675-62a243b527ea","d0f19ca496d6e446d9c153e8845b74690ff42807"
"a1ef3120-96f0-4f2d-9732-98615a531f1e","37d35ea3fa416351e404addb46a34bb35b4e49d9"
"1174b2c1-b40f-4a78-adec-008421b40202","34df7ea5ee85be6f6fcf483f3873eb1921ea7289"
"51a4b7ac-0126-4a14-a5f9-d1e3382dcc24","7af7927a094eb4f69bd7a88faea76ea2a35bf774"
"0f380e27-dcc4-4272-97aa-8057b33d0d7d","2bc139c296d3ebce51018ff4f8e0f4f385d42c01"
"a37697f6-2d33-40c7-9f79-7e64a4aa3d3b","068a8071f1b28cf30486e64be5daafb08eaaa531"
"d9ad2af0-e6da-4aad-9772-29d14f5d0e74","b5884dd3f179ada50f1e3aee261408d60500ae77"
"45f87e73-e4ce-4d93-9a20-a3d96c855a36","e0aafcc501983e88e4c3c586bcb0c7cd06c65876"
"ebd9824f-824f-42c0-af1d-c30510bea629","e2f1ca0c78051dcd55bc3ead7ad396c86060debe"
"0765582d-1740-454a-9055-d8f38f152497","41d77fb1e6612f19d8c35d9e20ce185d91a25b88"
"08be6bb5-d7fc-4820-9a89-d6b9befadc09","320ef5861e7e06e02006239ff5612084ecc86d85"
"6c5f5f7d-7df2-4181-bc94-cccce3bfb4f1","c48e94a9c8dbabf2796f84458c55e60b20ae1f5d"
"c72a5498-dce1-4a3e-9f76-42f24fb2a9a6","2291ecabeaebea2cc08d2e42fa6fe405935f9e7f"
"59dfe782-18c1-4b3a-865b-902390cce669","1f3755bf672845b32214cb164e9c6e5d9092b83f"
"bb80cf38-16d6-4739-8459-ae3614c245ca","95a8760718cbd35081320dd9d5a9b6019dda4c0f"
"c6203c16-2158-4a22-8090-66e741c7e255","c88b85ffeaa5ae1a4c371d9a982a59e697b44177"
"49f9e34b-0b20-4420-8e37-bd44d5197e8d","44f870956a78670342eaac3532466cb90da0e40b"
"f7ea41d9-fe2c-4cac-b8c4-dd69408ddb8a","8ca4915a1d147e84989fd9e569378e380bf7653a"
"f3603e4b-080d-4b96-981b-fb13b5f721f5","c80b477330b43512d374128f9ab809d8a5c8a77d"
"a1a9a3ca-0eca-4214-8c6f-3183a27ca3a0","76532f002d3668001c69fdea2b2b37145c8fd9ca"
"01f2ab33-5004-4187-a01b-61cebf072350","159154728fea87306ccff6e63ff90fc85a7e5f2f"
"65c8a771-aec0-4529-bc80-6ed7b17eb368","74e3d51d2ffc56338603ffcae849a3dce7b079fd"
"2a291039-498d-4431-ab04-ec01871262c2","f455d921511f94d0e8f7db78a8a60817143873ec"
"9b998d93-9807-4668-bc64-59268df7a884","ce55108994833b886effc454bb073c148ca419da"
"128f9d6f-ba73-41dd-be20-26837be86c28","8419280d7be96541c177a103e6bd5c023809d03f"
"d6951e3f-6e71-4435-b596-2f7527f8f98c","a1b830c0c0f3e447aca460c9ea0aefdb1dfd2aea"
"b11a1875-65ba-48da-8e1f-b881bae2093a","94a30b63e4fa48d64d641fc3ef0ae435b4a670d6"
"4533449e-cf84-4dc2-8413-889b3ff21dcc","c67eda48d8205b9ed1a821fd6b777cd7b02237bb"
"e1466961-c080-4647-b16a-eda3656cb55e","71fe08befaf5afb1c363c93980885b524243f034"
