"d1b939cf-3f80-4a4c-9463-4c69ff7ff90f","volume","2023-09-11"
"ee208cd2-0680-489d-95cb-5683f399becc","volume","2022-05-29"
"8f494ce2-84e7-48b5-b475-a285ddb4bbd0","volume","2023-09-22"
"66b924b9-1737-4916-922d-7c5733a27682","volume","2023-02-02"
"58a6a50e-67ee-42ce-b76e-7ebddcf311d6","volume","2021-08-23"
"17f33e92-31ec-4156-b7cf-fea83ba0dcb4","volume","2023-11-21"
"4f9ff6e3-bd3a-4c2b-9e2d-f2abe5dad60c","volume","2021-07-28"
"23da25fa-40fb-4cca-9e2a-96c2f4061952","volume","2021-08-05"
"5764b121-0109-458b-96d5-cffa267f6354","volume","2020-06-22"
"3b36f1dc-d26c-4e18-945d-e60622ac1e53","volume","2018-02-08"
"6eb4e896-47a4-407a-ad04-062bcba14743","volume","2023-09-01"
"c38f38ef-8dd7-4e17-bee9-e0bd1d2b4ccd","volume","2023-08-01"
"a37eb056-f7bf-4b15-afe1-75bc60bca2ab","volume","2023-07-26"
"7516308e-d035-49cf-8f41-6587c2bf05c5","volume","2023-07-05"
"4e438526-b191-488b-8c26-cedb7c66fe54","volume","2021-10-13"
"48c69d2d-2838-4bab-9941-fc8f3e1152e7","volume","2023-02-24"
"684e51c5-4efb-4a9e-9cc4-74d1847235b4","volume","2018-09-01"
"d0164498-1d65-42a6-9bbc-3e8b2433c1de","volume","2018-07-05"
"097901ac-b95a-4428-8291-9e740ef01698","volume","2018-04-01"
"1ca4bb19-1275-4465-ab35-afb56b78c4b5","volume","2024-02-21"
"5b6acdc4-10cf-4429-8b1d-333020cddc44","volume","2022-04-03"
"f1da2e52-b02f-448d-968b-9b4d405da1d6","volume","2020-07-06"
"2576416c-799f-4dd5-b5ce-d0c70710ea09","volume","2021-04-01"
"e241f995-24e0-4ad6-8757-d1d2691778e6","volume","2020-02-01"
"9b1a37b2-7d91-4099-91c5-de65c6ff4574","volume","2021-04-13"
"ee181697-8f1d-43f8-8c6c-8a7dd7f1ca1e","volume","2020-07-28"
"2271ad9d-7dc6-4a32-bd69-67feebdda378","volume","2021-08-28"
"c8de5ef0-462b-4a7e-84b6-75af18b9daae","volume","2021-09-27"
"f77de17e-7697-4c0f-852a-0a13140b0492","volume","2020-02-19"
"238a25ae-ea70-43c0-b5d6-2f6382942e34","volume","2019-07-15"
"59f3d847-f226-4312-9264-706002c986c1","volume","2020-02-26"
"a6f0a319-4083-4971-8722-16265c1daeb5","volume","2018-08-01"
"fa2a615a-20f8-4547-9131-8c5045ac56cd","volume","2019-10-23"
"5484a507-b978-4dc8-bdea-740201e95f26","volume","2023-01-05"
"a2ebb16f-66ba-4821-904b-4a2de1f2bc53","volume","2023-01-01"
"15a594ef-e526-45fe-9e1a-e59f42070098","volume","2022-07-01"
"3e9b4f66-43ce-4fb5-9a0f-3ad6dab8541f","volume","2018-07-01"
"ccf25484-2101-4afd-bb21-a7a5cf5c0f24","volume","2023-09-01"
"6780e770-5005-4e2b-ac07-a18863f79fce","volume","2023-07-01"
"847a38cf-87ac-4429-9ad2-69054b8f941a","volume","2024-02-01"
"e34530a9-47ba-443a-9411-88f08742e318","volume","2021-09-02"
"92c46591-d39f-4962-bca6-3e233f10cc77","volume","2022-11-01"
"66d6e14e-9f96-45b3-8349-d922ed523849","volume","2021-09-01"
"6d9cada5-3cd6-4a5c-83f7-480ebf1f5cec","volume","2020-07-01"
"3dc11f49-8bd6-411a-8a66-434d70019ae2","volume","2022-02-01"
"ee5315bb-062e-434e-bfe0-cd88dc883cc4","volume","2021-12-01"
"d4c68849-3872-462b-8fc7-ca398ed75587","volume","2022-06-01"
"8527df3a-5a4d-4419-8c03-60be189ae369","volume","2017-03-01"
"8d86eafe-1465-4a94-84bd-1b0731fdd99e","volume","2020-11-01"
"bc032ea7-bb00-4251-a9fe-d178ec3082e4","volume","2020-06-01"
"7a5afe9d-f211-43f7-9890-7c6e595a5d03","volume","2017-02-10"
"24cb5d36-030f-4cc4-abf7-82b1cf2947a5","volume","2017-09-01"
"ee408392-a4cc-4ce4-9f65-6ebb46e23bcf","volume","2021-08-01"
"a8ad727f-3ac8-4d7f-bc79-0c6870487674","volume","2016-07-01"
"cfde0977-573d-45fa-9ad7-73e7c93f18cd","volume","2022-12-09"
"dee741c9-18df-4c7c-b297-9893c0c9291f","volume","2021-12-10"
"c52f693a-e2f2-4920-9055-f9c21f51628e","volume","2020-05-09"
"f8b0108a-8022-4732-be51-4397d10177e7","volume","2022-02-14"
"6c1f22ce-1b5a-4988-84c5-dc49b6b9ef84","volume","2020-01-11"
"777cbdf9-dc0c-4db8-8276-7725382a56be","volume","2021-07-02"
"437c7cc2-1d4a-449d-806b-ef95783bd025","volume","2018-09-20"
"4ac08c74-7329-484d-bf25-a1b19bfb2af9","volume","2024-02-09"
"c0e10154-7702-4365-a766-5c7833f4f57e","volume","2022-12-01"
"44bc65e7-5e5e-4c9f-8a61-f8cc77d341e8","volume","2023-04-01"
"ae4fcd4e-9a62-41e9-b13a-73ed221ef920","volume","2022-11-20"
"46ee116d-579b-4b24-b7bd-6a8a7bd4e4db","volume","2022-05-05"
"e90e3b0f-9aa8-4566-acfa-eab296af427e","volume","2020-10-26"
"453889c3-fba0-4072-a184-f0dd0b55fec0","volume","2020-10-07"
"e723d604-284d-41fc-9f30-b143fc99cdfd","volume","2020-08-12"
"c4f272ab-7833-4037-bc6e-3523fa632059","volume","2020-04-27"
"83814f24-fc97-44c3-9553-0524c45a4899","volume","2020-02-10"
"5746e925-48dd-4318-96b0-288d7fcb762a","volume","2023-01-29"
"16f49e8f-1850-47a5-a13c-3d1085436e88","volume","2022-09-27"
"731c3645-0d90-4727-9f6a-7218b809b251","volume","2020-03-27"
"5b17afff-bf78-4335-9050-f3a40af50d4e","volume","2023-03-02"
"0cd5edd9-bc20-4b05-bdf6-e1cf8a32fcba","volume","2020-01-28"
"b4e239e6-51ed-451e-95b8-03c2e2b24012","volume","2023-04-18"
"85aba8ee-4aff-452f-9a97-7ae93d1ecd4c","volume","2023-04-12"
"a35a7fd4-635a-46f6-bce2-989395c0b1ed","volume","2020-07-30"
"b76e5336-5e61-4c7a-89eb-cfdd2b7bb7e1","volume","2020-06-09"
"c05750bf-f09d-46a0-9558-86c94e1d3c24","volume","2021-04-28"
"7bc72064-c223-40a8-9d16-cdb4d1b10c3c","volume","2019-11-07"
"18a5edb2-6014-4bfd-9f53-d64e2d24bdab","volume","2023-05-25"
"8aa2a2e0-09bf-4380-9739-43d7f9a513fb","volume","2018-06-19"
"5d19cf0f-2e0f-43c8-be22-9cc5e621a6cc","volume","2023-02-27"
"c21561f1-ae39-4148-aea9-af210ca6d0ad","volume","2022-09-26"
"eac73684-8611-4111-98c2-47e4c702d85f","volume","2019-06-02"
"716396c6-9094-4c1d-8c93-838cad0a5997","volume","2019-05-10"
"67cb9695-48ad-473a-889c-87e245f128af","volume","2018-07-31"
"84673b4d-06a8-4a86-b1c2-608b01ce7d1a","volume","2018-06-29"
"90fc45fa-324f-4397-8a5f-783a7731d456","volume","2018-05-16"
"c01fcde0-d310-4390-af73-0344397cf799","volume","2022-12-14"
"a458cbe6-a006-4f12-8d82-deb2115dc7b6","volume","2022-10-31"
"00bdfb86-4d73-4bae-904c-7da6e6db231d","volume","2019-05-29"
"6dd24b0d-ce55-4907-840f-e5a3397f9152","volume","2021-08-13"
"8ba3ac3a-314e-4137-95df-d3524ddfc4a7","volume","2019-02-11"
"8220f5b0-5424-4039-a44f-7882a7f699dc","volume","2018-01-08"
"60d9458c-d04b-4443-97af-521792f90caf","volume","2019-04-21"
"d8c07808-03c8-469f-934d-13c0a436ce0e","volume","2019-01-02"
"869f9338-9ba8-4a17-a81c-f8eccd4e7473","volume","2021-10-13"
"dd533ea3-5210-491e-bd8b-3239a25026cf","volume","2023-01-15"
"afe89004-7fd8-4975-a50b-eca8ca17dcbc","volume","2021-09-06"
"5c1a95c8-dba1-4a00-941a-a2ba35960aa7","volume","2022-08-26"
"8d8d6374-d89e-4d14-bfe1-e9ee2e61cdc2","volume","2022-09-09"
"85566771-ba75-4acd-bfc0-580d1ceacaa5","volume","2022-06-15"
"2ffe7b2c-35b6-4ba3-a74b-abe1a4dfed0f","volume","2023-03-23"
"f82c97ac-85b5-460b-92de-787844fda822","volume","2021-12-03"
"5c59b41e-87e1-4cb0-95fa-c0ffde436c31","volume","2023-03-07"
"2c35dd8b-ce19-4e80-8251-e8dd04dbbc58","volume","2019-07-21"
"d73b5707-8a59-48c5-a9f0-613afcf1cd6f","volume","2019-04-22"
"18ecde95-f1d6-4d40-9575-2e121401cf7a","volume","2018-06-26"
"140227dc-497a-422b-b72d-eb6088526420","volume","2022-08-17"
"0ea7b995-900a-423f-9c77-db393bd82905","volume","2019-05-27"
"a8c6cd37-f27d-4a1e-a5e5-d93d9a35bf09","volume","2021-07-27"
"b243a12a-5ac6-4edc-aef1-eb56a359bfd8","volume","2021-06-16"
"89148de5-13ea-4946-89ee-3113436282d3","volume","2020-05-18"
"67ea12ec-bc89-4437-af36-39fd19d97b26","volume","2021-09-02"
"a064d412-b37c-4785-bdd3-618b07e6a609","volume","2022-07-12"
"9f9114e9-c8cf-4027-b7b6-188e062fc674","volume","2022-02-15"
"a67eda59-6861-4e81-b73c-9c4322d9087f","volume","2022-04-01"
"b803bdce-b922-4883-9842-8525ec909722","volume","2022-03-23"
"10da2f0e-506b-4731-90bd-e3bfcf4a56b5","volume","2020-12-06"
"1c7c7333-b4a4-4620-98ec-7ed4e217e88b","volume","2020-08-05"
"132d4970-73c3-41e4-b1a1-25ff34410c9d","volume","2023-10-01"
"076c897d-4e36-425c-8f95-eebfb68cee24","volume","2017-05-22"
"bde6d45f-e76e-4aa6-8a39-767016396f1e","volume","2022-03-31"
"24cfd6d9-f578-419c-84a7-8f86d51a23de","volume","2021-06-23"
"cbd7121a-a2c4-4d9a-ae4e-b09c2ed25650","volume","2022-11-11"
"ee0a7e58-708b-4ed7-956e-8eabd4c9d418","volume","2022-03-28"
"0c1d1861-da29-49a7-b39b-85f217394f1a","volume","2023-11-01"
"8157cb7b-df8f-4064-8435-6db07552c2ac","volume","2022-03-19"
"de9e3bbb-9718-4d3b-a1e9-c7c9312aca95","volume","2022-09-21"
"8a0671d9-ec34-4f3c-9ee2-8c0701c654ef","volume","2023-05-25"
"4bdb37ef-6fe2-4915-9957-1b58e9a0bec5","volume","2023-04-12"
"cb6cfe37-f0d3-4acc-a3f5-fae702f52107","volume","2023-08-02"
"b3644db8-1396-4d53-a63b-d386866bf5d1","volume","2020-04-23"
"d07c3e2b-89e3-4ac1-95b1-b7f72736f5ab","volume","2020-02-18"
"2d5bfcd5-a857-4786-9714-891b6266b5db","volume","2019-10-10"
"902ae68f-06cc-4dbb-878c-45a9519c2cca","volume","2016-07-21"
"044653c4-36d3-4bcd-832a-f543f6c53425","volume","2018-04-12"
"2b8560ee-b211-4305-8d8f-559bc70ed374","volume","2022-03-04"
"d0731ecb-62fb-4510-a01a-22cb22e37dc5","volume","2021-07-15"
"46626cfb-e971-49db-bbc9-a53fcb0f960a","volume","2022-06-22"
"aaff1cfe-92df-4d07-a899-bcd44fbb1a61","volume","2022-03-29"
"3eb31c35-b275-48d7-8837-93d64352bef7","volume","2024-01-04"
"26b836d7-0024-4c66-8acd-771c47deb411","volume","2022-12-29"
"0cca6078-4e28-4a0a-a01d-1258f7661af3","volume","2021-05-21"
"833a1477-1db5-4226-a1bf-b0ce91d1be1b","volume","2021-11-18"
"ea951e77-3e77-42a7-a210-4ba08b91182a","volume","2022-03-01"
"2dc4e4f1-5123-432a-bf0e-e9cee21480ae","volume","2023-11-28"
"2877d386-3a27-49a3-b100-f1e36e984130","volume","2021-08-11"
"9386f886-df4e-4a8c-9123-8c45852db72e","volume","2024-01-12"
"eba26770-a24e-4b39-acf3-291c056f1c8f","volume","2023-06-07"
"c6a5d8a8-8999-443e-bf96-6c7299a8378b","volume","2022-02-11"
"9c7ea375-cc68-40b0-b688-ec680cb74921","volume","2019-07-27"
"70d549dd-16f2-4061-904a-45f57a0868dd","volume","2020-10-08"
"81d37f37-4167-4803-a59b-42d5deb5c65e","volume","2020-06-01"
"5da32b26-71dd-4bf1-9d13-54f8f0eaeae0","volume","2019-09-13"
"e890a417-3e6c-4cea-b6c9-5026c5e0525b","volume","2023-07-01"
"7c3b95ca-fad2-45ca-98f1-5d426bd7b8fc","volume","2020-06-11"
"56b1d685-9b10-4fc9-8705-463babe2bc8e","volume","2021-03-26"
"43c33e74-b494-4608-bab0-7d6f26d03cdd","volume","2017-10-05"
"30835ef0-29fb-4908-bf44-5afdd30ebdd9","volume","2021-03-23"
"1eec159a-980e-48c9-af69-9a78f7c0e78c","volume","2020-09-07"
"8f1e7f94-b788-4ef8-a825-efc583a80b5b","volume","2019-10-15"
"b12a9e35-a38b-4cd0-aa53-2e57f1dfb7f2","volume","2019-01-09"
"8ba25093-96a3-4301-8b73-7234147c947c","volume","2018-08-03"
"a28d347b-0626-4d75-8f08-02d793e01794","volume","2017-02-01"
"e7683cf4-7f95-434b-8077-f0495a094fbe","volume","2016-04-19"
"cc33cd54-ecac-4bdb-a7d1-dfad55624ce2","volume","2015-04-16"
"6af0d990-7ea1-42e7-b56d-97b91be7bafb","volume","2023-11-17"
"7a46186d-2e90-4522-9de7-1756d23d3531","volume","2021-12-09"
"a4b5111b-6991-4feb-b6b7-596327220f90","volume","2019-11-02"
"d17080e5-df1c-4e71-994f-19b219fefbfb","volume","2018-07-02"
"58cfbeaf-d13c-47a7-b402-4f94f7e65619","volume","2022-11-10"
"1b5e4d86-b50d-435a-808f-aeefaee6426d","volume","2022-05-18"
"00d075f8-4ff1-4bfd-bd79-543c442f06ec","volume","2018-05-04"
"d1804df3-7ea6-4570-b590-f035d3fa1fea","volume","2018-10-03"
"5bb9f952-8726-48c5-9a45-e9de362e261e","volume","2019-03-04"
"2812bf3c-5388-417e-9813-1c723fd8a1e1","volume","2018-12-11"
"7ea9c48e-f396-4a30-a852-a7c47255251e","volume","2021-03-06"
"6ae0220c-5e0c-4825-80d3-8ff05c5fef05","volume","2020-03-11"
"d6e82e65-a453-4fbc-84e0-d9e6f3b0d3ff","volume","2024-03-14"
"f7fae14b-12c5-463e-a437-d5d215af3270","volume","2021-09-07"
"0b2a7ddf-bfdc-4018-b1fd-a4376d6530ed","volume","2022-11-22"
"9a69f99d-a478-4ce0-a196-fa32ee93c07e","volume","2021-03-02"
"a2115d6b-587f-4a6a-aa68-37585d5d545c","volume","2020-09-11"
"c51ac34e-6cf1-4f85-90ff-b4a1ec8e52f1","volume","2018-11-04"
"4aa3007f-236c-4a65-ae9b-ea5ea634a433","volume","2020-08-19"
"a83c3562-df5e-4c12-8c2e-cccb72564dd5","volume","2020-08-20"
"cb1354d2-8153-44bb-95e5-0e681d28e8ff","volume","2020-08-06"
"33e491b5-277c-4516-a576-3b3a0a497c26","volume","2020-02-01"
"2921c4b4-79b2-4a73-babb-08c611235d24","volume","2019-12-25"
"71eae8d6-e805-4c92-855b-5889976fc4df","volume","2019-12-19"
"bb73ed71-f7ea-45c1-9831-5cb6803c417b","volume","2019-07-29"
"c0cab16d-f340-4361-9c28-03b6248fda12","volume","2019-07-02"
"926eb4c1-b3c0-4683-9854-380b5f0b9ce0","volume","2019-06-10"
"3db75ccb-4807-4e74-9d07-042da83cbf6d","volume","2022-10-29"
"6e621cb9-568e-47d9-80fe-904108627be3","volume","2023-10-18"
"af1a5f6a-4e06-4007-87ea-5ef4845454d5","volume","2021-03-08"
"56e7f593-3ce2-48dc-830e-96199ddc753c","volume","2018-09-07"
"8577e973-afcd-4cf7-b51a-695437a4d10b","volume","2023-11-03"
"7e716a47-12ab-42ae-ae84-2e9ddd7c7661","volume","2023-01-30"
"9882d162-bde5-4aa9-a4a0-203fd6755f6c","volume","2022-07-05"
"7e6d21c4-97db-4c79-85a3-f531a0b79ef3","volume","2020-01-24"
"1bee60c2-f89b-46f8-858c-3ac80bb01f91","volume","2023-05-11"
"a6857cbf-e9e1-4fac-b632-abd1980fc4dd","volume","2023-03-01"
"845c8626-b710-4325-b71c-d8ecf91707ae","volume","2020-09-14"
"6ece1c52-9a06-4ed6-833d-5d39a7125963","volume","2023-10-28"
"22e9a029-cc83-4e72-9f55-3c78343cf56a","volume","2022-09-20"
"d5f3e73a-13cb-4bcb-8868-ebba4a7f33a9","volume","2021-10-22"
"139fdbfa-7304-4c95-ad1a-68585c86f8cf","volume","2019-01-29"
"89c662a7-fceb-41a7-ae8a-57604fd35c35","volume","2018-10-28"
"9f4bd26b-0ea4-439a-90fc-1a4a5eba0c53","volume","2019-11-06"
"7917a0b4-3dff-480d-a9ca-05410f1b11a0","volume","2024-02-13"
"a14ee05f-3b67-44d2-9ff9-3fcf9739bb03","volume","2023-03-19"
"669095b7-8a18-40bf-959a-88e8a8b4f4b3","volume","2022-05-01"
"fe9af3cf-e7d4-4958-9b54-838a8c611852","volume","2022-01-11"
"f20ac64a-3db0-4267-834f-1cc714cdf182","volume","2021-07-07"
"20f844cb-40ef-4fdd-9d71-7f36abd0c94d","volume","2021-07-02"
"b7e2e9be-f500-474a-82b0-41a579438ace","volume","2023-01-15"
"8676f5f8-72c3-4586-a0e4-8d55414f87b2","volume","2023-08-28"
"35fdfa7c-5ba5-42ca-9da5-c22242b570be","volume","2020-03-13"
"b22f32d3-847f-4427-9c4f-fb0975cf7514","volume","2018-12-09"
"19dc70e1-03d6-45fa-b913-05081e8b0869","volume","2019-10-08"
"af985e04-724e-4d10-a8b2-cdc1bf069ccf","volume","2022-08-15"
"9037e9e0-1bd0-49c5-9108-35a83468d82a","volume","2022-06-03"
"d8e5ede8-223e-4269-a092-943aeda7f14c","volume","2019-05-01"
"1aa25deb-0b24-4c7d-9d55-5ea5cbdb8164","volume","2018-09-21"
"3f5fbf53-e711-4067-80ab-ae776264611a","volume","2017-10-30"
"3cabcaab-9cb0-42f0-993c-d066f39ff9a5","volume","2020-07-20"
"f829aa9a-6063-4298-a143-0ffedd66a080","volume","2023-07-01"
"cc34d10d-ea72-497d-9643-2416486f6ffe","volume","2022-03-01"
"decd589b-15e5-484f-ae02-0044c9ca212c","volume","2023-01-01"
"a78c5db4-81ae-4d96-87ec-aa654baf19a7","volume","2024-01-01"
"de03dbe5-7414-400a-aa77-ad0dc744b359","volume","2023-11-01"
"8a7502b5-c9bc-4946-b99a-27dbf83a39cf","volume","2020-01-07"
"1435b9cd-b0ab-4799-9703-d7a005a78254","volume","2016-07-01"
"de6f2054-1aac-4be9-9038-22fda2cab63e","volume","2019-07-01"
"6a00cc48-09ba-4315-a9a5-54b92fb9cc39","volume","2017-01-10"
"b8159ba5-3a60-455e-9a67-006df960edcf","volume","2017-09-12"
"8e96f657-1d8d-4b6f-a17f-5fa227f57a34","volume","2019-10-23"
"763af622-e85b-43cd-83f3-327484cbc658","volume","2019-10-16"
"6575dfaf-b22e-436d-b8fc-a5e7318034f8","volume","2019-07-27"
"d53e0ff4-1425-4e4a-8b5f-3889d302224f","volume","2019-11-21"
"5d197cc6-1c22-4965-a9bb-457d357cd030","volume","2020-03-17"
"5aaaee26-5c5f-4e55-b98d-63f7eb0edb40","volume","2019-09-13"
"a08b4a9a-f206-4f59-b1d4-59c01dbf8ed5","volume","2014-10-07"
"b51d072e-ead6-44f9-88c2-eede1f99786c","volume","2014-10-06"
"fd39c83f-9a20-4dd5-8410-364fc359be7d","volume","2022-11-10"
"b29a025d-d2fc-48df-9c9f-5b596bf72d25","volume","2024-01-01"
"015e297a-3511-402d-a135-ac53cc4feefb","volume","2022-04-03"
"b895016f-6224-4f26-bed5-3744c2b4ff6b","volume","2020-09-03"
"c0d33d2f-dc14-45b1-872b-b54e44e66dc0","volume","2020-06-01"
"3f3bd3ff-a9d6-42cc-b52c-1fc322ab2e3f","volume","2021-08-25"
"b53d74bd-f138-4eda-9620-47de840a4edb","volume","2023-07-01"
"0f09ff76-b853-4dfc-9155-c82aaf5aa9a9","volume","2022-03-30"
"067e35b9-9e6f-4fc5-8f16-6505ad88aa85","volume","2021-05-13"
"9c7a5ad9-ad9a-4cf0-bc78-ea5910a0317f","volume","2023-06-08"
"af3a9749-2fc1-4d9e-a12a-2971e636bb66","volume","2021-07-01"
"8efa2e67-69d2-4360-be95-5f46b581d24d","volume","2019-01-22"
"3c648fd4-0922-40c4-99b3-f2f6c2bab3a7","volume","2020-07-01"
"04fd8efd-c71f-4360-8c8a-634057d34ee0","volume","2018-04-04"
"b272985f-f536-4cb0-a880-0be56693d666","volume","2017-01-11"
"46d24c11-b6de-4467-be74-7b973f524adc","volume","2019-01-01"
"77277f12-00fa-4e1b-87a1-130b19ee0428","volume","2024-03-01"
"eff429d0-6e8a-4f36-bd25-aeb47e455360","volume","2021-11-01"
"7f913009-7c61-47bb-b309-8481d0dd5ce9","volume","2019-05-01"
"798a1fa3-2b01-4032-b6b1-97724fb1e6b3","volume","2020-04-06"
"087dec2b-ce09-4664-93ab-07b30d58d875","volume","2024-03-01"
"3220fa7e-7a36-4fe6-b008-fa8ba57fa36c","volume","2023-10-01"
"34168eb3-aac9-44f4-a942-2da1517b6d1c","volume","2023-06-01"
"5c459e3a-e723-4268-8592-0bc973328b18","volume","2020-06-19"
"e06fbc0b-9f82-47df-b20c-a7319501bd52","volume","2019-01-01"
"ca71456a-8717-469e-be03-8f78f9afdd75","volume","2023-02-01"
"849299b3-e5eb-4cce-b778-df9658ba8dca","volume","2021-07-01"
"19b4dd45-187f-4c43-b323-fd0c197f6bbd","volume","2024-04-01"
"80b47bcf-2a63-4288-8e75-d88a73b52158","volume","2024-01-01"
"b696b49b-f199-4377-962d-6495feb6a0db","volume","2023-04-01"
"cdbea156-c3af-435f-aeea-4d3f09a08810","volume","2022-03-01"
"a863c260-6b78-4a45-a9f9-68a2ceb266de","volume","2023-09-01"
"81f2747c-7364-4fb2-b81a-6d2cef22f919","volume","2023-12-20"
"78bac030-0726-419a-ab2b-dd0345cdd8f5","volume","2023-08-04"
"6bc6db18-81e8-4277-9e40-4396d3b1c2b8","volume","2024-02-01"
"82d3fe6b-7c8f-4652-9b9f-38b52b2775c7","volume","2021-12-01"
"8bbc4afe-a764-4190-a858-a3bd7aa087da","volume","2024-01-01"
"7fc462d2-36db-4250-817d-5ce44f72b795","volume","2023-11-13"
"4db73700-6470-4e7b-9c13-84a1e3d93712","volume","2023-09-12"
"e3e3822a-f9c0-49df-9f7c-0e393deb4fff","volume","2023-07-24"
"59b9613c-ffc2-423f-8997-073e1e386f72","volume","2023-05-19"
"572a0679-a8ac-489c-93a4-c83603f0745d","volume","2023-04-21"
"ee57e5a3-72be-4c7b-b588-da2e1fb4dcb8","volume","2023-04-14"
"3a563231-588c-4295-b685-7531fc52a524","volume","2022-01-01"
"1d9ae7c9-5b2a-4eb4-bea8-6ce9012955d1","volume","2023-12-22"
"f9c28cf8-fb4e-4017-9c54-0dc0387e7545","volume","2024-03-10"
"1abb30f4-21a1-4aac-8ea0-b86e580638c1","volume","2023-10-01"
"cd5367cf-fc14-488a-bcc0-1ba1274cbd3d","volume","2021-11-01"
"1ff87c91-bb8d-47fb-b905-cde024c4d82b","volume","2021-04-13"
"2ba0936a-801c-4f35-a083-7863088e2f40","volume","2021-04-23"
"3b944eb5-5515-458d-8f72-92fcd6f98634","volume","2020-08-14"
"a3ebdae5-df34-4f1e-b9a9-ddf3764e7454","volume","2020-02-01"
"01007e96-9662-41c3-a0c7-13032ed23c8d","volume","2023-12-01"
"63d3d8a5-d07a-4abc-b854-acf812b1d4fa","volume","2019-05-01"
"b13fa0bf-7f00-40eb-9381-a8f64fb10fe0","volume","2021-06-23"
"b07145e9-6427-4bd2-8525-d9ed356e1994","volume","2016-11-01"
"df0b954e-fce1-425d-b545-62aa101fd023","volume","2024-01-01"
"c54c99ed-2014-485a-a74e-dc7b317a10f6","volume","2022-08-01"
"44856838-d0eb-4260-96ee-5349ffbe4e00","volume","2023-09-01"
"f739b59d-6a4e-4598-9e4a-56b86e45ee04","volume","2022-07-01"
"cf308f70-3cf6-4996-b42a-e05abf8eb9ac","volume","2021-12-01"
"261bc8e0-ef1d-48fb-9ba3-d0fce3f2afdf","volume","2023-03-01"
"3e292826-fa24-4c81-8621-e7f93b302b7a","volume","2022-10-01"
"2eee5860-3ac2-4cc8-a76b-8edaff37d3fe","volume","2023-12-01"
"0fa42b36-b827-42b0-8e2f-36cd09d7ac45","volume","2023-05-01"
"07426dbb-aeb9-4b6f-8fa0-cf522840edc8","volume","2023-04-01"
"8e01c8c9-f0ad-4785-9b7a-b69e816b9d5d","volume","2022-04-01"
"058385e8-4b2c-4a24-bd85-3e183771247c","volume","2021-09-01"
"2d5cc577-53cb-416a-a9f3-09e0b54e9a28","volume","2023-07-01"
"68a24984-b5bb-43a0-a8fb-297f7f8c5c8e","volume","2022-02-01"
"97b0313e-e4e7-4c0c-a713-65e89c421dd4","volume","2024-02-01"
"ccc7c01b-a3e2-4f5d-b3c4-857326e230d1","volume","2019-10-01"
"f6c7e8c7-04ca-497d-b06d-f4469ab81388","volume","2019-05-27"
"f6b75fd7-1c56-41e7-b836-93ac3c2cef37","volume","2021-03-14"
"36484f94-5c44-4ba1-9838-31afcd9c319f","volume","2018-06-01"
"3b0c6e9b-9185-4239-a127-a7fa1d761530","volume","2023-01-01"
"b729b7e1-9baf-4e5d-83b6-e99dfedf2e7a","volume","2018-07-01"
"ede2b7bd-2783-49c3-9796-5f2ec31c9e9d","volume","2021-11-01"
"3515f0e5-adca-47d0-8ab1-1d15217216d1","volume","2018-08-01"
"767be467-e390-4ff9-b005-675e1bb43c35","volume","2018-10-01"
"e96772bb-6c4b-4819-b41c-2e94a13bcd2f","volume","2024-02-20"
"64cc2845-0763-4336-bd7f-ece605d6bb63","volume","2022-04-14"
"7a3fa0e6-fa13-4264-ac0f-56ad83d3affc","volume","2021-10-03"
"f690bc2a-92c1-4b97-980b-b42765e3d9f0","volume","2022-03-03"
"cf73a256-b10c-437b-a8a9-53d7d8092b53","volume","2024-01-27"
"ff8d342e-82e9-4bd6-be2c-3298f5dbde21","volume","2019-06-05"
"d7ae7099-090a-41e0-8ec7-4808aa60b620","volume","2023-03-01"
"01d896a1-ac66-4888-8bab-5b5042580b4c","volume","2021-04-01"
"cc60abcc-1e90-4c98-ae8b-dd7adc627896","volume","2020-10-01"
"6e976db3-a3bf-4527-a534-3e793119a8b1","volume","2022-07-25"
"80fdeed3-ddc3-453d-9888-bcce4cf5dfc4","volume","2023-08-01"
"75786c3f-5ee1-4a7a-9451-deaa03f95b29","volume","2021-04-24"
"67f8a9a4-50cb-4483-9f1e-3d4b30234359","volume","2018-09-20"
"d94b57f7-03d4-4ac5-a6f2-6a3e967a5fe7","volume","2022-10-03"
"78d443f3-45fb-4882-882f-95356cf5cfbe","volume","2022-05-02"
"6f5999fe-8e23-48c2-a363-5953e4457cb9","volume","2024-02-10"
"a0d996df-f1fc-41d9-9dec-430e4100cc90","volume","2023-07-14"
"c4db9ed2-0287-4828-9b3e-7dc5c7546b05","volume","2023-11-21"
"15d4f1d1-b299-43fb-9259-16f1c3a9a588","volume","2023-10-10"
"42c1cdd1-87a0-4abc-be65-4e54424f90c9","volume","2023-10-31"
"45d229db-121a-4595-b2a3-923d7d61a5ad","volume","2022-09-07"
"a76f882f-1e7a-457f-892b-ad8e5e68d0e4","volume","2021-06-16"
"3c8fa604-d862-41dd-b9e0-757fdff4cfae","volume","2023-06-29"
"3baf78d8-5a55-4848-aea9-e777061adecc","volume","2023-04-12"
"5a3caddd-71d3-4594-abff-92e078a055df","volume","2023-01-07"
"875b0ea9-3e9c-4323-be57-39cd0d80c61f","volume","2022-08-31"
"30249107-ea88-4ae2-8ad3-1c4a7226f198","volume","2023-10-31"
"27b4649b-55e8-49f2-a5e9-eba94bf6916c","volume","2022-07-01"
"9ab21bae-7107-4b34-aded-f9dc80065277","volume","2023-09-01"
"64600423-5d92-454d-adda-afe68a8f41c1","volume","2022-05-09"
"72ac00a6-4349-4fba-bcc6-325bfc2b65d5","volume","2021-08-21"
"f183ec3d-7e90-4a76-8fab-5afdbe84139f","volume","2023-04-13"
"fa84b60e-b6ea-47de-a1b3-422f59dbb3cd","volume","2023-11-20"
"d3b3364a-4e5a-47da-9274-8e777f459f9f","volume","2023-10-01"
"d7a780d0-1a32-43a5-8ee5-83431d9ad045","volume","2022-10-01"
"2629d641-e16b-495b-aab5-5c436f476d23","volume","2023-12-01"
"ac459d55-e5a0-473e-88b3-3d84ae9837d6","volume","2020-06-01"
"a7a51554-bbac-4395-8d79-528bc756aba4","volume","2019-01-11"
"b6d83ec4-42c6-439a-9a98-f8d43755d93e","volume","2021-06-01"
"19ac2b39-5311-4a50-8dab-5984a99f1428","volume","2023-08-18"
"2ceb9d59-b4b2-42f7-a23e-609dea155e06","volume","2023-04-29"
"63347b1e-db2e-4c33-ae1b-411ae6e7931b","volume","2023-02-20"
"3f5471be-f4e3-4bde-aa3c-632dd9072b2f","volume","2024-02-17"
"73bb912e-36b9-407f-bd17-4f6939b5a36c","volume","2022-12-20"
"7ccc56e3-6503-4bf6-b3bf-b0fde9a011b7","volume","2022-10-01"
"7228983f-eb42-4eca-9ebb-0d94090d19d0","volume","2023-08-01"
"b4a0f98a-5500-4849-a12c-51b8fa9411fc","volume","2023-01-01"
"6d48f25c-5488-4b40-8aa0-dbd0f29c986a","volume","2022-08-01"
"4353cc32-6a89-47e6-ba8a-cf9b5927c0c2","volume","2018-06-01"
"e545c4d2-ad8d-462d-8efc-362088a952aa","volume","2019-12-01"
"7d9450f8-d70d-4e10-996a-4e9ec3f644e9","volume","2024-04-01"
"b4188335-c09d-4f3a-a79f-3b1436c2849f","volume","2022-12-01"
"ac6e0131-5027-4ae4-a54e-68c3fc0f6d54","volume","2024-02-01"
"47309eec-05f6-41ab-a798-02f92cf90c0d","volume","2022-08-17"
"1f76dc58-fce4-4f24-996f-475084b23f4c","volume","2022-07-28"
"16774aab-33aa-4511-a9a0-abe5d53ae461","volume","2022-01-27"
"4b7bd365-9bab-4947-ab8e-ac770b980240","volume","2023-10-01"
"7b1b9136-4007-427d-a793-ec261f29118a","volume","2023-04-01"
"2afc24cf-8586-451f-9347-a21dd3b41020","volume","2022-04-01"
"7517781c-31c3-40bf-b949-2b6058fb36c5","volume","2023-01-01"
"ab1873ea-21ea-45da-838a-bb41587bf855","volume","2023-01-01"
"9ac7427d-bdaa-4368-802f-39f02bb50c95","volume","2022-08-01"
"90265470-2321-4392-a6f0-a570c1213c82","volume","2022-04-01"
"ea86789e-5747-4a3d-9b52-161b8cdd25e0","volume","2022-10-01"
"721ffd5c-41b5-42ed-a99f-570899425c11","volume","2020-04-01"
"a9f2bdc2-fdcf-4fd3-9d2f-7b093c5d499b","volume","2022-12-01"
"4e45bf4e-55d8-4cbe-a3f4-653e1735f229","volume","2022-09-02"
"72086db2-b0e4-4c4b-8810-8e628cfa361a","volume","2022-07-01"
"aa20f063-26ad-47e0-814c-290a2ce6c165","volume","2022-06-01"
"ce8357c0-5479-40e5-9e8d-fd8063705df5","volume","2022-06-01"
"4160dfb8-4f6a-4161-aadc-1133adca99f7","volume","2022-03-18"
"1b2dec92-7b6a-4881-b4d9-3d8c6e7b208f","volume","2022-02-01"
"fb868803-741c-46e7-bf1f-bb7ad7b8ed0d","volume","2021-11-17"
"a94cbaee-16dd-4742-8356-b9983ecfefb8","volume","2022-12-27"
"b958080a-e69a-4803-852f-d50fa29da4fc","volume","2023-07-11"
"9ff76415-039c-4036-bc07-9037e5cd350a","volume","2022-08-29"
"cc36c5f0-769c-4442-832f-cb7f5e3dc8a2","volume","2023-09-30"
"2810043b-301a-4d64-84aa-df0b9b64cbe1","volume","2023-05-01"
"e467da02-f6ab-4d1f-905a-a27f779a60fb","volume","2022-09-22"
"d878ab07-abcd-4477-bded-271aeee7032a","volume","2021-11-29"
"e5e0f7fd-b717-4b84-bd14-fc85c47170f9","volume","2022-02-01"
"1cd3fce6-38f3-4a81-983d-5cc46158a3d8","volume","2024-05-01"
"0c00d47a-fc0a-41f0-b65e-308be1b77dbb","volume","2023-07-22"
"b5a9df69-5b82-4388-933e-af778c99c936","volume","2023-01-12"
"4a9bdb55-bfb9-40df-b6eb-d9cc8ed986ed","volume","2023-02-01"
"42c0c694-4305-43ca-bc1a-6a8151bb12fa","volume","2021-01-28"
"b414c884-2531-4e89-bc45-bb678d04369d","volume","2018-07-09"
"49cd1c2d-0e9a-4fa1-a418-431fb410c853","volume","2023-05-01"
"cb37f198-128b-46ed-9702-2b4aa0ed866a","volume","2023-09-01"
"3f5b58e2-3ea9-464b-b7c5-d34e32926198","volume","2022-10-01"
"7e71a4ea-c7fc-40c0-a9ca-1f553a03a644","volume","2023-04-01"
"ed4d53ec-db6d-458e-a623-6213be500600","volume","2022-01-07"
"55fca94a-6b2d-490f-9f99-607c3ecc4315","volume","2018-06-14"
"24abde50-b45f-46b4-a874-9370592f724b","volume","2020-11-09"
"577121ff-49c9-4d2d-898d-796c19a64c54","volume","2021-08-05"
"b8569cff-5301-41d6-9724-5a22046e1f60","volume","2021-08-24"
"974a45b1-e803-421f-82c1-7030210c11cb","volume","2021-04-01"
"cfcdebc3-c38e-4200-847f-ac1bf5a4b14f","volume","2022-09-01"
"2549707e-26ab-4e28-858f-9d85bbf462a1","volume","2021-06-01"
"0672a8f7-c422-4ce5-9051-2c3f96d29dde","volume","2022-06-16"
"4ef96041-3f0c-4ee4-9496-1d9d1c4afd55","volume","2022-03-08"
"d9ccc095-0dfe-455e-8058-5c97fc267dd8","volume","2021-10-05"
"55a9d950-edd0-4fb4-bbcd-f86aea833191","volume","2018-07-10"
"7f17ebd2-9356-49d8-8bb0-d895917b8de3","volume","2023-04-15"
"91d6ecf2-4a8b-4323-9f91-7b7f6f675fb2","volume","2018-11-19"
"d6aa7ddf-bdfc-4b3f-862f-10eed1e689e1","volume","2018-09-10"
"42d80cc7-430f-4b8c-aa5b-128d71e8b0bd","volume","2023-02-01"
"d346ae22-c333-4196-a8cb-68c506cf2c8e","volume","2023-01-31"
"6218dfa9-8a14-444c-9ccd-56a946f377de","volume","2019-04-25"
"f4e4ee3b-7855-47b3-a84f-c824c631535b","volume","2023-07-01"
"3468bbb9-932e-43c7-ac9e-d2af12c39e6d","volume","2022-03-01"
"602124b9-ed8a-4451-b9b8-4c6a0690fddf","volume","2022-04-12"
"35ca8335-5b97-4a50-af22-5a1945c8c15a","volume","2022-05-18"
"5139d52e-a9b8-450b-8ddd-a0720925b604","volume","2021-12-15"
"2b6299df-10ef-4ab2-956b-94f654571237","volume","2021-11-01"
"71679796-3afd-4c2e-b33e-8e9237bbd7e7","volume","2023-02-11"
"ea6fd501-154b-44aa-a2d7-2d2014f034b5","volume","2022-06-01"
"7c003a73-8754-4508-a2ed-e73ea5af6e03","volume","2021-12-01"
"e8cdf80b-013d-45c7-8b22-82c14da27232","volume","2021-11-09"
"02fd3304-1803-4ebb-8bd2-31e6fb3ad98e","volume","2023-08-14"
"41eda14a-de3b-42a9-852e-167a09a4effc","volume","2020-07-13"
"cc21225b-187c-4baa-a70a-d71e40d0df29","volume","2022-01-16"
"09a09a69-f01a-43d9-8cce-9b1c517183e5","volume","2019-06-12"
"457d810e-89c6-4983-88d9-f3a798d4a14b","volume","2022-07-29"
"dd2d20e7-104b-4e15-934c-862762c68880","volume","2021-06-04"
"7ba8df9e-2156-4e57-9026-549ba9e31b47","volume","2024-01-04"
"9a9a8c05-4267-4a95-8c6c-d514a0ef5cb7","volume","2021-12-16"
"18a0f040-7ac7-4dce-ace2-200ad26e3e48","volume","2020-11-01"
"f0871b39-6cec-4b62-b9a5-3b287374bb47","volume","2019-03-01"
"1859072b-8c90-4a3b-b2f6-3b14ab87f417","volume","2020-10-11"
"dd07544d-34d3-4a77-8e54-b63e37adb309","volume","2020-08-01"
"10f543e8-651e-4cfa-9eef-5199fe96d51f","volume","2023-12-01"
"efe35b47-252a-4db1-98f7-18efbd2b8b46","volume","2022-05-01"
"cb5a45bd-1e3a-4a6a-bb4d-5c7b5365e4bf","volume","2016-06-20"
"a37fbaeb-6d1e-4fb0-8855-f5e9a70a5445","volume","2019-06-01"
"9f8b2ee5-3d8a-4e9a-813b-4877a76e59c3","volume","2023-07-01"
"7944a1b2-52d7-4d51-9083-12f1fc1f0444","volume","2021-11-01"
"34b586e4-aaa0-484a-80aa-9bae0b14ada1","volume","2020-01-02"
"99172889-30b7-4326-be6b-ed3ec09df75d","volume","2023-04-01"
"339f0d06-caae-43f9-9485-2d6a3cea53f9","volume","2019-07-15"
"bd12ee1f-3379-4ebd-9ade-d39c2dbf2de0","volume","2020-09-01"
"ace77b4a-0dec-4789-a9b3-807977572b2c","volume","2020-02-01"
"4ddf5595-e371-4a57-b5c0-6706a2e9c833","volume","2019-10-01"
"1eb99879-d7af-481e-9bc6-37612997d69e","volume","2021-01-01"
"17e87906-d5e0-472d-8cb4-493b4cbd35fd","volume","2021-05-25"
"aa2da503-9d97-4fed-a72c-700cab6dd81e","volume","2020-05-19"
"de0489a1-2990-4037-aec3-b4d80ec41c9b","volume","2018-11-01"
"99a87328-a2fa-4d80-99ec-f3f8ccff8872","volume","2023-08-01"
"b71e6e58-9d63-484c-b18f-1502e61a8af0","volume","2019-11-01"
"2fe05469-0a69-4fd0-a512-f82f56e203e4","volume","2020-07-02"
"2d216366-3b4e-4b6b-9546-4c11df614e00","volume","2019-06-01"
"a9c17815-8203-4201-952f-ff4e0fd3732f","volume","2018-06-11"
"387399e7-21b6-4bdb-b02f-92620ac25dfc","volume","2022-10-01"
"25bb5883-2ad7-416d-bb66-0763f8a86709","volume","2022-12-01"
"1457394a-c886-4a70-af91-6183c8921c13","volume","2019-11-04"
"c8ecfe5b-79d6-4c00-ab78-5ee3576ebe1b","volume","2020-10-02"
"0743f78e-8858-41ee-9c6e-858c20305d0b","volume","2023-09-01"
"4bbfce48-1863-4aab-b97e-d156e297c71d","volume","2022-06-01"
"33ddc97d-8a2b-4e3a-bb4a-a300e0905256","volume","2023-10-01"
"03547cfd-1a6f-4132-91d4-3d494a8c4676","volume","2022-04-01"
"8e66a109-3742-4edb-bdd2-17a0f3760fdd","volume","2021-02-16"
"f86b55b0-0721-457f-bd70-1b7f1b64581b","volume","2018-08-01"
"518ba731-7b3d-4f18-b58d-5c02e0944968","volume","2019-06-17"
"71f7468e-8a16-4c0a-98b7-755ea0515ff0","volume","2023-09-26"
"386d4d86-4969-4a8c-b862-ba53414f584e","volume","2019-04-01"
"7628e3c8-7585-4c29-9be4-b0783379f71a","volume","2024-01-01"
"d9c6b292-15ba-4f56-bc8b-c65eca2f8234","volume","2017-11-29"
"48845f17-6c4f-4017-add6-5b658d582495","volume","2020-07-05"
"67cf82ab-91b8-4837-a234-7d89b085a7cf","volume","2022-04-25"
"07db085a-fea9-4096-ad7e-86decb67ef9b","volume","2022-02-01"
"fcc5021b-5b59-48eb-9773-68ea541c5c5e","volume","2023-03-01"
"7f33e5eb-73bf-4353-82b3-f6336c69f49d","volume","2021-04-08"
"5c637758-910f-4dc1-a867-3bbcb9104560","volume","2019-08-01"
"505ace95-47ec-45be-945d-78442cbe003a","volume","2019-10-15"
"db9f1f20-0458-43da-ada1-507680e764d3","volume","2021-06-01"
"760422a4-f2bd-410f-a0cf-4555c4c844f4","volume","2022-06-26"
"cd1f6cad-dd80-4d43-894c-8a3467d55047","volume","2021-10-04"
"954b4c83-bc8c-44ad-bf0f-c1182561ca28","volume","2019-08-27"
"e2c3b0c2-eaa8-40bd-b7a8-9bc8b1429bae","volume","2018-07-02"
"3d471994-eb99-4d4d-9a7a-2f2a2f8e61f6","volume","2023-08-03"
"20654942-8378-460e-a46e-acf6acdcd040","volume","2020-08-25"
"7cc734cf-7d27-46dd-97a2-bd3eab96fed2","volume","2021-06-15"
"8d217240-450a-46aa-bed6-8a767041dc8d","volume","2020-03-01"
"efcadfe0-335c-4c2c-b8cd-707954df0118","volume","2019-08-08"
"0b9c2c2a-0678-44ab-8a92-954283025bb2","volume","2019-06-04"
"90842d08-005a-4fb7-9953-d7f34ba22383","volume","2019-07-01"
"82f5beb6-1374-4ce7-8f97-adc4adad4010","volume","2019-03-01"
"c0a4c32f-52be-4ed3-9f6a-fb61cec538b7","volume","2019-02-01"
"1d77dadf-e11b-4213-ba04-0bf7369ebc32","volume","2018-10-01"
"a1f2ccc6-ba1a-4420-9171-27667499d09a","volume","2018-10-01"
"9f2f29cf-d858-48e7-ae7d-48f3abeae928","volume","2024-02-01"
"034d9a4f-952a-4731-9623-e2710896d8e7","volume","2023-05-16"
"85f3ff90-f1dd-4b4a-9206-228a84b239f3","volume","2022-11-03"
"9f03a525-90be-4dfc-a936-92382fd544aa","volume","2021-01-20"
"c19016f6-2ef0-4139-a1e4-7b1a4ed9cf03","volume","2020-01-23"
"2f5dd3d0-e85e-452c-ac84-95c224455001","volume","2019-11-01"
"416481d3-689f-47c0-a1f0-e4984d55cb0f","volume","2019-09-01"
"031615d7-1195-4872-8d65-9e8c7ca678fb","volume","2023-09-01"
"1364aa06-4fda-430d-868a-4f25f0cd2617","volume","2019-08-01"
"9388175e-01e4-43d1-bf29-6a28087df001","volume","2022-10-25"
"232312d0-d1d5-48d0-8f3d-bd98b1845411","volume","2021-01-18"
"f44e7039-109e-457c-a3c9-b3f4621a9b6b","volume","2020-01-01"
"1fa2adcc-95c8-407c-bcdd-2a1f79343252","volume","2019-02-20"
"19f2b180-fd0d-4091-94f0-bf981d2ccf1a","volume","2017-01-19"
"2250caac-b80f-4c91-9f3a-c22057c5911e","volume","2020-05-20"
"4964269a-3d6b-4af7-bc76-f23d75b7cc15","volume","2024-03-11"
"060cf14b-b6ed-4a42-9ba6-bd52c28dfd1e","volume","2021-08-30"
"d098c8a9-8dbc-4b2c-b1ef-3ede7662f0c4","volume","2023-05-02"
"ee5b8906-39e7-4f74-b88b-c1a0eb5592db","volume","2024-04-01"
"0cca829c-6c46-4f84-bf4d-f42e893f3311","volume","2020-08-01"
"c38bdbc0-4d0f-44c1-abd7-e4a5d1a4a87b","volume","2019-06-30"
"a1a8b4a4-ec1c-4bbe-8cda-352d4c195dcd","volume","2021-06-01"
"c32bca42-cc4b-4965-b675-62a243b527ea","volume","2020-01-01"
"a1ef3120-96f0-4f2d-9732-98615a531f1e","volume","2023-04-01"
"1174b2c1-b40f-4a78-adec-008421b40202","volume","2017-11-04"
"51a4b7ac-0126-4a14-a5f9-d1e3382dcc24","volume","2021-03-05"
"0f380e27-dcc4-4272-97aa-8057b33d0d7d","volume","2020-08-01"
"a37697f6-2d33-40c7-9f79-7e64a4aa3d3b","volume","2018-06-26"
"d9ad2af0-e6da-4aad-9772-29d14f5d0e74","volume","2019-02-01"
"45f87e73-e4ce-4d93-9a20-a3d96c855a36","volume","2018-07-14"
"ebd9824f-824f-42c0-af1d-c30510bea629","volume","2015-11-10"
"0765582d-1740-454a-9055-d8f38f152497","volume","2020-08-07"
"08be6bb5-d7fc-4820-9a89-d6b9befadc09","volume","2020-03-10"
"6c5f5f7d-7df2-4181-bc94-cccce3bfb4f1","volume","2019-08-14"
"c72a5498-dce1-4a3e-9f76-42f24fb2a9a6","volume","2018-11-08"
"59dfe782-18c1-4b3a-865b-902390cce669","volume","2021-05-31"
"bb80cf38-16d6-4739-8459-ae3614c245ca","volume","2021-05-31"
"c6203c16-2158-4a22-8090-66e741c7e255","volume","2019-09-05"
"49f9e34b-0b20-4420-8e37-bd44d5197e8d","volume","2021-01-01"
"f7ea41d9-fe2c-4cac-b8c4-dd69408ddb8a","volume","2024-05-01"
"f3603e4b-080d-4b96-981b-fb13b5f721f5","volume","2023-12-01"
"a1a9a3ca-0eca-4214-8c6f-3183a27ca3a0","volume","2023-04-01"
"01f2ab33-5004-4187-a01b-61cebf072350","volume","2023-02-01"
"65c8a771-aec0-4529-bc80-6ed7b17eb368","volume","2020-07-24"
"2a291039-498d-4431-ab04-ec01871262c2","volume","2023-11-01"
"9b998d93-9807-4668-bc64-59268df7a884","volume","2021-12-01"
"128f9d6f-ba73-41dd-be20-26837be86c28","volume","2023-05-23"
"d6951e3f-6e71-4435-b596-2f7527f8f98c","volume","2021-03-31"
"b11a1875-65ba-48da-8e1f-b881bae2093a","volume","2019-06-30"
"4533449e-cf84-4dc2-8413-889b3ff21dcc","volume","2023-06-04"
"e1466961-c080-4647-b16a-eda3656cb55e","volume","2022-07-01"
