"10210288-da36-438e-8284-d6ace6d87e97","766713d7de8c74284d918720e7506012225d1294"
"1a5f837f-b305-4c19-bf8c-92d860d644d3","0cd74622782fa5dac26b7d586db6975b0e5b9c59"
"95b50369-d4b0-4c24-84b6-85ff0f67ca94","e89cf7cd684cd48b4936f365b27bc42e298a6402"
"17ade833-4f37-4a5b-8906-8f113060a578","71c0294634c9f08a8f001385adb91680fffbea6e"
"6b50127b-2900-47a9-924c-1c6239872a67","08615168324f348e2da5bd9330c4b02403ce5d30"
"2f167b82-b6e4-4fe9-a13a-39f3de78a3eb","61391e598a7564db92902d57049e11fd99c932f6"
"76e357be-cffb-4900-9237-7f6a96d15139","efff44489ef27ab3d8a32344c239e7226f9ec47b"
"f66232dc-4fcd-40a7-8703-a8fadaba3d3f","8571304acbc855c841c05cb9a2c1f3e0f880a813"
"9d4bc406-3a74-4a9b-bf28-8582ef808bbc","7029b46648194c64b6270a9f78ca7c9f91fe24e0"
"c8cc9baa-d3ea-49a4-8d70-cd21f1fea5a0","ee7703e724574af87850f913364ff8aa4c3e902c"
"c8cc9baa-d3ea-49a4-8d70-cd21f1fea5a0","ee7703e724574af87850f913364ff8aa4c3e902c"
"84364098-4d19-4894-b9c2-51c63c085526","477a711062f188c20b62a15cac16d40c7d27c19a"
"3858544b-9bda-4461-a27a-f7a6d2847145","6e816d95f12b4e04ede595684930cfd0cd90c4ea"
"23ceb82d-0978-4277-b3f7-28a71521c145","43f53345753218bc1c8265e3a568315c2afb647f"
"c34d271e-9536-47ed-bfca-43945f5438d3","2ac6a356e0772a3eb2ac30564b8574393f0c000e"
"50e6100a-25b8-4e78-beb8-e2bdc054ec41","e2d7be3f6c6b6520ed303d31c7bd361b7fc7134f"
"ddddce38-2489-4025-be55-e70b72009e9e","458f697cb7a4c1d84386d510b57071f95d3bf35b"
"6ae8c33c-2547-45bc-bb1c-d97266bdf9fa","03338e87eaa2a1dc45b18f664012c070d173dfce"
"68f9baa0-adf3-45a7-82a2-d351cc769447","aaacea38cc04da7753a7b78da44cb1415a3c739a"
"02e43da6-02c2-49f9-981d-e0e9bbd72272","f180a3aa0cde9ab57ea62cf4a6a227c6ddff72f5"
"60e3d101-3ba3-4fd3-9ebf-f8de0a33afb8","08671d2362e5a0b270e43bad6716136b3b84fbcf"
"c8dde020-46ee-4bc5-8543-5aa44311a684","8b43d322c3d9918d7575850e1d294f6eb61cb908"
"c8dde020-46ee-4bc5-8543-5aa44311a684","8b43d322c3d9918d7575850e1d294f6eb61cb908"
"d6af0dc5-4107-4ca4-b64c-eed8a5ded0ca","1294a8f94268608fc7f88f10a796b9f891fcafd9"
"a45c72bd-9a4c-458a-bf25-44923ab7b1cd","898b268cc889d3421e798e16f88d5651bdb7395d"
"94c4b5e7-54a6-4cc7-8867-afe221fc39d2","54d45bcbdda602454392956723936b97763c00eb"
"3502c6d9-445c-4e70-ba0e-b648c8fc8269","6c4ed6acc7e7423304c3476a7f6ba8821807ccb0"
"cdd5001b-c1ba-478e-b2a7-038cedcd8885","3e186c4b46dcd24d3946b3131d1b12894a1d7a29"
"f291d6d8-5f64-423d-96d6-b61a1542a1e4","1a53c4a99a0f9b871c69510547fc684a21ff5ba3"
"34ec7f2f-fb1c-4336-af24-c6acc458b6ef","af20635d7e8a80d8ec4e3411b5854b5b70d6df35"
"474ba646-b598-4275-a410-f2ea024bd754","e4106d2d8b7ec2eb3941a89789ae4efaecaeef1f"
"d36e81a6-755b-4c8e-a69c-a93e1321d60f","fda511ba949443cfaf8aa487cd27dab23a2095cb"
"59813d2a-d0f3-49f7-a728-d9343864617a","ffe3decf1a4f017bdaf1aa5edc648195207959a5"
"ea56c355-7ce2-48a5-a9fe-6ea5a4fc4b94","2dfaa401d0dbeef9028f381075da882bb985db0d"
"6500028b-ce9e-45a0-b349-34d9cfc7c387","4ea9a145415a4aa3035504b0379f6a3edeef2284"
"6fe0a1bb-6e8b-4584-8d60-8e98a8e06375","430feb94ab5f4d12c3e09ce261c97dccfd164ce6"
"df18ecd2-2910-4c69-aae4-d111ac9207e3","0e19f2090639eee83955f6d101f11e38dfb936a9"
"dcd4ed0a-b849-4e94-93d3-e70cea1eed07","0ccd0624e36d018b124f0785453a187005a6f833"
"8be7888a-ee1e-4c08-bd94-6798a779cf1c","19e96f45ce459638cec02cbf46dce550f0f3e0a6"
"d5be530e-9523-4f20-8a4a-cc400fa970d8","423f955ec302793c3edbeeabfcfe53e95a7e605d"
"ad2c967d-b784-4fda-bd12-b23927c26ba9","332a67a520a28f87e66c6abb2707dac5e1575cd3"
"e003f13a-193c-4b9a-8a7f-5a7584f4960b","8c152e1b08b5aefd8ae15181dee89c0d9ebd5314"
"da41eada-b5da-4949-9b67-ceca0da3f5e8","c1a5f471927f5411048502295a8599966f51c557"
"59123278-c27a-4793-b278-753af78754af","874deaa4dc1a44719525d97ae0f8c7cab559bcbd"
"c99d24f7-6b7b-4ab8-8443-4b4431627ba0","5200adae48236ad798ff57fa5c329314004abb24"
"33f2121e-7606-48af-8ad0-ad11d2970274","fa202e84928c17943fdc41e74f832da9faf4ee45"
"eb578930-3339-473c-ac63-5d4ab63558f9","11cca9e1ac1508a3403e99f48c040bf94ba3a757"
"c5964d23-4dfc-41c5-af1e-27e5642cd2e4","9e6ab7105429e744560cbd3d40eaccd26ae104cc"
"d8fc3fdd-aeaa-4d41-ab07-f3b72cafb8ce","8663273f6b273473a648694b03a8d0c3470ce795"
"15fa0006-61b5-40de-9936-e2d9e879b10c","52eedbd1323954fb486d40a0143ff7e8240b648e"
"f61bf92d-4885-4ea0-bedd-4ee4dc7a2c7c","f391669b9801ad0fe1b0e75a904ba45981cb8c44"
"1d0d6d0d-2fae-423c-94fb-801c15b99c9e","9439f3c85653e75545536be6da8d57801c56883c"
"1d0d6d0d-2fae-423c-94fb-801c15b99c9e","9439f3c85653e75545536be6da8d57801c56883c"
"3d39e95c-371f-4914-974a-8340d2814e61","b4a48ae90b1804c0eb8ddc1e623138b9d77975bd"
"011dd0aa-9f2a-4f13-a442-d795b29661de","1e85d031f014a23f6edcb1f446614f2c66785c5d"
"bfe1d4dc-a64b-48b4-82e2-7d2fba2485ba","0f057aba0e312a897fa5c99cc350be3a84f5601a"
"530a9fdc-7f6d-4318-863b-6bfbe6b3aea3","1e01610656f9f3f2fee9ac4a9023c3205d19c7bd"
"af96eefd-315d-41e5-83bc-2c8f5dc68dcc","3bc92086fbd2c9c3864fe8687066ab2af290714b"
"a0ffa19b-f5f6-4eb0-a611-0dcdf7d2bd80","745f302602ad63b611f22b9eb37a627496958da0"
"86bacf15-f334-4896-86c5-1c2d17a9b488","11d6b1fba2c3521d16e8514836bc28f22a0920e2"
"1f1165f4-e110-4b69-8d61-72f6b0ef8e6f","31caea155b93582b319f20e6ebecfb2fb0bdd1b1"
"98e90daa-1547-4761-b6d8-a13b0d08b208","d24b05d79ddcbb40f0f7801697394c04b65c8f42"
"78ac1448-a534-42f9-a551-5c7a73a3bb86","607b1339df8940639570a9eb2bd77ed6a8675597"
"baf8cf61-1ee3-471c-8bba-a85b5012c636","6803eb650504f01190e51b01faaf122f3ce390ec"
"3c6a2396-a7d8-4abc-a12f-75d33819159a","bffb2baaaab8649a25d247436a83f9da0a9075f0"
"a4fbb570-f273-42e4-8461-fa64a1a10fff","35bbf0b3d636c0f0f5f0577ffdfb22403c87e311"
"7a2a9dfa-8716-4c68-88fb-6bee1de93bba","ee0b826a447cae766f15be3ed2a79c4cd3038584"
"a1a3ecbe-b9db-40b7-bfd6-f1250bf5e642","5585fd7cfd7a442af4a8942a45caa847bbcbcc4f"
"5caa4878-2e92-48ed-a5c8-100cee40a39f","277a8fb42f24bee829de0c728082eea687291848"
"24303556-d217-4b41-acf5-61b00e634e40","eb99489b1fb649ec2a52e2650e805178f532f886"
"7f22ac29-5b2a-4146-bbba-cd7938ef7e21","3867cdd060349a070515a8a928c693a1704a7a23"
"2f2d32e2-5e3a-48c9-a402-d0319bf413fe","be0516f4b4106a93c6683e250e19977d7e6aab22"
"55f38993-2ca6-40ed-b606-f5089edef0e7","8e827869fc8ad68ec3788d0a5836c1b7417c9579"
"6d1f65b2-a7be-4176-a363-46c2ac52492a","b32f5daf10868475d96f2fb124c07604fc58270c"
"76183f69-80d6-4500-b8b5-a949e572e519","5693b59dcd842f67c2449bfb35906b094f7d1cf9"
"3f0cb162-1dd8-455c-9d3d-4ddd7a08d927","1bbde3bcc7ba2d520777cf8addc918fcc3c4cc8f"
"3f0cb162-1dd8-455c-9d3d-4ddd7a08d927","1b42fafb0c38e44ced35658176a3d4c104f2097b"
"65f8aa12-8bb8-44f8-9efd-39bed8f4302e","2cd924b7b359c3e71e8f5bfc836406ebe4e6e390"
"0e900355-109a-4d6d-b4f1-791cd9956da5","51edf55eb31a8080f1a08832f234a27fb102eb4a"
"19657ac3-f178-481a-a89b-11f68eba5e73","5d9c0db5d0d204ec48e78204d72478097d312b13"
"d78e5ce1-7cae-44b7-8b51-63acf086f6f4","725ce0b5abafc5398b01112a49c7ca84a7b0ae6e"
"a07a62c7-2c6b-487d-ae66-f1a89aa9633d","58d69604e7271b3bf0f5e38debaeca30b8913aa2"
"9cf841ec-70f1-4f13-a7d2-4d6b34303cdf","a8e033c2bf8b845c5a4e7b92e3f035753c9060ba"
"6c7deff7-0480-445a-b755-833d3a48dd2f","00900479615bf009a7ae8f8bb9256165b052d03b"
"ee748f26-1d7c-48d1-a12c-22108a033998","44f4c746d88e197729d861af9b2aae7037d0d921"
"7056d02d-694d-4943-978f-d7f20e6792c7","402f9caccd953dcc1a5c243b9e60461391a9b33d"
"11b68490-931b-4ff7-b6ac-c7c807a03407","35386308a053a7c806adab809ab3e599318ceb3c"
"8edcf2b8-b0df-4b2b-bb58-92e337fcc8b1","d66aad4c5f4b511782e0d1d84181c226af766ac1"
"d8afdadf-db01-4b8b-8e9c-5532d2eb900c","3aafb961ccae6cf5d6b82b5608af20d635b2a3e7"
"d8afdadf-db01-4b8b-8e9c-5532d2eb900c","3aafb961ccae6cf5d6b82b5608af20d635b2a3e7"
"102d4c9d-bbc0-46cd-94d5-092a45f464f0","7a2b043ea12bca9b887871e41fc68cab9255d1f5"
"102d4c9d-bbc0-46cd-94d5-092a45f464f0","7a2b043ea12bca9b887871e41fc68cab9255d1f5"
"8d28418b-b073-4856-b210-efc10215895a","b463c0438b414fb040e8729077f9f8b7ccf447c3"
"e3ff3405-52e6-4c1b-acc6-a0f518b59a1c","9603d881fa056c07894c670651423267e7a8aa85"
"5324990f-6390-4594-967d-3878dbe8dd50","2f6cb32042b61dbbab9af8368d4976a6da6c972b"
"b8456a29-1e02-4f8a-8937-2437a2965f6f","7e023024bd2145e4b06648611485f0f0aabd356f"
"ae344023-6400-405a-bc0e-ab78075f2076","69964e2fcd2f47780c2385cb5fd2ace60893a66c"
"45c43848-190e-491d-9db4-3dc4572c1e67","148ce54ff313b0fa081387f61cd98325f238a01f"
"55f66af6-ec9e-44de-b343-a997611b709d","75bb0d0b5a92b8a9dad6939e05d2ba94e4f8f691"
"55f66af6-ec9e-44de-b343-a997611b709d","75bb0d0b5a92b8a9dad6939e05d2ba94e4f8f691"
"de3032a4-e709-489b-9bdc-5fc18a476049","5efb2c61e7c4f3e3fcc1ff11acc81cae4048beaa"
"54cf1eb3-991f-414d-a378-0834da218c87","e373c5bab106e1c56210f52de4c209ffdd8a6012"
"7ea3eef3-1fe3-465b-b505-74800a2c7175","cda04390673fa159f7417cf32a0b38cfda886aee"
"825fadb0-8b40-40da-8342-78f0bdf52dce","f27aae39d9e88f4189e59cb1f19d294b760ccf61"
"bd52a368-f6ea-4617-bb5f-0a2d012d2350","838e500773e1557e41f6af06e92ba3ec1a601836"
"bd52a368-f6ea-4617-bb5f-0a2d012d2350","838e500773e1557e41f6af06e92ba3ec1a601836"
"d78fcf1a-23f9-46dd-99eb-82eb19750544","914f3552f393a1da91947a0de8874d869b02b0e8"
"fc9e7cac-657b-4df1-8ff1-ff2462679a9f","d49993e2549cf670805e84136e564f3e14d33ef1"
"91884829-723d-4a09-9fb0-36334270e507","274b893aba68d9bdba9467018c875508be5e189b"
"c466695c-bc7b-4d76-aa8c-b9a81672035c","a3b627d68d7e6ca0d008a02b822330839fe28ea1"
"b7e1fd17-d8d2-40f1-8161-4b869f2625a5","77ed6e8887a4e7eb112885b558084f39a94865d8"
"c6ea2cbc-eb41-4761-bd8d-e56fbd8ccb49","6d9273c2aa35f3f35881bfc0c33580587e910a82"
"7bdeabdf-982b-4662-824c-d45c33796690","32c65fbb976d4b97ce4d7d2089c9f8d7b41b951d"
"72c7bb50-dad3-45d6-813c-958ba424aa3f","40c13ab2eebae99d783d95d80552d4bf5e2da3eb"
"1e2060f8-3b7a-4cc3-97bf-e39789db0e63","731424ca91e492130e0a24ac6435fd792fa34988"
"3520b74a-0b8a-46db-8329-37b9543b226d","221fc7fdf36f2c78a33fc61f368e5e4adb2f8802"
"6ab8cc2a-8a21-414c-b587-2a1fd6f9f521","1a90f9392e7757273468f3539fc743ee6a880b9a"
"0a213567-9663-4a32-a275-9ff6ae6687e8","d0da540ec45d549c13c0e0d5fc9a67455f92897e"
"af049dd9-2af2-414a-aa10-d10c381b2b50","07926c0cbbb90891edafeffd872e65851fc1dad2"
"2d0787d4-06e2-4195-b452-bdced89f30bb","21ade8754425deb11bbdb4974bbbe69475d4f5da"
"4e806c65-83d4-4069-b1a1-9b70092c477f","381afc5bd6173b88a3f919dfb3497db69341d8f4"
"24841e92-3525-45cf-9876-6275f6f31981","d3c41de55c32c05fe19d4c8e0cfbe00c05c29b43"
"c1df88c7-6c4c-441a-9cef-33a876f4fbb6","30fccea09726240653eb9e76a648a29cffa5a2f1"
"acef2583-f903-4adb-8edc-e1e1c25462be","d36f367027aee18a30dfba5aaba1c6c651e9bf01"
